"site","pft"
1,"semiarid.grassland_HPDA"
2,"semiarid.grassland_HPDA"
3,"semiarid.grassland_HPDA"
4,"semiarid.grassland_HPDA"
5,"semiarid.grassland_HPDA"
6,"semiarid.grassland_HPDA"
7,"semiarid.grassland_HPDA"
8,"semiarid.grassland_HPDA"
9,"semiarid.grassland_HPDA"
10,"semiarid.grassland_HPDA"
11,"semiarid.grassland_HPDA"
12,"semiarid.grassland_HPDA"
13,"semiarid.grassland_HPDA"
14,"semiarid.grassland_HPDA"
15,"semiarid.grassland_HPDA"
16,"semiarid.grassland_HPDA"
17,"semiarid.grassland_HPDA"
18,"semiarid.grassland_HPDA"
19,"semiarid.grassland_HPDA"
20,"semiarid.grassland_HPDA"
21,"semiarid.grassland_HPDA"
22,"semiarid.grassland_HPDA"
23,"semiarid.grassland_HPDA"
24,"semiarid.grassland_HPDA"
25,"semiarid.grassland_HPDA"
26,"semiarid.grassland_HPDA"
27,"semiarid.grassland_HPDA"
28,"semiarid.grassland_HPDA"
29,"semiarid.grassland_HPDA"
30,"semiarid.grassland_HPDA"
31,"semiarid.grassland_HPDA"
32,"semiarid.grassland_HPDA"
33,"semiarid.grassland_HPDA"
34,"semiarid.grassland_HPDA"
35,"semiarid.grassland_HPDA"
36,"semiarid.grassland_HPDA"
37,"semiarid.grassland_HPDA"
38,"semiarid.grassland_HPDA"
39,"semiarid.grassland_HPDA"
40,"semiarid.grassland_HPDA"
41,"semiarid.grassland_HPDA"
42,"semiarid.grassland_HPDA"
43,"semiarid.grassland_HPDA"
44,"semiarid.grassland_HPDA"
45,"semiarid.grassland_HPDA"
46,"semiarid.grassland_HPDA"
47,"semiarid.grassland_HPDA"
48,"semiarid.grassland_HPDA"
49,"semiarid.grassland_HPDA"
50,"semiarid.grassland_HPDA"
51,"semiarid.grassland_HPDA"
52,"semiarid.grassland_HPDA"
53,"semiarid.grassland_HPDA"
54,"semiarid.grassland_HPDA"
55,"semiarid.grassland_HPDA"
56,"semiarid.grassland_HPDA"
57,"semiarid.grassland_HPDA"
58,"semiarid.grassland_HPDA"
59,"semiarid.grassland_HPDA"
60,"semiarid.grassland_HPDA"
61,"semiarid.grassland_HPDA"
62,"semiarid.grassland_HPDA"
63,"semiarid.grassland_HPDA"
64,"semiarid.grassland_HPDA"
65,"semiarid.grassland_HPDA"
66,"semiarid.grassland_HPDA"
67,"semiarid.grassland_HPDA"
68,"semiarid.grassland_HPDA"
69,"semiarid.grassland_HPDA"
70,"semiarid.grassland_HPDA"
71,"semiarid.grassland_HPDA"
72,"semiarid.grassland_HPDA"
73,"semiarid.grassland_HPDA"
74,"semiarid.grassland_HPDA"
75,"semiarid.grassland_HPDA"
76,"semiarid.grassland_HPDA"
77,"semiarid.grassland_HPDA"
78,"semiarid.grassland_HPDA"
79,"semiarid.grassland_HPDA"
80,"semiarid.grassland_HPDA"
81,"semiarid.grassland_HPDA"
82,"semiarid.grassland_HPDA"
83,"semiarid.grassland_HPDA"
84,"semiarid.grassland_HPDA"
85,"semiarid.grassland_HPDA"
86,"semiarid.grassland_HPDA"
87,"semiarid.grassland_HPDA"
88,"semiarid.grassland_HPDA"
89,"semiarid.grassland_HPDA"
90,"semiarid.grassland_HPDA"
91,"semiarid.grassland_HPDA"
92,"semiarid.grassland_HPDA"
93,"semiarid.grassland_HPDA"
94,"semiarid.grassland_HPDA"
95,"semiarid.grassland_HPDA"
96,"semiarid.grassland_HPDA"
97,"semiarid.grassland_HPDA"
98,"semiarid.grassland_HPDA"
99,"semiarid.grassland_HPDA"
100,"semiarid.grassland_HPDA"
101,"semiarid.grassland_HPDA"
102,"semiarid.grassland_HPDA"
103,"semiarid.grassland_HPDA"
104,"semiarid.grassland_HPDA"
105,"semiarid.grassland_HPDA"
106,"semiarid.grassland_HPDA"
107,"semiarid.grassland_HPDA"
108,"semiarid.grassland_HPDA"
109,"semiarid.grassland_HPDA"
110,"semiarid.grassland_HPDA"
111,"semiarid.grassland_HPDA"
112,"semiarid.grassland_HPDA"
113,"semiarid.grassland_HPDA"
114,"semiarid.grassland_HPDA"
115,"semiarid.grassland_HPDA"
116,"semiarid.grassland_HPDA"
117,"semiarid.grassland_HPDA"
118,"semiarid.grassland_HPDA"
119,"semiarid.grassland_HPDA"
120,"semiarid.grassland_HPDA"
121,"semiarid.grassland_HPDA"
122,"semiarid.grassland_HPDA"
123,"semiarid.grassland_HPDA"
124,"semiarid.grassland_HPDA"
125,"semiarid.grassland_HPDA"
126,"semiarid.grassland_HPDA"
127,"semiarid.grassland_HPDA"
128,"semiarid.grassland_HPDA"
129,"semiarid.grassland_HPDA"
130,"semiarid.grassland_HPDA"
131,"semiarid.grassland_HPDA"
132,"semiarid.grassland_HPDA"
133,"semiarid.grassland_HPDA"
134,"semiarid.grassland_HPDA"
135,"semiarid.grassland_HPDA"
136,"semiarid.grassland_HPDA"
137,"semiarid.grassland_HPDA"
138,"semiarid.grassland_HPDA"
139,"semiarid.grassland_HPDA"
140,"semiarid.grassland_HPDA"
141,"semiarid.grassland_HPDA"
142,"semiarid.grassland_HPDA"
143,"semiarid.grassland_HPDA"
144,"semiarid.grassland_HPDA"
145,"semiarid.grassland_HPDA"
146,"semiarid.grassland_HPDA"
147,"semiarid.grassland_HPDA"
148,"semiarid.grassland_HPDA"
149,"semiarid.grassland_HPDA"
150,"semiarid.grassland_HPDA"
151,"semiarid.grassland_HPDA"
152,"semiarid.grassland_HPDA"
153,"semiarid.grassland_HPDA"
154,"semiarid.grassland_HPDA"
155,"semiarid.grassland_HPDA"
156,"semiarid.grassland_HPDA"
157,"semiarid.grassland_HPDA"
158,"semiarid.grassland_HPDA"
159,"semiarid.grassland_HPDA"
160,"semiarid.grassland_HPDA"
161,"semiarid.grassland_HPDA"
162,"semiarid.grassland_HPDA"
163,"semiarid.grassland_HPDA"
164,"semiarid.grassland_HPDA"
165,"semiarid.grassland_HPDA"
166,"semiarid.grassland_HPDA"
167,"semiarid.grassland_HPDA"
168,"semiarid.grassland_HPDA"
169,"semiarid.grassland_HPDA"
170,"semiarid.grassland_HPDA"
171,"semiarid.grassland_HPDA"
172,"semiarid.grassland_HPDA"
173,"semiarid.grassland_HPDA"
174,"semiarid.grassland_HPDA"
175,"semiarid.grassland_HPDA"
176,"semiarid.grassland_HPDA"
177,"semiarid.grassland_HPDA"
178,"semiarid.grassland_HPDA"
179,"semiarid.grassland_HPDA"
180,"semiarid.grassland_HPDA"
181,"semiarid.grassland_HPDA"
182,"semiarid.grassland_HPDA"
183,"semiarid.grassland_HPDA"
184,"semiarid.grassland_HPDA"
185,"semiarid.grassland_HPDA"
186,"semiarid.grassland_HPDA"
187,"semiarid.grassland_HPDA"
188,"semiarid.grassland_HPDA"
189,"semiarid.grassland_HPDA"
190,"semiarid.grassland_HPDA"
191,"semiarid.grassland_HPDA"
192,"semiarid.grassland_HPDA"
193,"semiarid.grassland_HPDA"
194,"semiarid.grassland_HPDA"
195,"semiarid.grassland_HPDA"
196,"semiarid.grassland_HPDA"
197,"semiarid.grassland_HPDA"
198,"semiarid.grassland_HPDA"
199,"semiarid.grassland_HPDA"
200,"semiarid.grassland_HPDA"
201,"semiarid.grassland_HPDA"
202,"semiarid.grassland_HPDA"
203,"semiarid.grassland_HPDA"
204,"semiarid.grassland_HPDA"
205,"semiarid.grassland_HPDA"
206,"semiarid.grassland_HPDA"
207,"semiarid.grassland_HPDA"
208,"semiarid.grassland_HPDA"
209,"semiarid.grassland_HPDA"
210,"semiarid.grassland_HPDA"
211,"semiarid.grassland_HPDA"
212,"semiarid.grassland_HPDA"
213,"semiarid.grassland_HPDA"
214,"semiarid.grassland_HPDA"
215,"semiarid.grassland_HPDA"
216,"semiarid.grassland_HPDA"
217,"semiarid.grassland_HPDA"
218,"semiarid.grassland_HPDA"
219,"semiarid.grassland_HPDA"
220,"semiarid.grassland_HPDA"
221,"semiarid.grassland_HPDA"
222,"semiarid.grassland_HPDA"
223,"semiarid.grassland_HPDA"
224,"semiarid.grassland_HPDA"
225,"semiarid.grassland_HPDA"
226,"semiarid.grassland_HPDA"
227,"semiarid.grassland_HPDA"
228,"semiarid.grassland_HPDA"
229,"semiarid.grassland_HPDA"
230,"semiarid.grassland_HPDA"
231,"semiarid.grassland_HPDA"
232,"semiarid.grassland_HPDA"
233,"semiarid.grassland_HPDA"
234,"semiarid.grassland_HPDA"
235,"semiarid.grassland_HPDA"
236,"semiarid.grassland_HPDA"
237,"semiarid.grassland_HPDA"
238,"semiarid.grassland_HPDA"
239,"semiarid.grassland_HPDA"
240,"semiarid.grassland_HPDA"
241,"semiarid.grassland_HPDA"
242,"semiarid.grassland_HPDA"
243,"semiarid.grassland_HPDA"
244,"semiarid.grassland_HPDA"
245,"semiarid.grassland_HPDA"
246,"semiarid.grassland_HPDA"
247,"semiarid.grassland_HPDA"
248,"semiarid.grassland_HPDA"
249,"semiarid.grassland_HPDA"
250,"semiarid.grassland_HPDA"
251,"semiarid.grassland_HPDA"
252,"semiarid.grassland_HPDA"
253,"semiarid.grassland_HPDA"
254,"semiarid.grassland_HPDA"
255,"semiarid.grassland_HPDA"
256,"semiarid.grassland_HPDA"
257,"semiarid.grassland_HPDA"
258,"semiarid.grassland_HPDA"
259,"semiarid.grassland_HPDA"
260,"semiarid.grassland_HPDA"
261,"semiarid.grassland_HPDA"
262,"semiarid.grassland_HPDA"
263,"semiarid.grassland_HPDA"
264,"semiarid.grassland_HPDA"
265,"semiarid.grassland_HPDA"
266,"semiarid.grassland_HPDA"
267,"semiarid.grassland_HPDA"
268,"semiarid.grassland_HPDA"
269,"semiarid.grassland_HPDA"
270,"semiarid.grassland_HPDA"
271,"semiarid.grassland_HPDA"
272,"semiarid.grassland_HPDA"
273,"semiarid.grassland_HPDA"
274,"semiarid.grassland_HPDA"
275,"semiarid.grassland_HPDA"
276,"semiarid.grassland_HPDA"
277,"semiarid.grassland_HPDA"
278,"semiarid.grassland_HPDA"
279,"semiarid.grassland_HPDA"
280,"semiarid.grassland_HPDA"
281,"semiarid.grassland_HPDA"
282,"semiarid.grassland_HPDA"
283,"semiarid.grassland_HPDA"
284,"semiarid.grassland_HPDA"
285,"semiarid.grassland_HPDA"
286,"semiarid.grassland_HPDA"
287,"semiarid.grassland_HPDA"
288,"semiarid.grassland_HPDA"
289,"semiarid.grassland_HPDA"
290,"semiarid.grassland_HPDA"
291,"semiarid.grassland_HPDA"
292,"semiarid.grassland_HPDA"
293,"semiarid.grassland_HPDA"
294,"semiarid.grassland_HPDA"
295,"semiarid.grassland_HPDA"
296,"semiarid.grassland_HPDA"
297,"semiarid.grassland_HPDA"
298,"semiarid.grassland_HPDA"
299,"semiarid.grassland_HPDA"
300,"semiarid.grassland_HPDA"
301,"semiarid.grassland_HPDA"
302,"semiarid.grassland_HPDA"
303,"semiarid.grassland_HPDA"
304,"semiarid.grassland_HPDA"
305,"semiarid.grassland_HPDA"
306,"semiarid.grassland_HPDA"
307,"semiarid.grassland_HPDA"
308,"semiarid.grassland_HPDA"
309,"semiarid.grassland_HPDA"
310,"semiarid.grassland_HPDA"
311,"semiarid.grassland_HPDA"
312,"semiarid.grassland_HPDA"
313,"semiarid.grassland_HPDA"
314,"semiarid.grassland_HPDA"
315,"semiarid.grassland_HPDA"
316,"semiarid.grassland_HPDA"
317,"semiarid.grassland_HPDA"
318,"semiarid.grassland_HPDA"
319,"semiarid.grassland_HPDA"
320,"semiarid.grassland_HPDA"
321,"semiarid.grassland_HPDA"
322,"semiarid.grassland_HPDA"
323,"semiarid.grassland_HPDA"
324,"semiarid.grassland_HPDA"
325,"semiarid.grassland_HPDA"
326,"semiarid.grassland_HPDA"
327,"semiarid.grassland_HPDA"
328,"semiarid.grassland_HPDA"
329,"semiarid.grassland_HPDA"
330,"semiarid.grassland_HPDA"
331,"semiarid.grassland_HPDA"
332,"semiarid.grassland_HPDA"
333,"semiarid.grassland_HPDA"
334,"semiarid.grassland_HPDA"
335,"semiarid.grassland_HPDA"
336,"semiarid.grassland_HPDA"
337,"semiarid.grassland_HPDA"
338,"semiarid.grassland_HPDA"
339,"semiarid.grassland_HPDA"
340,"semiarid.grassland_HPDA"
341,"semiarid.grassland_HPDA"
342,"semiarid.grassland_HPDA"
343,"semiarid.grassland_HPDA"
344,"semiarid.grassland_HPDA"
345,"semiarid.grassland_HPDA"
346,"semiarid.grassland_HPDA"
347,"semiarid.grassland_HPDA"
348,"semiarid.grassland_HPDA"
349,"semiarid.grassland_HPDA"
350,"semiarid.grassland_HPDA"
351,"semiarid.grassland_HPDA"
352,"semiarid.grassland_HPDA"
353,"semiarid.grassland_HPDA"
354,"semiarid.grassland_HPDA"
355,"semiarid.grassland_HPDA"
356,"semiarid.grassland_HPDA"
357,"semiarid.grassland_HPDA"
358,"semiarid.grassland_HPDA"
359,"semiarid.grassland_HPDA"
360,"semiarid.grassland_HPDA"
361,"semiarid.grassland_HPDA"
362,"semiarid.grassland_HPDA"
363,"semiarid.grassland_HPDA"
364,"semiarid.grassland_HPDA"
365,"semiarid.grassland_HPDA"
366,"semiarid.grassland_HPDA"
367,"semiarid.grassland_HPDA"
368,"semiarid.grassland_HPDA"
369,"semiarid.grassland_HPDA"
370,"semiarid.grassland_HPDA"
371,"semiarid.grassland_HPDA"
372,"semiarid.grassland_HPDA"
373,"semiarid.grassland_HPDA"
374,"semiarid.grassland_HPDA"
375,"semiarid.grassland_HPDA"
376,"semiarid.grassland_HPDA"
377,"semiarid.grassland_HPDA"
378,"semiarid.grassland_HPDA"
379,"semiarid.grassland_HPDA"
380,"semiarid.grassland_HPDA"
381,"semiarid.grassland_HPDA"
382,"semiarid.grassland_HPDA"
383,"semiarid.grassland_HPDA"
384,"semiarid.grassland_HPDA"
385,"semiarid.grassland_HPDA"
386,"semiarid.grassland_HPDA"
387,"semiarid.grassland_HPDA"
388,"semiarid.grassland_HPDA"
389,"semiarid.grassland_HPDA"
390,"semiarid.grassland_HPDA"
391,"semiarid.grassland_HPDA"
392,"semiarid.grassland_HPDA"
393,"semiarid.grassland_HPDA"
394,"semiarid.grassland_HPDA"
395,"semiarid.grassland_HPDA"
396,"semiarid.grassland_HPDA"
397,"semiarid.grassland_HPDA"
398,"semiarid.grassland_HPDA"
399,"semiarid.grassland_HPDA"
400,"semiarid.grassland_HPDA"
401,"semiarid.grassland_HPDA"
402,"semiarid.grassland_HPDA"
403,"semiarid.grassland_HPDA"
404,"semiarid.grassland_HPDA"
405,"semiarid.grassland_HPDA"
406,"semiarid.grassland_HPDA"
407,"semiarid.grassland_HPDA"
408,"semiarid.grassland_HPDA"
409,"semiarid.grassland_HPDA"
410,"semiarid.grassland_HPDA"
411,"semiarid.grassland_HPDA"
412,"semiarid.grassland_HPDA"
413,"semiarid.grassland_HPDA"
414,"semiarid.grassland_HPDA"
415,"semiarid.grassland_HPDA"
416,"semiarid.grassland_HPDA"
417,"semiarid.grassland_HPDA"
418,"semiarid.grassland_HPDA"
419,"semiarid.grassland_HPDA"
420,"semiarid.grassland_HPDA"
421,"semiarid.grassland_HPDA"
422,"semiarid.grassland_HPDA"
423,"semiarid.grassland_HPDA"
424,"semiarid.grassland_HPDA"
425,"semiarid.grassland_HPDA"
426,"semiarid.grassland_HPDA"
427,"semiarid.grassland_HPDA"
428,"semiarid.grassland_HPDA"
429,"semiarid.grassland_HPDA"
430,"semiarid.grassland_HPDA"
431,"semiarid.grassland_HPDA"
432,"semiarid.grassland_HPDA"
433,"semiarid.grassland_HPDA"
434,"semiarid.grassland_HPDA"
435,"semiarid.grassland_HPDA"
436,"semiarid.grassland_HPDA"
437,"semiarid.grassland_HPDA"
438,"semiarid.grassland_HPDA"
439,"semiarid.grassland_HPDA"
440,"semiarid.grassland_HPDA"
441,"semiarid.grassland_HPDA"
442,"semiarid.grassland_HPDA"
443,"semiarid.grassland_HPDA"
444,"semiarid.grassland_HPDA"
445,"semiarid.grassland_HPDA"
446,"semiarid.grassland_HPDA"
447,"semiarid.grassland_HPDA"
448,"semiarid.grassland_HPDA"
449,"semiarid.grassland_HPDA"
450,"semiarid.grassland_HPDA"
451,"semiarid.grassland_HPDA"
452,"semiarid.grassland_HPDA"
453,"semiarid.grassland_HPDA"
454,"semiarid.grassland_HPDA"
455,"semiarid.grassland_HPDA"
456,"semiarid.grassland_HPDA"
457,"semiarid.grassland_HPDA"
458,"semiarid.grassland_HPDA"
459,"semiarid.grassland_HPDA"
460,"semiarid.grassland_HPDA"
461,"semiarid.grassland_HPDA"
462,"semiarid.grassland_HPDA"
463,"semiarid.grassland_HPDA"
464,"semiarid.grassland_HPDA"
465,"semiarid.grassland_HPDA"
466,"semiarid.grassland_HPDA"
467,"semiarid.grassland_HPDA"
468,"semiarid.grassland_HPDA"
469,"semiarid.grassland_HPDA"
470,"semiarid.grassland_HPDA"
471,"semiarid.grassland_HPDA"
472,"semiarid.grassland_HPDA"
473,"semiarid.grassland_HPDA"
474,"semiarid.grassland_HPDA"
475,"semiarid.grassland_HPDA"
476,"semiarid.grassland_HPDA"
477,"semiarid.grassland_HPDA"
478,"semiarid.grassland_HPDA"
479,"semiarid.grassland_HPDA"
480,"semiarid.grassland_HPDA"
481,"semiarid.grassland_HPDA"
482,"semiarid.grassland_HPDA"
483,"semiarid.grassland_HPDA"
484,"semiarid.grassland_HPDA"
485,"semiarid.grassland_HPDA"
486,"semiarid.grassland_HPDA"
487,"semiarid.grassland_HPDA"
488,"semiarid.grassland_HPDA"
489,"semiarid.grassland_HPDA"
490,"semiarid.grassland_HPDA"
491,"semiarid.grassland_HPDA"
492,"semiarid.grassland_HPDA"
493,"semiarid.grassland_HPDA"
494,"semiarid.grassland_HPDA"
495,"semiarid.grassland_HPDA"
496,"semiarid.grassland_HPDA"
497,"semiarid.grassland_HPDA"
498,"semiarid.grassland_HPDA"
499,"semiarid.grassland_HPDA"
500,"semiarid.grassland_HPDA"
501,"semiarid.grassland_HPDA"
502,"semiarid.grassland_HPDA"
503,"semiarid.grassland_HPDA"
504,"semiarid.grassland_HPDA"
505,"semiarid.grassland_HPDA"
506,"semiarid.grassland_HPDA"
507,"semiarid.grassland_HPDA"
508,"semiarid.grassland_HPDA"
509,"semiarid.grassland_HPDA"
510,"semiarid.grassland_HPDA"
511,"semiarid.grassland_HPDA"
512,"semiarid.grassland_HPDA"
513,"semiarid.grassland_HPDA"
514,"semiarid.grassland_HPDA"
515,"semiarid.grassland_HPDA"
516,"semiarid.grassland_HPDA"
517,"semiarid.grassland_HPDA"
518,"semiarid.grassland_HPDA"
519,"semiarid.grassland_HPDA"
520,"semiarid.grassland_HPDA"
521,"semiarid.grassland_HPDA"
522,"semiarid.grassland_HPDA"
523,"semiarid.grassland_HPDA"
524,"semiarid.grassland_HPDA"
525,"semiarid.grassland_HPDA"
526,"semiarid.grassland_HPDA"
527,"semiarid.grassland_HPDA"
528,"semiarid.grassland_HPDA"
529,"semiarid.grassland_HPDA"
530,"semiarid.grassland_HPDA"
531,"semiarid.grassland_HPDA"
532,"semiarid.grassland_HPDA"
533,"semiarid.grassland_HPDA"
534,"semiarid.grassland_HPDA"
535,"semiarid.grassland_HPDA"
536,"semiarid.grassland_HPDA"
537,"semiarid.grassland_HPDA"
538,"semiarid.grassland_HPDA"
539,"semiarid.grassland_HPDA"
540,"semiarid.grassland_HPDA"
541,"semiarid.grassland_HPDA"
542,"semiarid.grassland_HPDA"
543,"semiarid.grassland_HPDA"
544,"semiarid.grassland_HPDA"
545,"semiarid.grassland_HPDA"
546,"semiarid.grassland_HPDA"
547,"semiarid.grassland_HPDA"
548,"semiarid.grassland_HPDA"
549,"semiarid.grassland_HPDA"
550,"semiarid.grassland_HPDA"
551,"semiarid.grassland_HPDA"
552,"semiarid.grassland_HPDA"
553,"semiarid.grassland_HPDA"
554,"semiarid.grassland_HPDA"
555,"semiarid.grassland_HPDA"
556,"semiarid.grassland_HPDA"
557,"semiarid.grassland_HPDA"
558,"semiarid.grassland_HPDA"
559,"semiarid.grassland_HPDA"
560,"semiarid.grassland_HPDA"
561,"semiarid.grassland_HPDA"
562,"semiarid.grassland_HPDA"
563,"semiarid.grassland_HPDA"
564,"semiarid.grassland_HPDA"
565,"semiarid.grassland_HPDA"
566,"semiarid.grassland_HPDA"
567,"semiarid.grassland_HPDA"
568,"semiarid.grassland_HPDA"
569,"semiarid.grassland_HPDA"
570,"semiarid.grassland_HPDA"
571,"semiarid.grassland_HPDA"
572,"semiarid.grassland_HPDA"
573,"semiarid.grassland_HPDA"
574,"semiarid.grassland_HPDA"
575,"semiarid.grassland_HPDA"
576,"semiarid.grassland_HPDA"
577,"semiarid.grassland_HPDA"
578,"semiarid.grassland_HPDA"
579,"semiarid.grassland_HPDA"
580,"semiarid.grassland_HPDA"
581,"semiarid.grassland_HPDA"
582,"semiarid.grassland_HPDA"
583,"semiarid.grassland_HPDA"
584,"semiarid.grassland_HPDA"
585,"semiarid.grassland_HPDA"
586,"semiarid.grassland_HPDA"
587,"semiarid.grassland_HPDA"
588,"semiarid.grassland_HPDA"
589,"semiarid.grassland_HPDA"
590,"semiarid.grassland_HPDA"
591,"semiarid.grassland_HPDA"
592,"semiarid.grassland_HPDA"
593,"semiarid.grassland_HPDA"
594,"semiarid.grassland_HPDA"
595,"semiarid.grassland_HPDA"
596,"semiarid.grassland_HPDA"
597,"semiarid.grassland_HPDA"
598,"semiarid.grassland_HPDA"
599,"semiarid.grassland_HPDA"
600,"semiarid.grassland_HPDA"
601,"semiarid.grassland_HPDA"
602,"semiarid.grassland_HPDA"
603,"semiarid.grassland_HPDA"
604,"semiarid.grassland_HPDA"
605,"semiarid.grassland_HPDA"
606,"semiarid.grassland_HPDA"
607,"semiarid.grassland_HPDA"
608,"semiarid.grassland_HPDA"
609,"semiarid.grassland_HPDA"
610,"semiarid.grassland_HPDA"
611,"semiarid.grassland_HPDA"
612,"semiarid.grassland_HPDA"
613,"semiarid.grassland_HPDA"
614,"semiarid.grassland_HPDA"
615,"semiarid.grassland_HPDA"
616,"semiarid.grassland_HPDA"
617,"semiarid.grassland_HPDA"
618,"semiarid.grassland_HPDA"
619,"semiarid.grassland_HPDA"
620,"temperate.deciduous.HPDA"
621,"semiarid.grassland_HPDA"
622,"semiarid.grassland_HPDA"
623,"semiarid.grassland_HPDA"
624,"semiarid.grassland_HPDA"
625,"semiarid.grassland_HPDA"
626,"semiarid.grassland_HPDA"
627,"semiarid.grassland_HPDA"
628,"semiarid.grassland_HPDA"
629,"semiarid.grassland_HPDA"
630,"semiarid.grassland_HPDA"
631,"semiarid.grassland_HPDA"
632,"semiarid.grassland_HPDA"
633,"semiarid.grassland_HPDA"
634,"semiarid.grassland_HPDA"
635,"semiarid.grassland_HPDA"
636,"semiarid.grassland_HPDA"
637,"semiarid.grassland_HPDA"
638,"semiarid.grassland_HPDA"
639,"semiarid.grassland_HPDA"
640,"semiarid.grassland_HPDA"
641,"semiarid.grassland_HPDA"
642,"semiarid.grassland_HPDA"
643,"semiarid.grassland_HPDA"
644,"semiarid.grassland_HPDA"
645,"semiarid.grassland_HPDA"
646,"semiarid.grassland_HPDA"
647,"semiarid.grassland_HPDA"
648,"temperate.deciduous.HPDA"
649,"semiarid.grassland_HPDA"
650,"semiarid.grassland_HPDA"
651,"temperate.deciduous.HPDA"
652,"semiarid.grassland_HPDA"
653,"semiarid.grassland_HPDA"
654,"semiarid.grassland_HPDA"
655,"semiarid.grassland_HPDA"
656,"semiarid.grassland_HPDA"
657,"semiarid.grassland_HPDA"
658,"temperate.deciduous.HPDA"
659,"semiarid.grassland_HPDA"
660,"semiarid.grassland_HPDA"
661,"temperate.deciduous.HPDA"
662,"semiarid.grassland_HPDA"
663,"semiarid.grassland_HPDA"
664,"temperate.deciduous.HPDA"
665,"semiarid.grassland_HPDA"
666,"semiarid.grassland_HPDA"
667,"semiarid.grassland_HPDA"
668,"semiarid.grassland_HPDA"
669,"semiarid.grassland_HPDA"
670,"semiarid.grassland_HPDA"
671,"semiarid.grassland_HPDA"
672,"semiarid.grassland_HPDA"
673,"semiarid.grassland_HPDA"
674,"semiarid.grassland_HPDA"
675,"semiarid.grassland_HPDA"
676,"semiarid.grassland_HPDA"
677,"semiarid.grassland_HPDA"
678,"semiarid.grassland_HPDA"
679,"semiarid.grassland_HPDA"
680,"semiarid.grassland_HPDA"
681,"temperate.deciduous.HPDA"
682,"semiarid.grassland_HPDA"
683,"semiarid.grassland_HPDA"
684,"temperate.deciduous.HPDA"
685,"temperate.deciduous.HPDA"
686,"semiarid.grassland_HPDA"
687,"semiarid.grassland_HPDA"
688,"temperate.deciduous.HPDA"
689,"semiarid.grassland_HPDA"
690,"semiarid.grassland_HPDA"
691,"semiarid.grassland_HPDA"
692,"semiarid.grassland_HPDA"
693,"semiarid.grassland_HPDA"
694,"semiarid.grassland_HPDA"
695,"semiarid.grassland_HPDA"
696,"semiarid.grassland_HPDA"
697,"semiarid.grassland_HPDA"
698,"semiarid.grassland_HPDA"
699,"semiarid.grassland_HPDA"
700,"semiarid.grassland_HPDA"
701,"temperate.deciduous.HPDA"
702,"temperate.deciduous.HPDA"
703,"semiarid.grassland_HPDA"
704,"semiarid.grassland_HPDA"
705,"semiarid.grassland_HPDA"
706,"semiarid.grassland_HPDA"
707,"semiarid.grassland_HPDA"
708,"semiarid.grassland_HPDA"
709,"semiarid.grassland_HPDA"
710,"semiarid.grassland_HPDA"
711,"semiarid.grassland_HPDA"
712,"semiarid.grassland_HPDA"
713,"semiarid.grassland_HPDA"
714,"semiarid.grassland_HPDA"
715,"semiarid.grassland_HPDA"
716,"temperate.deciduous.HPDA"
717,"temperate.deciduous.HPDA"
718,"temperate.deciduous.HPDA"
719,"semiarid.grassland_HPDA"
720,"semiarid.grassland_HPDA"
721,"temperate.deciduous.HPDA"
722,"semiarid.grassland_HPDA"
723,"semiarid.grassland_HPDA"
724,"semiarid.grassland_HPDA"
725,"semiarid.grassland_HPDA"
726,"semiarid.grassland_HPDA"
727,"temperate.deciduous.HPDA"
728,"semiarid.grassland_HPDA"
729,"semiarid.grassland_HPDA"
730,"temperate.deciduous.HPDA"
731,"semiarid.grassland_HPDA"
732,"semiarid.grassland_HPDA"
733,"semiarid.grassland_HPDA"
734,"semiarid.grassland_HPDA"
735,"semiarid.grassland_HPDA"
736,"semiarid.grassland_HPDA"
737,"semiarid.grassland_HPDA"
738,"semiarid.grassland_HPDA"
739,"semiarid.grassland_HPDA"
740,"semiarid.grassland_HPDA"
741,"semiarid.grassland_HPDA"
742,"semiarid.grassland_HPDA"
743,"semiarid.grassland_HPDA"
744,"semiarid.grassland_HPDA"
745,"semiarid.grassland_HPDA"
746,"temperate.deciduous.HPDA"
747,"semiarid.grassland_HPDA"
748,"semiarid.grassland_HPDA"
749,"semiarid.grassland_HPDA"
750,"semiarid.grassland_HPDA"
751,"semiarid.grassland_HPDA"
752,"semiarid.grassland_HPDA"
753,"semiarid.grassland_HPDA"
754,"temperate.deciduous.HPDA"
755,"semiarid.grassland_HPDA"
756,"temperate.deciduous.HPDA"
757,"temperate.deciduous.HPDA"
758,"semiarid.grassland_HPDA"
759,"semiarid.grassland_HPDA"
760,"semiarid.grassland_HPDA"
761,"semiarid.grassland_HPDA"
762,"semiarid.grassland_HPDA"
763,"semiarid.grassland_HPDA"
764,"temperate.deciduous.HPDA"
765,"temperate.deciduous.HPDA"
766,"temperate.deciduous.HPDA"
767,"semiarid.grassland_HPDA"
768,"semiarid.grassland_HPDA"
769,"semiarid.grassland_HPDA"
770,"semiarid.grassland_HPDA"
771,"semiarid.grassland_HPDA"
772,"semiarid.grassland_HPDA"
773,"temperate.deciduous.HPDA"
774,"semiarid.grassland_HPDA"
775,"semiarid.grassland_HPDA"
776,"semiarid.grassland_HPDA"
777,"semiarid.grassland_HPDA"
778,"semiarid.grassland_HPDA"
779,"semiarid.grassland_HPDA"
780,"semiarid.grassland_HPDA"
781,"semiarid.grassland_HPDA"
782,"semiarid.grassland_HPDA"
783,"semiarid.grassland_HPDA"
784,"semiarid.grassland_HPDA"
785,"semiarid.grassland_HPDA"
786,"semiarid.grassland_HPDA"
787,"semiarid.grassland_HPDA"
788,"semiarid.grassland_HPDA"
789,"semiarid.grassland_HPDA"
790,"semiarid.grassland_HPDA"
791,"semiarid.grassland_HPDA"
792,"semiarid.grassland_HPDA"
793,"semiarid.grassland_HPDA"
794,"semiarid.grassland_HPDA"
795,"semiarid.grassland_HPDA"
796,"semiarid.grassland_HPDA"
797,"temperate.deciduous.HPDA"
798,"semiarid.grassland_HPDA"
799,"temperate.deciduous.HPDA"
800,"temperate.deciduous.HPDA"
801,"semiarid.grassland_HPDA"
802,"semiarid.grassland_HPDA"
803,"semiarid.grassland_HPDA"
804,"semiarid.grassland_HPDA"
805,"semiarid.grassland_HPDA"
806,"semiarid.grassland_HPDA"
807,"semiarid.grassland_HPDA"
808,"semiarid.grassland_HPDA"
809,"temperate.deciduous.HPDA"
810,"semiarid.grassland_HPDA"
811,"temperate.deciduous.HPDA"
812,"semiarid.grassland_HPDA"
813,"semiarid.grassland_HPDA"
814,"semiarid.grassland_HPDA"
815,"semiarid.grassland_HPDA"
816,"semiarid.grassland_HPDA"
817,"semiarid.grassland_HPDA"
818,"semiarid.grassland_HPDA"
819,"semiarid.grassland_HPDA"
820,"semiarid.grassland_HPDA"
821,"semiarid.grassland_HPDA"
822,"semiarid.grassland_HPDA"
823,"semiarid.grassland_HPDA"
824,"semiarid.grassland_HPDA"
825,"semiarid.grassland_HPDA"
826,"semiarid.grassland_HPDA"
827,"semiarid.grassland_HPDA"
828,"semiarid.grassland_HPDA"
829,"semiarid.grassland_HPDA"
830,"semiarid.grassland_HPDA"
831,"semiarid.grassland_HPDA"
832,"semiarid.grassland_HPDA"
833,"temperate.deciduous.HPDA"
834,"semiarid.grassland_HPDA"
835,"semiarid.grassland_HPDA"
836,"semiarid.grassland_HPDA"
837,"semiarid.grassland_HPDA"
838,"semiarid.grassland_HPDA"
839,"temperate.deciduous.HPDA"
840,"semiarid.grassland_HPDA"
841,"temperate.deciduous.HPDA"
842,"semiarid.grassland_HPDA"
843,"temperate.deciduous.HPDA"
844,"semiarid.grassland_HPDA"
845,"semiarid.grassland_HPDA"
846,"semiarid.grassland_HPDA"
847,"semiarid.grassland_HPDA"
848,"semiarid.grassland_HPDA"
849,"temperate.deciduous.HPDA"
850,"semiarid.grassland_HPDA"
851,"semiarid.grassland_HPDA"
852,"semiarid.grassland_HPDA"
853,"semiarid.grassland_HPDA"
854,"semiarid.grassland_HPDA"
855,"temperate.deciduous.HPDA"
856,"semiarid.grassland_HPDA"
857,"semiarid.grassland_HPDA"
858,"semiarid.grassland_HPDA"
859,"semiarid.grassland_HPDA"
860,"semiarid.grassland_HPDA"
861,"semiarid.grassland_HPDA"
862,"temperate.deciduous.HPDA"
863,"semiarid.grassland_HPDA"
864,"semiarid.grassland_HPDA"
865,"boreal.coniferous"
866,"semiarid.grassland_HPDA"
867,"semiarid.grassland_HPDA"
868,"semiarid.grassland_HPDA"
869,"temperate.deciduous.HPDA"
870,"semiarid.grassland_HPDA"
871,"semiarid.grassland_HPDA"
872,"semiarid.grassland_HPDA"
873,"semiarid.grassland_HPDA"
874,"semiarid.grassland_HPDA"
875,"semiarid.grassland_HPDA"
876,"semiarid.grassland_HPDA"
877,"temperate.deciduous.HPDA"
878,"semiarid.grassland_HPDA"
879,"semiarid.grassland_HPDA"
880,"semiarid.grassland_HPDA"
881,"semiarid.grassland_HPDA"
882,"semiarid.grassland_HPDA"
883,"semiarid.grassland_HPDA"
884,"semiarid.grassland_HPDA"
885,"semiarid.grassland_HPDA"
886,"semiarid.grassland_HPDA"
887,"semiarid.grassland_HPDA"
888,"semiarid.grassland_HPDA"
889,"semiarid.grassland_HPDA"
890,"semiarid.grassland_HPDA"
891,"temperate.deciduous.HPDA"
892,"temperate.deciduous.HPDA"
893,"temperate.deciduous.HPDA"
894,"semiarid.grassland_HPDA"
895,"temperate.deciduous.HPDA"
896,"semiarid.grassland_HPDA"
897,"semiarid.grassland_HPDA"
898,"semiarid.grassland_HPDA"
899,"semiarid.grassland_HPDA"
900,"semiarid.grassland_HPDA"
901,"semiarid.grassland_HPDA"
902,"semiarid.grassland_HPDA"
903,"semiarid.grassland_HPDA"
904,"semiarid.grassland_HPDA"
905,"semiarid.grassland_HPDA"
906,"temperate.deciduous.HPDA"
907,"semiarid.grassland_HPDA"
908,"semiarid.grassland_HPDA"
909,"semiarid.grassland_HPDA"
910,"semiarid.grassland_HPDA"
911,"temperate.deciduous.HPDA"
912,"semiarid.grassland_HPDA"
913,"semiarid.grassland_HPDA"
914,"semiarid.grassland_HPDA"
915,"temperate.deciduous.HPDA"
916,"semiarid.grassland_HPDA"
917,"temperate.deciduous.HPDA"
918,"semiarid.grassland_HPDA"
919,"semiarid.grassland_HPDA"
920,"semiarid.grassland_HPDA"
921,"semiarid.grassland_HPDA"
922,"semiarid.grassland_HPDA"
923,"semiarid.grassland_HPDA"
924,"semiarid.grassland_HPDA"
925,"semiarid.grassland_HPDA"
926,"semiarid.grassland_HPDA"
927,"temperate.deciduous.HPDA"
928,"semiarid.grassland_HPDA"
929,"semiarid.grassland_HPDA"
930,"semiarid.grassland_HPDA"
931,"temperate.deciduous.HPDA"
932,"semiarid.grassland_HPDA"
933,"semiarid.grassland_HPDA"
934,"semiarid.grassland_HPDA"
935,"semiarid.grassland_HPDA"
936,"semiarid.grassland_HPDA"
937,"temperate.deciduous.HPDA"
938,"temperate.deciduous.HPDA"
939,"semiarid.grassland_HPDA"
940,"temperate.deciduous.HPDA"
941,"temperate.deciduous.HPDA"
942,"semiarid.grassland_HPDA"
943,"semiarid.grassland_HPDA"
944,"semiarid.grassland_HPDA"
945,"temperate.deciduous.HPDA"
946,"semiarid.grassland_HPDA"
947,"temperate.deciduous.HPDA"
948,"temperate.deciduous.HPDA"
949,"temperate.deciduous.HPDA"
950,"temperate.deciduous.HPDA"
951,"temperate.deciduous.HPDA"
952,"temperate.deciduous.HPDA"
953,"temperate.deciduous.HPDA"
954,"temperate.deciduous.HPDA"
955,"semiarid.grassland_HPDA"
956,"semiarid.grassland_HPDA"
957,"temperate.deciduous.HPDA"
958,"temperate.deciduous.HPDA"
959,"semiarid.grassland_HPDA"
960,"semiarid.grassland_HPDA"
961,"temperate.deciduous.HPDA"
962,"semiarid.grassland_HPDA"
963,"semiarid.grassland_HPDA"
964,"temperate.deciduous.HPDA"
965,"temperate.deciduous.HPDA"
966,"semiarid.grassland_HPDA"
967,"semiarid.grassland_HPDA"
968,"semiarid.grassland_HPDA"
969,"semiarid.grassland_HPDA"
970,"semiarid.grassland_HPDA"
971,"temperate.deciduous.HPDA"
972,"temperate.deciduous.HPDA"
973,"temperate.deciduous.HPDA"
974,"temperate.deciduous.HPDA"
975,"temperate.deciduous.HPDA"
976,"semiarid.grassland_HPDA"
977,"semiarid.grassland_HPDA"
978,"semiarid.grassland_HPDA"
979,"semiarid.grassland_HPDA"
980,"semiarid.grassland_HPDA"
981,"semiarid.grassland_HPDA"
982,"semiarid.grassland_HPDA"
983,"temperate.deciduous.HPDA"
984,"temperate.deciduous.HPDA"
985,"semiarid.grassland_HPDA"
986,"semiarid.grassland_HPDA"
987,"temperate.deciduous.HPDA"
988,"temperate.deciduous.HPDA"
989,"temperate.deciduous.HPDA"
990,"semiarid.grassland_HPDA"
991,"temperate.deciduous.HPDA"
992,"semiarid.grassland_HPDA"
993,"temperate.deciduous.HPDA"
994,"semiarid.grassland_HPDA"
995,"temperate.deciduous.HPDA"
996,"semiarid.grassland_HPDA"
997,"semiarid.grassland_HPDA"
998,"temperate.deciduous.HPDA"
999,"semiarid.grassland_HPDA"
1000,"temperate.deciduous.HPDA"
1001,"temperate.deciduous.HPDA"
1002,"temperate.deciduous.HPDA"
1003,"temperate.deciduous.HPDA"
1004,"temperate.deciduous.HPDA"
1005,"temperate.deciduous.HPDA"
1006,"temperate.deciduous.HPDA"
1007,"semiarid.grassland_HPDA"
1008,"temperate.deciduous.HPDA"
1009,"semiarid.grassland_HPDA"
1010,"temperate.deciduous.HPDA"
1011,"semiarid.grassland_HPDA"
1012,"semiarid.grassland_HPDA"
1013,"semiarid.grassland_HPDA"
1014,"semiarid.grassland_HPDA"
1015,"temperate.deciduous.HPDA"
1016,"semiarid.grassland_HPDA"
1017,"semiarid.grassland_HPDA"
1018,"semiarid.grassland_HPDA"
1019,"temperate.deciduous.HPDA"
1020,"semiarid.grassland_HPDA"
1021,"semiarid.grassland_HPDA"
1022,"semiarid.grassland_HPDA"
1023,"semiarid.grassland_HPDA"
1024,"semiarid.grassland_HPDA"
1025,"temperate.deciduous.HPDA"
1026,"temperate.deciduous.HPDA"
1027,"semiarid.grassland_HPDA"
1028,"temperate.deciduous.HPDA"
1029,"temperate.deciduous.HPDA"
1030,"temperate.deciduous.HPDA"
1031,"temperate.deciduous.HPDA"
1032,"semiarid.grassland_HPDA"
1033,"semiarid.grassland_HPDA"
1034,"semiarid.grassland_HPDA"
1035,"semiarid.grassland_HPDA"
1036,"semiarid.grassland_HPDA"
1037,"boreal.coniferous"
1038,"semiarid.grassland_HPDA"
1039,"temperate.deciduous.HPDA"
1040,"semiarid.grassland_HPDA"
1041,"semiarid.grassland_HPDA"
1042,"semiarid.grassland_HPDA"
1043,"temperate.deciduous.HPDA"
1044,"semiarid.grassland_HPDA"
1045,"semiarid.grassland_HPDA"
1046,"semiarid.grassland_HPDA"
1047,"semiarid.grassland_HPDA"
1048,"semiarid.grassland_HPDA"
1049,"temperate.deciduous.HPDA"
1050,"temperate.deciduous.HPDA"
1051,"semiarid.grassland_HPDA"
1052,"temperate.deciduous.HPDA"
1053,"temperate.deciduous.HPDA"
1054,"semiarid.grassland_HPDA"
1055,"semiarid.grassland_HPDA"
1056,"semiarid.grassland_HPDA"
1057,"semiarid.grassland_HPDA"
1058,"semiarid.grassland_HPDA"
1059,"semiarid.grassland_HPDA"
1060,"semiarid.grassland_HPDA"
1061,"semiarid.grassland_HPDA"
1062,"semiarid.grassland_HPDA"
1063,"temperate.deciduous.HPDA"
1064,"semiarid.grassland_HPDA"
1065,"semiarid.grassland_HPDA"
1066,"temperate.deciduous.HPDA"
1067,"semiarid.grassland_HPDA"
1068,"semiarid.grassland_HPDA"
1069,"semiarid.grassland_HPDA"
1070,"temperate.deciduous.HPDA"
1071,"semiarid.grassland_HPDA"
1072,"semiarid.grassland_HPDA"
1073,"semiarid.grassland_HPDA"
1074,"semiarid.grassland_HPDA"
1075,"semiarid.grassland_HPDA"
1076,"semiarid.grassland_HPDA"
1077,"semiarid.grassland_HPDA"
1078,"semiarid.grassland_HPDA"
1079,"semiarid.grassland_HPDA"
1080,"semiarid.grassland_HPDA"
1081,"temperate.deciduous.HPDA"
1082,"semiarid.grassland_HPDA"
1083,"semiarid.grassland_HPDA"
1084,"semiarid.grassland_HPDA"
1085,"semiarid.grassland_HPDA"
1086,"semiarid.grassland_HPDA"
1087,"semiarid.grassland_HPDA"
1088,"semiarid.grassland_HPDA"
1089,"semiarid.grassland_HPDA"
1090,"semiarid.grassland_HPDA"
1091,"temperate.deciduous.HPDA"
1092,"semiarid.grassland_HPDA"
1093,"semiarid.grassland_HPDA"
1094,"semiarid.grassland_HPDA"
1095,"semiarid.grassland_HPDA"
1096,"semiarid.grassland_HPDA"
1097,"semiarid.grassland_HPDA"
1098,"semiarid.grassland_HPDA"
1099,"temperate.deciduous.HPDA"
1100,"semiarid.grassland_HPDA"
1101,"temperate.deciduous.HPDA"
1102,"semiarid.grassland_HPDA"
1103,"semiarid.grassland_HPDA"
1104,"semiarid.grassland_HPDA"
1105,"temperate.deciduous.HPDA"
1106,"semiarid.grassland_HPDA"
1107,"semiarid.grassland_HPDA"
1108,"temperate.deciduous.HPDA"
1109,"semiarid.grassland_HPDA"
1110,"semiarid.grassland_HPDA"
1111,"temperate.deciduous.HPDA"
1112,"semiarid.grassland_HPDA"
1113,"semiarid.grassland_HPDA"
1114,"semiarid.grassland_HPDA"
1115,"semiarid.grassland_HPDA"
1116,"semiarid.grassland_HPDA"
1117,"semiarid.grassland_HPDA"
1118,"semiarid.grassland_HPDA"
1119,"semiarid.grassland_HPDA"
1120,"semiarid.grassland_HPDA"
1121,"semiarid.grassland_HPDA"
1122,"boreal.coniferous"
1123,"boreal.coniferous"
1124,"temperate.deciduous.HPDA"
1125,"temperate.deciduous.HPDA"
1126,"semiarid.grassland_HPDA"
1127,"semiarid.grassland_HPDA"
1128,"temperate.deciduous.HPDA"
1129,"semiarid.grassland_HPDA"
1130,"semiarid.grassland_HPDA"
1131,"semiarid.grassland_HPDA"
1132,"boreal.coniferous"
1133,"semiarid.grassland_HPDA"
1134,"semiarid.grassland_HPDA"
1135,"semiarid.grassland_HPDA"
1136,"temperate.deciduous.HPDA"
1137,"semiarid.grassland_HPDA"
1138,"semiarid.grassland_HPDA"
1139,"semiarid.grassland_HPDA"
1140,"temperate.deciduous.HPDA"
1141,"semiarid.grassland_HPDA"
1142,"semiarid.grassland_HPDA"
1143,"semiarid.grassland_HPDA"
1144,"semiarid.grassland_HPDA"
1145,"boreal.coniferous"
1146,"semiarid.grassland_HPDA"
1147,"temperate.deciduous.HPDA"
1148,"semiarid.grassland_HPDA"
1149,"semiarid.grassland_HPDA"
1150,"semiarid.grassland_HPDA"
1151,"semiarid.grassland_HPDA"
1152,"semiarid.grassland_HPDA"
1153,"semiarid.grassland_HPDA"
1154,"semiarid.grassland_HPDA"
1155,"semiarid.grassland_HPDA"
1156,"semiarid.grassland_HPDA"
1157,"temperate.deciduous.HPDA"
1158,"semiarid.grassland_HPDA"
1159,"temperate.deciduous.HPDA"
1160,"semiarid.grassland_HPDA"
1161,"semiarid.grassland_HPDA"
1162,"semiarid.grassland_HPDA"
1163,"semiarid.grassland_HPDA"
1164,"semiarid.grassland_HPDA"
1165,"semiarid.grassland_HPDA"
1166,"temperate.deciduous.HPDA"
1167,"temperate.deciduous.HPDA"
1168,"semiarid.grassland_HPDA"
1169,"semiarid.grassland_HPDA"
1170,"semiarid.grassland_HPDA"
1171,"semiarid.grassland_HPDA"
1172,"semiarid.grassland_HPDA"
1173,"temperate.deciduous.HPDA"
1174,"semiarid.grassland_HPDA"
1175,"semiarid.grassland_HPDA"
1176,"semiarid.grassland_HPDA"
1177,"semiarid.grassland_HPDA"
1178,"semiarid.grassland_HPDA"
1179,"semiarid.grassland_HPDA"
1180,"semiarid.grassland_HPDA"
1181,"semiarid.grassland_HPDA"
1182,"temperate.deciduous.HPDA"
1183,"semiarid.grassland_HPDA"
1184,"semiarid.grassland_HPDA"
1185,"semiarid.grassland_HPDA"
1186,"semiarid.grassland_HPDA"
1187,"semiarid.grassland_HPDA"
1188,"semiarid.grassland_HPDA"
1189,"semiarid.grassland_HPDA"
1190,"semiarid.grassland_HPDA"
1191,"semiarid.grassland_HPDA"
1192,"semiarid.grassland_HPDA"
1193,"temperate.deciduous.HPDA"
1194,"semiarid.grassland_HPDA"
1195,"semiarid.grassland_HPDA"
1196,"semiarid.grassland_HPDA"
1197,"semiarid.grassland_HPDA"
1198,"semiarid.grassland_HPDA"
1199,"semiarid.grassland_HPDA"
1200,"boreal.coniferous"
1201,"semiarid.grassland_HPDA"
1202,"semiarid.grassland_HPDA"
1203,"semiarid.grassland_HPDA"
1204,"semiarid.grassland_HPDA"
1205,"semiarid.grassland_HPDA"
1206,"semiarid.grassland_HPDA"
1207,"semiarid.grassland_HPDA"
1208,"semiarid.grassland_HPDA"
1209,"semiarid.grassland_HPDA"
1210,"semiarid.grassland_HPDA"
1211,"semiarid.grassland_HPDA"
1212,"semiarid.grassland_HPDA"
1213,"semiarid.grassland_HPDA"
1214,"semiarid.grassland_HPDA"
1215,"semiarid.grassland_HPDA"
1216,"semiarid.grassland_HPDA"
1217,"semiarid.grassland_HPDA"
1218,"boreal.coniferous"
1219,"semiarid.grassland_HPDA"
1220,"semiarid.grassland_HPDA"
1221,"semiarid.grassland_HPDA"
1222,"semiarid.grassland_HPDA"
1223,"temperate.deciduous.HPDA"
1224,"semiarid.grassland_HPDA"
1225,"semiarid.grassland_HPDA"
1226,"semiarid.grassland_HPDA"
1227,"semiarid.grassland_HPDA"
1228,"semiarid.grassland_HPDA"
1229,"semiarid.grassland_HPDA"
1230,"semiarid.grassland_HPDA"
1231,"semiarid.grassland_HPDA"
1232,"temperate.deciduous.HPDA"
1233,"semiarid.grassland_HPDA"
1234,"boreal.coniferous"
1235,"semiarid.grassland_HPDA"
1236,"semiarid.grassland_HPDA"
1237,"semiarid.grassland_HPDA"
1238,"semiarid.grassland_HPDA"
1239,"boreal.coniferous"
1240,"semiarid.grassland_HPDA"
1241,"semiarid.grassland_HPDA"
1242,"boreal.coniferous"
1243,"semiarid.grassland_HPDA"
1244,"semiarid.grassland_HPDA"
1245,"semiarid.grassland_HPDA"
1246,"semiarid.grassland_HPDA"
1247,"semiarid.grassland_HPDA"
1248,"semiarid.grassland_HPDA"
1249,"semiarid.grassland_HPDA"
1250,"semiarid.grassland_HPDA"
1251,"semiarid.grassland_HPDA"
1252,"semiarid.grassland_HPDA"
1253,"semiarid.grassland_HPDA"
1254,"temperate.deciduous.HPDA"
1255,"temperate.deciduous.HPDA"
1256,"semiarid.grassland_HPDA"
1257,"semiarid.grassland_HPDA"
1258,"semiarid.grassland_HPDA"
1259,"semiarid.grassland_HPDA"
1260,"semiarid.grassland_HPDA"
1261,"semiarid.grassland_HPDA"
1262,"semiarid.grassland_HPDA"
1263,"semiarid.grassland_HPDA"
1264,"semiarid.grassland_HPDA"
1265,"semiarid.grassland_HPDA"
1266,"semiarid.grassland_HPDA"
1267,"boreal.coniferous"
1268,"semiarid.grassland_HPDA"
1269,"semiarid.grassland_HPDA"
1270,"semiarid.grassland_HPDA"
1271,"semiarid.grassland_HPDA"
1272,"semiarid.grassland_HPDA"
1273,"semiarid.grassland_HPDA"
1274,"semiarid.grassland_HPDA"
1275,"semiarid.grassland_HPDA"
1276,"semiarid.grassland_HPDA"
1277,"semiarid.grassland_HPDA"
1278,"semiarid.grassland_HPDA"
1279,"semiarid.grassland_HPDA"
1280,"boreal.coniferous"
1281,"semiarid.grassland_HPDA"
1282,"boreal.coniferous"
1283,"semiarid.grassland_HPDA"
1284,"semiarid.grassland_HPDA"
1285,"semiarid.grassland_HPDA"
1286,"boreal.coniferous"
1287,"semiarid.grassland_HPDA"
1288,"semiarid.grassland_HPDA"
1289,"semiarid.grassland_HPDA"
1290,"boreal.coniferous"
1291,"semiarid.grassland_HPDA"
1292,"semiarid.grassland_HPDA"
1293,"semiarid.grassland_HPDA"
1294,"semiarid.grassland_HPDA"
1295,"semiarid.grassland_HPDA"
1296,"boreal.coniferous"
1297,"semiarid.grassland_HPDA"
1298,"semiarid.grassland_HPDA"
1299,"semiarid.grassland_HPDA"
1300,"semiarid.grassland_HPDA"
1301,"semiarid.grassland_HPDA"
1302,"semiarid.grassland_HPDA"
1303,"temperate.deciduous.HPDA"
1304,"semiarid.grassland_HPDA"
1305,"semiarid.grassland_HPDA"
1306,"semiarid.grassland_HPDA"
1307,"semiarid.grassland_HPDA"
1308,"semiarid.grassland_HPDA"
1309,"temperate.deciduous.HPDA"
1310,"semiarid.grassland_HPDA"
1311,"semiarid.grassland_HPDA"
1312,"semiarid.grassland_HPDA"
1313,"temperate.deciduous.HPDA"
1314,"boreal.coniferous"
1315,"semiarid.grassland_HPDA"
1316,"semiarid.grassland_HPDA"
1317,"semiarid.grassland_HPDA"
1318,"semiarid.grassland_HPDA"
1319,"semiarid.grassland_HPDA"
1320,"boreal.coniferous"
1321,"boreal.coniferous"
1322,"semiarid.grassland_HPDA"
1323,"semiarid.grassland_HPDA"
1324,"semiarid.grassland_HPDA"
1325,"semiarid.grassland_HPDA"
1326,"semiarid.grassland_HPDA"
1327,"semiarid.grassland_HPDA"
1328,"semiarid.grassland_HPDA"
1329,"semiarid.grassland_HPDA"
1330,"semiarid.grassland_HPDA"
1331,"semiarid.grassland_HPDA"
1332,"semiarid.grassland_HPDA"
1333,"boreal.coniferous"
1334,"semiarid.grassland_HPDA"
1335,"semiarid.grassland_HPDA"
1336,"semiarid.grassland_HPDA"
1337,"semiarid.grassland_HPDA"
1338,"semiarid.grassland_HPDA"
1339,"semiarid.grassland_HPDA"
1340,"boreal.coniferous"
1341,"temperate.deciduous.HPDA"
1342,"semiarid.grassland_HPDA"
1343,"semiarid.grassland_HPDA"
1344,"semiarid.grassland_HPDA"
1345,"semiarid.grassland_HPDA"
1346,"semiarid.grassland_HPDA"
1347,"semiarid.grassland_HPDA"
1348,"semiarid.grassland_HPDA"
1349,"boreal.coniferous"
1350,"semiarid.grassland_HPDA"
1351,"semiarid.grassland_HPDA"
1352,"semiarid.grassland_HPDA"
1353,"temperate.deciduous.HPDA"
1354,"semiarid.grassland_HPDA"
1355,"semiarid.grassland_HPDA"
1356,"boreal.coniferous"
1357,"semiarid.grassland_HPDA"
1358,"semiarid.grassland_HPDA"
1359,"semiarid.grassland_HPDA"
1360,"semiarid.grassland_HPDA"
1361,"semiarid.grassland_HPDA"
1362,"semiarid.grassland_HPDA"
1363,"semiarid.grassland_HPDA"
1364,"boreal.coniferous"
1365,"temperate.deciduous.HPDA"
1366,"semiarid.grassland_HPDA"
1367,"semiarid.grassland_HPDA"
1368,"semiarid.grassland_HPDA"
1369,"semiarid.grassland_HPDA"
1370,"semiarid.grassland_HPDA"
1371,"semiarid.grassland_HPDA"
1372,"semiarid.grassland_HPDA"
1373,"semiarid.grassland_HPDA"
1374,"semiarid.grassland_HPDA"
1375,"boreal.coniferous"
1376,"boreal.coniferous"
1377,"semiarid.grassland_HPDA"
1378,"semiarid.grassland_HPDA"
1379,"semiarid.grassland_HPDA"
1380,"semiarid.grassland_HPDA"
1381,"semiarid.grassland_HPDA"
1382,"boreal.coniferous"
1383,"semiarid.grassland_HPDA"
1384,"semiarid.grassland_HPDA"
1385,"semiarid.grassland_HPDA"
1386,"semiarid.grassland_HPDA"
1387,"semiarid.grassland_HPDA"
1388,"semiarid.grassland_HPDA"
1389,"boreal.coniferous"
1390,"temperate.deciduous.HPDA"
1391,"semiarid.grassland_HPDA"
1392,"semiarid.grassland_HPDA"
1393,"semiarid.grassland_HPDA"
1394,"semiarid.grassland_HPDA"
1395,"boreal.coniferous"
1396,"temperate.deciduous.HPDA"
1397,"semiarid.grassland_HPDA"
1398,"semiarid.grassland_HPDA"
1399,"temperate.deciduous.HPDA"
1400,"semiarid.grassland_HPDA"
1401,"semiarid.grassland_HPDA"
1402,"boreal.coniferous"
1403,"boreal.coniferous"
1404,"semiarid.grassland_HPDA"
1405,"semiarid.grassland_HPDA"
1406,"semiarid.grassland_HPDA"
1407,"semiarid.grassland_HPDA"
1408,"semiarid.grassland_HPDA"
1409,"semiarid.grassland_HPDA"
1410,"semiarid.grassland_HPDA"
1411,"semiarid.grassland_HPDA"
1412,"semiarid.grassland_HPDA"
1413,"boreal.coniferous"
1414,"semiarid.grassland_HPDA"
1415,"semiarid.grassland_HPDA"
1416,"semiarid.grassland_HPDA"
1417,"semiarid.grassland_HPDA"
1418,"semiarid.grassland_HPDA"
1419,"semiarid.grassland_HPDA"
1420,"semiarid.grassland_HPDA"
1421,"boreal.coniferous"
1422,"semiarid.grassland_HPDA"
1423,"semiarid.grassland_HPDA"
1424,"semiarid.grassland_HPDA"
1425,"boreal.coniferous"
1426,"semiarid.grassland_HPDA"
1427,"semiarid.grassland_HPDA"
1428,"semiarid.grassland_HPDA"
1429,"semiarid.grassland_HPDA"
1430,"boreal.coniferous"
1431,"temperate.deciduous.HPDA"
1432,"semiarid.grassland_HPDA"
1433,"semiarid.grassland_HPDA"
1434,"temperate.deciduous.HPDA"
1435,"semiarid.grassland_HPDA"
1436,"boreal.coniferous"
1437,"semiarid.grassland_HPDA"
1438,"semiarid.grassland_HPDA"
1439,"semiarid.grassland_HPDA"
1440,"boreal.coniferous"
1441,"semiarid.grassland_HPDA"
1442,"semiarid.grassland_HPDA"
1443,"semiarid.grassland_HPDA"
1444,"boreal.coniferous"
1445,"semiarid.grassland_HPDA"
1446,"semiarid.grassland_HPDA"
1447,"semiarid.grassland_HPDA"
1448,"semiarid.grassland_HPDA"
1449,"boreal.coniferous"
1450,"semiarid.grassland_HPDA"
1451,"temperate.deciduous.HPDA"
1452,"semiarid.grassland_HPDA"
1453,"boreal.coniferous"
1454,"boreal.coniferous"
1455,"semiarid.grassland_HPDA"
1456,"semiarid.grassland_HPDA"
1457,"semiarid.grassland_HPDA"
1458,"semiarid.grassland_HPDA"
1459,"boreal.coniferous"
1460,"semiarid.grassland_HPDA"
1461,"semiarid.grassland_HPDA"
1462,"semiarid.grassland_HPDA"
1463,"semiarid.grassland_HPDA"
1464,"semiarid.grassland_HPDA"
1465,"semiarid.grassland_HPDA"
1466,"semiarid.grassland_HPDA"
1467,"boreal.coniferous"
1468,"boreal.coniferous"
1469,"boreal.coniferous"
1470,"semiarid.grassland_HPDA"
1471,"semiarid.grassland_HPDA"
1472,"boreal.coniferous"
1473,"boreal.coniferous"
1474,"semiarid.grassland_HPDA"
1475,"semiarid.grassland_HPDA"
1476,"semiarid.grassland_HPDA"
1477,"boreal.coniferous"
1478,"boreal.coniferous"
1479,"semiarid.grassland_HPDA"
1480,"semiarid.grassland_HPDA"
1481,"boreal.coniferous"
1482,"temperate.deciduous.HPDA"
1483,"semiarid.grassland_HPDA"
1484,"semiarid.grassland_HPDA"
1485,"semiarid.grassland_HPDA"
1486,"boreal.coniferous"
1487,"temperate.deciduous.HPDA"
1488,"temperate.deciduous.HPDA"
1489,"semiarid.grassland_HPDA"
1490,"semiarid.grassland_HPDA"
1491,"semiarid.grassland_HPDA"
1492,"semiarid.grassland_HPDA"
1493,"semiarid.grassland_HPDA"
1494,"semiarid.grassland_HPDA"
1495,"semiarid.grassland_HPDA"
1496,"semiarid.grassland_HPDA"
1497,"semiarid.grassland_HPDA"
1498,"temperate.deciduous.HPDA"
1499,"semiarid.grassland_HPDA"
1500,"semiarid.grassland_HPDA"
1501,"semiarid.grassland_HPDA"
1502,"semiarid.grassland_HPDA"
1503,"temperate.deciduous.HPDA"
1504,"semiarid.grassland_HPDA"
1505,"temperate.deciduous.HPDA"
1506,"semiarid.grassland_HPDA"
1507,"semiarid.grassland_HPDA"
1508,"semiarid.grassland_HPDA"
1509,"semiarid.grassland_HPDA"
1510,"semiarid.grassland_HPDA"
1511,"boreal.coniferous"
1512,"semiarid.grassland_HPDA"
1513,"boreal.coniferous"
1514,"semiarid.grassland_HPDA"
1515,"semiarid.grassland_HPDA"
1516,"semiarid.grassland_HPDA"
1517,"semiarid.grassland_HPDA"
1518,"semiarid.grassland_HPDA"
1519,"semiarid.grassland_HPDA"
1520,"semiarid.grassland_HPDA"
1521,"semiarid.grassland_HPDA"
1522,"semiarid.grassland_HPDA"
1523,"semiarid.grassland_HPDA"
1524,"semiarid.grassland_HPDA"
1525,"temperate.deciduous.HPDA"
1526,"semiarid.grassland_HPDA"
1527,"semiarid.grassland_HPDA"
1528,"boreal.coniferous"
1529,"semiarid.grassland_HPDA"
1530,"semiarid.grassland_HPDA"
1531,"semiarid.grassland_HPDA"
1532,"boreal.coniferous"
1533,"boreal.coniferous"
1534,"semiarid.grassland_HPDA"
1535,"boreal.coniferous"
1536,"semiarid.grassland_HPDA"
1537,"semiarid.grassland_HPDA"
1538,"semiarid.grassland_HPDA"
1539,"semiarid.grassland_HPDA"
1540,"semiarid.grassland_HPDA"
1541,"temperate.deciduous.HPDA"
1542,"boreal.coniferous"
1543,"semiarid.grassland_HPDA"
1544,"semiarid.grassland_HPDA"
1545,"boreal.coniferous"
1546,"semiarid.grassland_HPDA"
1547,"semiarid.grassland_HPDA"
1548,"semiarid.grassland_HPDA"
1549,"boreal.coniferous"
1550,"boreal.coniferous"
1551,"boreal.coniferous"
1552,"semiarid.grassland_HPDA"
1553,"semiarid.grassland_HPDA"
1554,"semiarid.grassland_HPDA"
1555,"semiarid.grassland_HPDA"
1556,"boreal.coniferous"
1557,"semiarid.grassland_HPDA"
1558,"semiarid.grassland_HPDA"
1559,"semiarid.grassland_HPDA"
1560,"boreal.coniferous"
1561,"boreal.coniferous"
1562,"boreal.coniferous"
1563,"semiarid.grassland_HPDA"
1564,"boreal.coniferous"
1565,"semiarid.grassland_HPDA"
1566,"temperate.deciduous.HPDA"
1567,"boreal.coniferous"
1568,"boreal.coniferous"
1569,"boreal.coniferous"
1570,"temperate.deciduous.HPDA"
1571,"boreal.coniferous"
1572,"boreal.coniferous"
1573,"boreal.coniferous"
1574,"temperate.deciduous.HPDA"
1575,"temperate.deciduous.HPDA"
1576,"temperate.deciduous.HPDA"
1577,"boreal.coniferous"
1578,"boreal.coniferous"
1579,"temperate.deciduous.HPDA"
1580,"boreal.coniferous"
1581,"semiarid.grassland_HPDA"
1582,"boreal.coniferous"
1583,"temperate.deciduous.HPDA"
1584,"boreal.coniferous"
1585,"semiarid.grassland_HPDA"
1586,"semiarid.grassland_HPDA"
1587,"semiarid.grassland_HPDA"
1588,"boreal.coniferous"
1589,"semiarid.grassland_HPDA"
1590,"semiarid.grassland_HPDA"
1591,"boreal.coniferous"
1592,"semiarid.grassland_HPDA"
1593,"semiarid.grassland_HPDA"
1594,"semiarid.grassland_HPDA"
1595,"semiarid.grassland_HPDA"
1596,"semiarid.grassland_HPDA"
1597,"semiarid.grassland_HPDA"
1598,"temperate.deciduous.HPDA"
1599,"semiarid.grassland_HPDA"
1600,"boreal.coniferous"
1601,"boreal.coniferous"
1602,"boreal.coniferous"
1603,"boreal.coniferous"
1604,"boreal.coniferous"
1605,"semiarid.grassland_HPDA"
1606,"temperate.deciduous.HPDA"
1607,"boreal.coniferous"
1608,"boreal.coniferous"
1609,"boreal.coniferous"
1610,"semiarid.grassland_HPDA"
1611,"temperate.deciduous.HPDA"
1612,"temperate.deciduous.HPDA"
1613,"semiarid.grassland_HPDA"
1614,"boreal.coniferous"
1615,"boreal.coniferous"
1616,"semiarid.grassland_HPDA"
1617,"semiarid.grassland_HPDA"
1618,"temperate.deciduous.HPDA"
1619,"semiarid.grassland_HPDA"
1620,"semiarid.grassland_HPDA"
1621,"semiarid.grassland_HPDA"
1622,"boreal.coniferous"
1623,"temperate.deciduous.HPDA"
1624,"semiarid.grassland_HPDA"
1625,"boreal.coniferous"
1626,"temperate.deciduous.HPDA"
1627,"boreal.coniferous"
1628,"semiarid.grassland_HPDA"
1629,"semiarid.grassland_HPDA"
1630,"semiarid.grassland_HPDA"
1631,"semiarid.grassland_HPDA"
1632,"semiarid.grassland_HPDA"
1633,"temperate.deciduous.HPDA"
1634,"temperate.deciduous.HPDA"
1635,"temperate.deciduous.HPDA"
1636,"semiarid.grassland_HPDA"
1637,"semiarid.grassland_HPDA"
1638,"semiarid.grassland_HPDA"
1639,"temperate.deciduous.HPDA"
1640,"boreal.coniferous"
1641,"temperate.deciduous.HPDA"
1642,"boreal.coniferous"
1643,"boreal.coniferous"
1644,"boreal.coniferous"
1645,"boreal.coniferous"
1646,"boreal.coniferous"
1647,"semiarid.grassland_HPDA"
1648,"semiarid.grassland_HPDA"
1649,"semiarid.grassland_HPDA"
1650,"boreal.coniferous"
1651,"semiarid.grassland_HPDA"
1652,"semiarid.grassland_HPDA"
1653,"boreal.coniferous"
1654,"semiarid.grassland_HPDA"
1655,"boreal.coniferous"
1656,"semiarid.grassland_HPDA"
1657,"boreal.coniferous"
1658,"semiarid.grassland_HPDA"
1659,"semiarid.grassland_HPDA"
1660,"semiarid.grassland_HPDA"
1661,"semiarid.grassland_HPDA"
1662,"semiarid.grassland_HPDA"
1663,"semiarid.grassland_HPDA"
1664,"boreal.coniferous"
1665,"semiarid.grassland_HPDA"
1666,"semiarid.grassland_HPDA"
1667,"semiarid.grassland_HPDA"
1668,"semiarid.grassland_HPDA"
1669,"boreal.coniferous"
1670,"temperate.deciduous.HPDA"
1671,"semiarid.grassland_HPDA"
1672,"boreal.coniferous"
1673,"semiarid.grassland_HPDA"
1674,"semiarid.grassland_HPDA"
1675,"semiarid.grassland_HPDA"
1676,"semiarid.grassland_HPDA"
1677,"semiarid.grassland_HPDA"
1678,"semiarid.grassland_HPDA"
1679,"boreal.coniferous"
1680,"semiarid.grassland_HPDA"
1681,"semiarid.grassland_HPDA"
1682,"semiarid.grassland_HPDA"
1683,"semiarid.grassland_HPDA"
1684,"semiarid.grassland_HPDA"
1685,"semiarid.grassland_HPDA"
1686,"semiarid.grassland_HPDA"
1687,"semiarid.grassland_HPDA"
1688,"boreal.coniferous"
1689,"semiarid.grassland_HPDA"
1690,"boreal.coniferous"
1691,"semiarid.grassland_HPDA"
1692,"semiarid.grassland_HPDA"
1693,"boreal.coniferous"
1694,"temperate.deciduous.HPDA"
1695,"semiarid.grassland_HPDA"
1696,"boreal.coniferous"
1697,"semiarid.grassland_HPDA"
1698,"boreal.coniferous"
1699,"temperate.deciduous.HPDA"
1700,"semiarid.grassland_HPDA"
1701,"semiarid.grassland_HPDA"
1702,"semiarid.grassland_HPDA"
1703,"semiarid.grassland_HPDA"
1704,"semiarid.grassland_HPDA"
1705,"boreal.coniferous"
1706,"boreal.coniferous"
1707,"semiarid.grassland_HPDA"
1708,"semiarid.grassland_HPDA"
1709,"semiarid.grassland_HPDA"
1710,"temperate.deciduous.HPDA"
1711,"semiarid.grassland_HPDA"
1712,"boreal.coniferous"
1713,"temperate.deciduous.HPDA"
1714,"semiarid.grassland_HPDA"
1715,"semiarid.grassland_HPDA"
1716,"semiarid.grassland_HPDA"
1717,"semiarid.grassland_HPDA"
1718,"semiarid.grassland_HPDA"
1719,"semiarid.grassland_HPDA"
1720,"semiarid.grassland_HPDA"
1721,"boreal.coniferous"
1722,"semiarid.grassland_HPDA"
1723,"semiarid.grassland_HPDA"
1724,"semiarid.grassland_HPDA"
1725,"boreal.coniferous"
1726,"temperate.deciduous.HPDA"
1727,"boreal.coniferous"
1728,"temperate.deciduous.HPDA"
1729,"semiarid.grassland_HPDA"
1730,"semiarid.grassland_HPDA"
1731,"semiarid.grassland_HPDA"
1732,"temperate.deciduous.HPDA"
1733,"semiarid.grassland_HPDA"
1734,"semiarid.grassland_HPDA"
1735,"semiarid.grassland_HPDA"
1736,"semiarid.grassland_HPDA"
1737,"semiarid.grassland_HPDA"
1738,"semiarid.grassland_HPDA"
1739,"boreal.coniferous"
1740,"temperate.deciduous.HPDA"
1741,"boreal.coniferous"
1742,"temperate.deciduous.HPDA"
1743,"boreal.coniferous"
1744,"semiarid.grassland_HPDA"
1745,"semiarid.grassland_HPDA"
1746,"semiarid.grassland_HPDA"
1747,"semiarid.grassland_HPDA"
1748,"boreal.coniferous"
1749,"boreal.coniferous"
1750,"boreal.coniferous"
1751,"semiarid.grassland_HPDA"
1752,"semiarid.grassland_HPDA"
1753,"semiarid.grassland_HPDA"
1754,"boreal.coniferous"
1755,"boreal.coniferous"
1756,"semiarid.grassland_HPDA"
1757,"semiarid.grassland_HPDA"
1758,"semiarid.grassland_HPDA"
1759,"semiarid.grassland_HPDA"
1760,"semiarid.grassland_HPDA"
1761,"semiarid.grassland_HPDA"
1762,"semiarid.grassland_HPDA"
1763,"boreal.coniferous"
1764,"semiarid.grassland_HPDA"
1765,"semiarid.grassland_HPDA"
1766,"boreal.coniferous"
1767,"boreal.coniferous"
1768,"semiarid.grassland_HPDA"
1769,"semiarid.grassland_HPDA"
1770,"semiarid.grassland_HPDA"
1771,"temperate.deciduous.HPDA"
1772,"semiarid.grassland_HPDA"
1773,"semiarid.grassland_HPDA"
1774,"boreal.coniferous"
1775,"semiarid.grassland_HPDA"
1776,"semiarid.grassland_HPDA"
1777,"boreal.coniferous"
1778,"temperate.deciduous.HPDA"
1779,"semiarid.grassland_HPDA"
1780,"semiarid.grassland_HPDA"
1781,"semiarid.grassland_HPDA"
1782,"semiarid.grassland_HPDA"
1783,"boreal.coniferous"
1784,"temperate.deciduous.HPDA"
1785,"temperate.deciduous.HPDA"
1786,"semiarid.grassland_HPDA"
1787,"semiarid.grassland_HPDA"
1788,"semiarid.grassland_HPDA"
1789,"semiarid.grassland_HPDA"
1790,"boreal.coniferous"
1791,"semiarid.grassland_HPDA"
1792,"boreal.coniferous"
1793,"boreal.coniferous"
1794,"boreal.coniferous"
1795,"boreal.coniferous"
1796,"semiarid.grassland_HPDA"
1797,"temperate.deciduous.HPDA"
1798,"semiarid.grassland_HPDA"
1799,"temperate.deciduous.HPDA"
1800,"semiarid.grassland_HPDA"
1801,"semiarid.grassland_HPDA"
1802,"temperate.deciduous.HPDA"
1803,"temperate.deciduous.HPDA"
1804,"semiarid.grassland_HPDA"
1805,"semiarid.grassland_HPDA"
1806,"boreal.coniferous"
1807,"semiarid.grassland_HPDA"
1808,"semiarid.grassland_HPDA"
1809,"boreal.coniferous"
1810,"boreal.coniferous"
1811,"semiarid.grassland_HPDA"
1812,"semiarid.grassland_HPDA"
1813,"temperate.deciduous.HPDA"
1814,"semiarid.grassland_HPDA"
1815,"semiarid.grassland_HPDA"
1816,"boreal.coniferous"
1817,"boreal.coniferous"
1818,"semiarid.grassland_HPDA"
1819,"boreal.coniferous"
1820,"temperate.deciduous.HPDA"
1821,"semiarid.grassland_HPDA"
1822,"semiarid.grassland_HPDA"
1823,"semiarid.grassland_HPDA"
1824,"semiarid.grassland_HPDA"
1825,"boreal.coniferous"
1826,"boreal.coniferous"
1827,"boreal.coniferous"
1828,"semiarid.grassland_HPDA"
1829,"semiarid.grassland_HPDA"
1830,"semiarid.grassland_HPDA"
1831,"temperate.deciduous.HPDA"
1832,"temperate.deciduous.HPDA"
1833,"temperate.deciduous.HPDA"
1834,"semiarid.grassland_HPDA"
1835,"boreal.coniferous"
1836,"semiarid.grassland_HPDA"
1837,"boreal.coniferous"
1838,"semiarid.grassland_HPDA"
1839,"semiarid.grassland_HPDA"
1840,"temperate.deciduous.HPDA"
1841,"semiarid.grassland_HPDA"
1842,"semiarid.grassland_HPDA"
1843,"semiarid.grassland_HPDA"
1844,"semiarid.grassland_HPDA"
1845,"boreal.coniferous"
1846,"semiarid.grassland_HPDA"
1847,"semiarid.grassland_HPDA"
1848,"semiarid.grassland_HPDA"
1849,"semiarid.grassland_HPDA"
1850,"semiarid.grassland_HPDA"
1851,"boreal.coniferous"
1852,"boreal.coniferous"
1853,"semiarid.grassland_HPDA"
1854,"semiarid.grassland_HPDA"
1855,"semiarid.grassland_HPDA"
1856,"boreal.coniferous"
1857,"boreal.coniferous"
1858,"boreal.coniferous"
1859,"boreal.coniferous"
1860,"boreal.coniferous"
1861,"boreal.coniferous"
1862,"semiarid.grassland_HPDA"
1863,"boreal.coniferous"
1864,"temperate.deciduous.HPDA"
1865,"semiarid.grassland_HPDA"
1866,"semiarid.grassland_HPDA"
1867,"boreal.coniferous"
1868,"semiarid.grassland_HPDA"
1869,"boreal.coniferous"
1870,"semiarid.grassland_HPDA"
1871,"semiarid.grassland_HPDA"
1872,"semiarid.grassland_HPDA"
1873,"temperate.deciduous.HPDA"
1874,"boreal.coniferous"
1875,"boreal.coniferous"
1876,"semiarid.grassland_HPDA"
1877,"semiarid.grassland_HPDA"
1878,"semiarid.grassland_HPDA"
1879,"semiarid.grassland_HPDA"
1880,"boreal.coniferous"
1881,"semiarid.grassland_HPDA"
1882,"semiarid.grassland_HPDA"
1883,"temperate.deciduous.HPDA"
1884,"semiarid.grassland_HPDA"
1885,"semiarid.grassland_HPDA"
1886,"semiarid.grassland_HPDA"
1887,"semiarid.grassland_HPDA"
1888,"temperate.deciduous.HPDA"
1889,"boreal.coniferous"
1890,"semiarid.grassland_HPDA"
1891,"semiarid.grassland_HPDA"
1892,"semiarid.grassland_HPDA"
1893,"semiarid.grassland_HPDA"
1894,"semiarid.grassland_HPDA"
1895,"semiarid.grassland_HPDA"
1896,"boreal.coniferous"
1897,"semiarid.grassland_HPDA"
1898,"semiarid.grassland_HPDA"
1899,"boreal.coniferous"
1900,"semiarid.grassland_HPDA"
1901,"boreal.coniferous"
1902,"semiarid.grassland_HPDA"
1903,"boreal.coniferous"
1904,"semiarid.grassland_HPDA"
1905,"semiarid.grassland_HPDA"
1906,"semiarid.grassland_HPDA"
1907,"semiarid.grassland_HPDA"
1908,"semiarid.grassland_HPDA"
1909,"semiarid.grassland_HPDA"
1910,"temperate.deciduous.HPDA"
1911,"semiarid.grassland_HPDA"
1912,"boreal.coniferous"
1913,"semiarid.grassland_HPDA"
1914,"semiarid.grassland_HPDA"
1915,"semiarid.grassland_HPDA"
1916,"semiarid.grassland_HPDA"
1917,"semiarid.grassland_HPDA"
1918,"boreal.coniferous"
1919,"semiarid.grassland_HPDA"
1920,"semiarid.grassland_HPDA"
1921,"semiarid.grassland_HPDA"
1922,"semiarid.grassland_HPDA"
1923,"semiarid.grassland_HPDA"
1924,"semiarid.grassland_HPDA"
1925,"semiarid.grassland_HPDA"
1926,"semiarid.grassland_HPDA"
1927,"boreal.coniferous"
1928,"semiarid.grassland_HPDA"
1929,"semiarid.grassland_HPDA"
1930,"semiarid.grassland_HPDA"
1931,"temperate.deciduous.HPDA"
1932,"semiarid.grassland_HPDA"
1933,"boreal.coniferous"
1934,"boreal.coniferous"
1935,"semiarid.grassland_HPDA"
1936,"boreal.coniferous"
1937,"boreal.coniferous"
1938,"semiarid.grassland_HPDA"
1939,"semiarid.grassland_HPDA"
1940,"semiarid.grassland_HPDA"
1941,"semiarid.grassland_HPDA"
1942,"temperate.deciduous.HPDA"
1943,"semiarid.grassland_HPDA"
1944,"semiarid.grassland_HPDA"
1945,"boreal.coniferous"
1946,"semiarid.grassland_HPDA"
1947,"temperate.deciduous.HPDA"
1948,"temperate.deciduous.HPDA"
1949,"boreal.coniferous"
1950,"boreal.coniferous"
1951,"temperate.deciduous.HPDA"
1952,"temperate.deciduous.HPDA"
1953,"boreal.coniferous"
1954,"semiarid.grassland_HPDA"
1955,"semiarid.grassland_HPDA"
1956,"temperate.deciduous.HPDA"
1957,"boreal.coniferous"
1958,"semiarid.grassland_HPDA"
1959,"semiarid.grassland_HPDA"
1960,"temperate.deciduous.HPDA"
1961,"temperate.deciduous.HPDA"
1962,"boreal.coniferous"
1963,"boreal.coniferous"
1964,"boreal.coniferous"
1965,"semiarid.grassland_HPDA"
1966,"semiarid.grassland_HPDA"
1967,"semiarid.grassland_HPDA"
1968,"boreal.coniferous"
1969,"boreal.coniferous"
1970,"semiarid.grassland_HPDA"
1971,"semiarid.grassland_HPDA"
1972,"boreal.coniferous"
1973,"temperate.deciduous.HPDA"
1974,"semiarid.grassland_HPDA"
1975,"semiarid.grassland_HPDA"
1976,"semiarid.grassland_HPDA"
1977,"semiarid.grassland_HPDA"
1978,"boreal.coniferous"
1979,"semiarid.grassland_HPDA"
1980,"boreal.coniferous"
1981,"semiarid.grassland_HPDA"
1982,"semiarid.grassland_HPDA"
1983,"semiarid.grassland_HPDA"
1984,"boreal.coniferous"
1985,"boreal.coniferous"
1986,"semiarid.grassland_HPDA"
1987,"temperate.deciduous.HPDA"
1988,"semiarid.grassland_HPDA"
1989,"semiarid.grassland_HPDA"
1990,"semiarid.grassland_HPDA"
1991,"temperate.deciduous.HPDA"
1992,"semiarid.grassland_HPDA"
1993,"boreal.coniferous"
1994,"semiarid.grassland_HPDA"
1995,"boreal.coniferous"
1996,"boreal.coniferous"
1997,"boreal.coniferous"
1998,"semiarid.grassland_HPDA"
1999,"semiarid.grassland_HPDA"
2000,"semiarid.grassland_HPDA"
2001,"semiarid.grassland_HPDA"
2002,"boreal.coniferous"
2003,"semiarid.grassland_HPDA"
2004,"semiarid.grassland_HPDA"
2005,"temperate.deciduous.HPDA"
2006,"boreal.coniferous"
2007,"semiarid.grassland_HPDA"
2008,"temperate.deciduous.HPDA"
2009,"semiarid.grassland_HPDA"
2010,"temperate.deciduous.HPDA"
2011,"semiarid.grassland_HPDA"
2012,"boreal.coniferous"
2013,"boreal.coniferous"
2014,"boreal.coniferous"
2015,"boreal.coniferous"
2016,"semiarid.grassland_HPDA"
2017,"semiarid.grassland_HPDA"
2018,"semiarid.grassland_HPDA"
2019,"semiarid.grassland_HPDA"
2020,"temperate.deciduous.HPDA"
2021,"boreal.coniferous"
2022,"temperate.deciduous.HPDA"
2023,"semiarid.grassland_HPDA"
2024,"boreal.coniferous"
2025,"semiarid.grassland_HPDA"
2026,"boreal.coniferous"
2027,"boreal.coniferous"
2028,"boreal.coniferous"
2029,"boreal.coniferous"
2030,"temperate.deciduous.HPDA"
2031,"temperate.deciduous.HPDA"
2032,"boreal.coniferous"
2033,"boreal.coniferous"
2034,"semiarid.grassland_HPDA"
2035,"semiarid.grassland_HPDA"
2036,"semiarid.grassland_HPDA"
2037,"semiarid.grassland_HPDA"
2038,"boreal.coniferous"
2039,"boreal.coniferous"
2040,"boreal.coniferous"
2041,"temperate.deciduous.HPDA"
2042,"boreal.coniferous"
2043,"semiarid.grassland_HPDA"
2044,"semiarid.grassland_HPDA"
2045,"boreal.coniferous"
2046,"semiarid.grassland_HPDA"
2047,"semiarid.grassland_HPDA"
2048,"boreal.coniferous"
2049,"semiarid.grassland_HPDA"
2050,"boreal.coniferous"
2051,"semiarid.grassland_HPDA"
2052,"semiarid.grassland_HPDA"
2053,"boreal.coniferous"
2054,"boreal.coniferous"
2055,"semiarid.grassland_HPDA"
2056,"semiarid.grassland_HPDA"
2057,"temperate.deciduous.HPDA"
2058,"boreal.coniferous"
2059,"semiarid.grassland_HPDA"
2060,"semiarid.grassland_HPDA"
2061,"semiarid.grassland_HPDA"
2062,"semiarid.grassland_HPDA"
2063,"temperate.deciduous.HPDA"
2064,"boreal.coniferous"
2065,"boreal.coniferous"
2066,"boreal.coniferous"
2067,"semiarid.grassland_HPDA"
2068,"boreal.coniferous"
2069,"semiarid.grassland_HPDA"
2070,"temperate.deciduous.HPDA"
2071,"semiarid.grassland_HPDA"
2072,"boreal.coniferous"
2073,"semiarid.grassland_HPDA"
2074,"temperate.deciduous.HPDA"
2075,"semiarid.grassland_HPDA"
2076,"semiarid.grassland_HPDA"
2077,"semiarid.grassland_HPDA"
2078,"boreal.coniferous"
2079,"boreal.coniferous"
2080,"semiarid.grassland_HPDA"
2081,"boreal.coniferous"
2082,"semiarid.grassland_HPDA"
2083,"temperate.deciduous.HPDA"
2084,"semiarid.grassland_HPDA"
2085,"boreal.coniferous"
2086,"semiarid.grassland_HPDA"
2087,"temperate.deciduous.HPDA"
2088,"boreal.coniferous"
2089,"semiarid.grassland_HPDA"
2090,"semiarid.grassland_HPDA"
2091,"boreal.coniferous"
2092,"semiarid.grassland_HPDA"
2093,"semiarid.grassland_HPDA"
2094,"semiarid.grassland_HPDA"
2095,"boreal.coniferous"
2096,"boreal.coniferous"
2097,"semiarid.grassland_HPDA"
2098,"semiarid.grassland_HPDA"
2099,"boreal.coniferous"
2100,"boreal.coniferous"
2101,"semiarid.grassland_HPDA"
2102,"boreal.coniferous"
2103,"boreal.coniferous"
2104,"temperate.deciduous.HPDA"
2105,"temperate.deciduous.HPDA"
2106,"boreal.coniferous"
2107,"boreal.coniferous"
2108,"boreal.coniferous"
2109,"boreal.coniferous"
2110,"semiarid.grassland_HPDA"
2111,"temperate.deciduous.HPDA"
2112,"semiarid.grassland_HPDA"
2113,"semiarid.grassland_HPDA"
2114,"boreal.coniferous"
2115,"semiarid.grassland_HPDA"
2116,"semiarid.grassland_HPDA"
2117,"boreal.coniferous"
2118,"semiarid.grassland_HPDA"
2119,"boreal.coniferous"
2120,"semiarid.grassland_HPDA"
2121,"boreal.coniferous"
2122,"semiarid.grassland_HPDA"
2123,"semiarid.grassland_HPDA"
2124,"boreal.coniferous"
2125,"boreal.coniferous"
2126,"boreal.coniferous"
2127,"boreal.coniferous"
2128,"boreal.coniferous"
2129,"boreal.coniferous"
2130,"boreal.coniferous"
2131,"semiarid.grassland_HPDA"
2132,"boreal.coniferous"
2133,"boreal.coniferous"
2134,"boreal.coniferous"
2135,"boreal.coniferous"
2136,"boreal.coniferous"
2137,"semiarid.grassland_HPDA"
2138,"semiarid.grassland_HPDA"
2139,"boreal.coniferous"
2140,"boreal.coniferous"
2141,"semiarid.grassland_HPDA"
2142,"boreal.coniferous"
2143,"semiarid.grassland_HPDA"
2144,"boreal.coniferous"
2145,"semiarid.grassland_HPDA"
2146,"boreal.coniferous"
2147,"boreal.coniferous"
2148,"boreal.coniferous"
2149,"temperate.deciduous.HPDA"
2150,"semiarid.grassland_HPDA"
2151,"boreal.coniferous"
2152,"boreal.coniferous"
2153,"boreal.coniferous"
2154,"semiarid.grassland_HPDA"
2155,"semiarid.grassland_HPDA"
2156,"boreal.coniferous"
2157,"boreal.coniferous"
2158,"boreal.coniferous"
2159,"semiarid.grassland_HPDA"
2160,"boreal.coniferous"
2161,"semiarid.grassland_HPDA"
2162,"boreal.coniferous"
2163,"boreal.coniferous"
2164,"boreal.coniferous"
2165,"boreal.coniferous"
2166,"semiarid.grassland_HPDA"
2167,"boreal.coniferous"
2168,"semiarid.grassland_HPDA"
2169,"semiarid.grassland_HPDA"
2170,"boreal.coniferous"
2171,"boreal.coniferous"
2172,"boreal.coniferous"
2173,"boreal.coniferous"
2174,"boreal.coniferous"
2175,"boreal.coniferous"
2176,"temperate.deciduous.HPDA"
2177,"boreal.coniferous"
2178,"boreal.coniferous"
2179,"boreal.coniferous"
2180,"temperate.deciduous.HPDA"
2181,"semiarid.grassland_HPDA"
2182,"boreal.coniferous"
2183,"boreal.coniferous"
2184,"temperate.deciduous.HPDA"
2185,"boreal.coniferous"
2186,"boreal.coniferous"
2187,"boreal.coniferous"
2188,"boreal.coniferous"
2189,"semiarid.grassland_HPDA"
2190,"semiarid.grassland_HPDA"
2191,"boreal.coniferous"
2192,"boreal.coniferous"
2193,"boreal.coniferous"
2194,"boreal.coniferous"
2195,"semiarid.grassland_HPDA"
2196,"semiarid.grassland_HPDA"
2197,"temperate.deciduous.HPDA"
2198,"boreal.coniferous"
2199,"boreal.coniferous"
2200,"temperate.deciduous.HPDA"
2201,"boreal.coniferous"
2202,"semiarid.grassland_HPDA"
2203,"boreal.coniferous"
2204,"boreal.coniferous"
2205,"boreal.coniferous"
2206,"boreal.coniferous"
2207,"semiarid.grassland_HPDA"
2208,"semiarid.grassland_HPDA"
2209,"temperate.deciduous.HPDA"
2210,"boreal.coniferous"
2211,"boreal.coniferous"
2212,"boreal.coniferous"
2213,"boreal.coniferous"
2214,"temperate.deciduous.HPDA"
2215,"semiarid.grassland_HPDA"
2216,"boreal.coniferous"
2217,"boreal.coniferous"
2218,"boreal.coniferous"
2219,"boreal.coniferous"
2220,"boreal.coniferous"
2221,"boreal.coniferous"
2222,"boreal.coniferous"
2223,"boreal.coniferous"
2224,"semiarid.grassland_HPDA"
2225,"boreal.coniferous"
2226,"boreal.coniferous"
2227,"boreal.coniferous"
2228,"boreal.coniferous"
2229,"semiarid.grassland_HPDA"
2230,"boreal.coniferous"
2231,"temperate.deciduous.HPDA"
2232,"boreal.coniferous"
2233,"boreal.coniferous"
2234,"boreal.coniferous"
2235,"semiarid.grassland_HPDA"
2236,"temperate.deciduous.HPDA"
2237,"boreal.coniferous"
2238,"boreal.coniferous"
2239,"temperate.deciduous.HPDA"
2240,"boreal.coniferous"
2241,"boreal.coniferous"
2242,"boreal.coniferous"
2243,"semiarid.grassland_HPDA"
2244,"boreal.coniferous"
2245,"boreal.coniferous"
2246,"semiarid.grassland_HPDA"
2247,"temperate.deciduous.HPDA"
2248,"temperate.deciduous.HPDA"
2249,"temperate.deciduous.HPDA"
2250,"boreal.coniferous"
2251,"boreal.coniferous"
2252,"boreal.coniferous"
2253,"semiarid.grassland_HPDA"
2254,"boreal.coniferous"
2255,"boreal.coniferous"
2256,"temperate.deciduous.HPDA"
2257,"temperate.deciduous.HPDA"
2258,"boreal.coniferous"
2259,"boreal.coniferous"
2260,"boreal.coniferous"
2261,"boreal.coniferous"
2262,"semiarid.grassland_HPDA"
2263,"semiarid.grassland_HPDA"
2264,"semiarid.grassland_HPDA"
2265,"boreal.coniferous"
2266,"boreal.coniferous"
2267,"temperate.deciduous.HPDA"
2268,"semiarid.grassland_HPDA"
2269,"semiarid.grassland_HPDA"
2270,"boreal.coniferous"
2271,"semiarid.grassland_HPDA"
2272,"boreal.coniferous"
2273,"boreal.coniferous"
2274,"boreal.coniferous"
2275,"boreal.coniferous"
2276,"boreal.coniferous"
2277,"boreal.coniferous"
2278,"boreal.coniferous"
2279,"boreal.coniferous"
2280,"boreal.coniferous"
2281,"semiarid.grassland_HPDA"
2282,"boreal.coniferous"
2283,"temperate.deciduous.HPDA"
2284,"semiarid.grassland_HPDA"
2285,"boreal.coniferous"
2286,"semiarid.grassland_HPDA"
2287,"temperate.deciduous.HPDA"
2288,"semiarid.grassland_HPDA"
2289,"temperate.deciduous.HPDA"
2290,"semiarid.grassland_HPDA"
2291,"boreal.coniferous"
2292,"boreal.coniferous"
2293,"boreal.coniferous"
2294,"boreal.coniferous"
2295,"boreal.coniferous"
2296,"semiarid.grassland_HPDA"
2297,"boreal.coniferous"
2298,"boreal.coniferous"
2299,"semiarid.grassland_HPDA"
2300,"boreal.coniferous"
2301,"boreal.coniferous"
2302,"boreal.coniferous"
2303,"boreal.coniferous"
2304,"boreal.coniferous"
2305,"boreal.coniferous"
2306,"boreal.coniferous"
2307,"boreal.coniferous"
2308,"boreal.coniferous"
2309,"semiarid.grassland_HPDA"
2310,"temperate.deciduous.HPDA"
2311,"boreal.coniferous"
2312,"boreal.coniferous"
2313,"boreal.coniferous"
2314,"boreal.coniferous"
2315,"semiarid.grassland_HPDA"
2316,"boreal.coniferous"
2317,"semiarid.grassland_HPDA"
2318,"temperate.deciduous.HPDA"
2319,"temperate.deciduous.HPDA"
2320,"boreal.coniferous"
2321,"boreal.coniferous"
2322,"semiarid.grassland_HPDA"
2323,"temperate.deciduous.HPDA"
2324,"temperate.deciduous.HPDA"
2325,"semiarid.grassland_HPDA"
2326,"semiarid.grassland_HPDA"
2327,"boreal.coniferous"
2328,"boreal.coniferous"
2329,"boreal.coniferous"
2330,"boreal.coniferous"
2331,"semiarid.grassland_HPDA"
2332,"boreal.coniferous"
2333,"boreal.coniferous"
2334,"boreal.coniferous"
2335,"boreal.coniferous"
2336,"temperate.deciduous.HPDA"
2337,"semiarid.grassland_HPDA"
2338,"semiarid.grassland_HPDA"
2339,"boreal.coniferous"
2340,"boreal.coniferous"
2341,"temperate.deciduous.HPDA"
2342,"boreal.coniferous"
2343,"boreal.coniferous"
2344,"temperate.deciduous.HPDA"
2345,"semiarid.grassland_HPDA"
2346,"boreal.coniferous"
2347,"boreal.coniferous"
2348,"temperate.deciduous.HPDA"
2349,"boreal.coniferous"
2350,"temperate.deciduous.HPDA"
2351,"semiarid.grassland_HPDA"
2352,"semiarid.grassland_HPDA"
2353,"semiarid.grassland_HPDA"
2354,"boreal.coniferous"
2355,"boreal.coniferous"
2356,"boreal.coniferous"
2357,"temperate.deciduous.HPDA"
2358,"boreal.coniferous"
2359,"boreal.coniferous"
2360,"boreal.coniferous"
2361,"temperate.deciduous.HPDA"
2362,"semiarid.grassland_HPDA"
2363,"boreal.coniferous"
2364,"boreal.coniferous"
2365,"boreal.coniferous"
2366,"boreal.coniferous"
2367,"boreal.coniferous"
2368,"boreal.coniferous"
2369,"temperate.deciduous.HPDA"
2370,"boreal.coniferous"
2371,"boreal.coniferous"
2372,"temperate.deciduous.HPDA"
2373,"semiarid.grassland_HPDA"
2374,"boreal.coniferous"
2375,"boreal.coniferous"
2376,"semiarid.grassland_HPDA"
2377,"semiarid.grassland_HPDA"
2378,"semiarid.grassland_HPDA"
2379,"boreal.coniferous"
2380,"boreal.coniferous"
2381,"boreal.coniferous"
2382,"boreal.coniferous"
2383,"semiarid.grassland_HPDA"
2384,"boreal.coniferous"
2385,"boreal.coniferous"
2386,"boreal.coniferous"
2387,"boreal.coniferous"
2388,"boreal.coniferous"
2389,"boreal.coniferous"
2390,"temperate.deciduous.HPDA"
2391,"boreal.coniferous"
2392,"semiarid.grassland_HPDA"
2393,"boreal.coniferous"
2394,"boreal.coniferous"
2395,"boreal.coniferous"
2396,"boreal.coniferous"
2397,"boreal.coniferous"
2398,"semiarid.grassland_HPDA"
2399,"semiarid.grassland_HPDA"
2400,"boreal.coniferous"
2401,"boreal.coniferous"
2402,"boreal.coniferous"
2403,"temperate.deciduous.HPDA"
2404,"boreal.coniferous"
2405,"semiarid.grassland_HPDA"
2406,"semiarid.grassland_HPDA"
2407,"semiarid.grassland_HPDA"
2408,"boreal.coniferous"
2409,"semiarid.grassland_HPDA"
2410,"boreal.coniferous"
2411,"boreal.coniferous"
2412,"boreal.coniferous"
2413,"boreal.coniferous"
2414,"temperate.deciduous.HPDA"
2415,"temperate.deciduous.HPDA"
2416,"boreal.coniferous"
2417,"boreal.coniferous"
2418,"boreal.coniferous"
2419,"temperate.deciduous.HPDA"
2420,"boreal.coniferous"
2421,"boreal.coniferous"
2422,"temperate.deciduous.HPDA"
2423,"semiarid.grassland_HPDA"
2424,"boreal.coniferous"
2425,"temperate.deciduous.HPDA"
2426,"boreal.coniferous"
2427,"boreal.coniferous"
2428,"boreal.coniferous"
2429,"boreal.coniferous"
2430,"semiarid.grassland_HPDA"
2431,"semiarid.grassland_HPDA"
2432,"semiarid.grassland_HPDA"
2433,"boreal.coniferous"
2434,"temperate.deciduous.HPDA"
2435,"semiarid.grassland_HPDA"
2436,"semiarid.grassland_HPDA"
2437,"semiarid.grassland_HPDA"
2438,"temperate.deciduous.HPDA"
2439,"boreal.coniferous"
2440,"boreal.coniferous"
2441,"boreal.coniferous"
2442,"semiarid.grassland_HPDA"
2443,"boreal.coniferous"
2444,"boreal.coniferous"
2445,"semiarid.grassland_HPDA"
2446,"semiarid.grassland_HPDA"
2447,"semiarid.grassland_HPDA"
2448,"temperate.deciduous.HPDA"
2449,"semiarid.grassland_HPDA"
2450,"temperate.deciduous.HPDA"
2451,"boreal.coniferous"
2452,"boreal.coniferous"
2453,"boreal.coniferous"
2454,"boreal.coniferous"
2455,"semiarid.grassland_HPDA"
2456,"semiarid.grassland_HPDA"
2457,"boreal.coniferous"
2458,"semiarid.grassland_HPDA"
2459,"semiarid.grassland_HPDA"
2460,"temperate.deciduous.HPDA"
2461,"boreal.coniferous"
2462,"temperate.deciduous.HPDA"
2463,"boreal.coniferous"
2464,"semiarid.grassland_HPDA"
2465,"temperate.deciduous.HPDA"
2466,"temperate.deciduous.HPDA"
2467,"boreal.coniferous"
2468,"boreal.coniferous"
2469,"semiarid.grassland_HPDA"
2470,"semiarid.grassland_HPDA"
2471,"boreal.coniferous"
2472,"temperate.deciduous.HPDA"
2473,"temperate.deciduous.HPDA"
2474,"semiarid.grassland_HPDA"
2475,"temperate.deciduous.HPDA"
2476,"temperate.deciduous.HPDA"
2477,"boreal.coniferous"
2478,"boreal.coniferous"
2479,"temperate.deciduous.HPDA"
2480,"boreal.coniferous"
2481,"temperate.deciduous.HPDA"
2482,"temperate.deciduous.HPDA"
2483,"temperate.deciduous.HPDA"
2484,"boreal.coniferous"
2485,"semiarid.grassland_HPDA"
2486,"semiarid.grassland_HPDA"
2487,"temperate.deciduous.HPDA"
2488,"temperate.deciduous.HPDA"
2489,"temperate.deciduous.HPDA"
2490,"boreal.coniferous"
2491,"boreal.coniferous"
2492,"boreal.coniferous"
2493,"semiarid.grassland_HPDA"
2494,"boreal.coniferous"
2495,"temperate.deciduous.HPDA"
2496,"semiarid.grassland_HPDA"
2497,"semiarid.grassland_HPDA"
2498,"boreal.coniferous"
2499,"boreal.coniferous"
2500,"semiarid.grassland_HPDA"
2501,"temperate.deciduous.HPDA"
2502,"temperate.deciduous.HPDA"
2503,"semiarid.grassland_HPDA"
2504,"semiarid.grassland_HPDA"
2505,"semiarid.grassland_HPDA"
2506,"boreal.coniferous"
2507,"boreal.coniferous"
2508,"boreal.coniferous"
2509,"boreal.coniferous"
2510,"boreal.coniferous"
2511,"boreal.coniferous"
2512,"semiarid.grassland_HPDA"
2513,"boreal.coniferous"
2514,"semiarid.grassland_HPDA"
2515,"temperate.deciduous.HPDA"
2516,"temperate.deciduous.HPDA"
2517,"temperate.deciduous.HPDA"
2518,"temperate.deciduous.HPDA"
2519,"boreal.coniferous"
2520,"boreal.coniferous"
2521,"boreal.coniferous"
2522,"semiarid.grassland_HPDA"
2523,"temperate.deciduous.HPDA"
2524,"boreal.coniferous"
2525,"temperate.deciduous.HPDA"
2526,"boreal.coniferous"
2527,"semiarid.grassland_HPDA"
2528,"semiarid.grassland_HPDA"
2529,"boreal.coniferous"
2530,"boreal.coniferous"
2531,"temperate.deciduous.HPDA"
2532,"temperate.deciduous.HPDA"
2533,"semiarid.grassland_HPDA"
2534,"boreal.coniferous"
2535,"temperate.deciduous.HPDA"
2536,"boreal.coniferous"
2537,"temperate.deciduous.HPDA"
2538,"boreal.coniferous"
2539,"boreal.coniferous"
2540,"temperate.deciduous.HPDA"
2541,"boreal.coniferous"
2542,"boreal.coniferous"
2543,"boreal.coniferous"
2544,"boreal.coniferous"
2545,"semiarid.grassland_HPDA"
2546,"boreal.coniferous"
2547,"temperate.deciduous.HPDA"
2548,"temperate.deciduous.HPDA"
2549,"temperate.deciduous.HPDA"
2550,"boreal.coniferous"
2551,"temperate.deciduous.HPDA"
2552,"boreal.coniferous"
2553,"boreal.coniferous"
2554,"temperate.deciduous.HPDA"
2555,"semiarid.grassland_HPDA"
2556,"boreal.coniferous"
2557,"boreal.coniferous"
2558,"temperate.deciduous.HPDA"
2559,"temperate.deciduous.HPDA"
2560,"semiarid.grassland_HPDA"
2561,"semiarid.grassland_HPDA"
2562,"semiarid.grassland_HPDA"
2563,"semiarid.grassland_HPDA"
2564,"semiarid.grassland_HPDA"
2565,"temperate.deciduous.HPDA"
2566,"semiarid.grassland_HPDA"
2567,"temperate.deciduous.HPDA"
2568,"temperate.deciduous.HPDA"
2569,"boreal.coniferous"
2570,"semiarid.grassland_HPDA"
2571,"boreal.coniferous"
2572,"temperate.deciduous.HPDA"
2573,"semiarid.grassland_HPDA"
2574,"boreal.coniferous"
2575,"boreal.coniferous"
2576,"boreal.coniferous"
2577,"temperate.deciduous.HPDA"
2578,"boreal.coniferous"
2579,"boreal.coniferous"
2580,"boreal.coniferous"
2581,"boreal.coniferous"
2582,"temperate.deciduous.HPDA"
2583,"semiarid.grassland_HPDA"
2584,"boreal.coniferous"
2585,"semiarid.grassland_HPDA"
2586,"temperate.deciduous.HPDA"
2587,"boreal.coniferous"
2588,"semiarid.grassland_HPDA"
2589,"semiarid.grassland_HPDA"
2590,"temperate.deciduous.HPDA"
2591,"temperate.deciduous.HPDA"
2592,"semiarid.grassland_HPDA"
2593,"temperate.deciduous.HPDA"
2594,"temperate.deciduous.HPDA"
2595,"boreal.coniferous"
2596,"boreal.coniferous"
2597,"semiarid.grassland_HPDA"
2598,"temperate.deciduous.HPDA"
2599,"boreal.coniferous"
2600,"boreal.coniferous"
2601,"temperate.deciduous.HPDA"
2602,"boreal.coniferous"
2603,"temperate.deciduous.HPDA"
2604,"boreal.coniferous"
2605,"temperate.deciduous.HPDA"
2606,"semiarid.grassland_HPDA"
2607,"semiarid.grassland_HPDA"
2608,"boreal.coniferous"
2609,"semiarid.grassland_HPDA"
2610,"boreal.coniferous"
2611,"boreal.coniferous"
2612,"temperate.deciduous.HPDA"
2613,"semiarid.grassland_HPDA"
2614,"boreal.coniferous"
2615,"temperate.deciduous.HPDA"
2616,"semiarid.grassland_HPDA"
2617,"temperate.deciduous.HPDA"
2618,"boreal.coniferous"
2619,"semiarid.grassland_HPDA"
2620,"semiarid.grassland_HPDA"
2621,"semiarid.grassland_HPDA"
2622,"semiarid.grassland_HPDA"
2623,"semiarid.grassland_HPDA"
2624,"boreal.coniferous"
2625,"boreal.coniferous"
2626,"semiarid.grassland_HPDA"
2627,"boreal.coniferous"
2628,"semiarid.grassland_HPDA"
2629,"boreal.coniferous"
2630,"semiarid.grassland_HPDA"
2631,"boreal.coniferous"
2632,"temperate.deciduous.HPDA"
2633,"boreal.coniferous"
2634,"temperate.deciduous.HPDA"
2635,"semiarid.grassland_HPDA"
2636,"boreal.coniferous"
2637,"temperate.deciduous.HPDA"
2638,"boreal.coniferous"
2639,"boreal.coniferous"
2640,"temperate.deciduous.HPDA"
2641,"boreal.coniferous"
2642,"boreal.coniferous"
2643,"semiarid.grassland_HPDA"
2644,"temperate.deciduous.HPDA"
2645,"boreal.coniferous"
2646,"semiarid.grassland_HPDA"
2647,"boreal.coniferous"
2648,"boreal.coniferous"
2649,"temperate.deciduous.HPDA"
2650,"semiarid.grassland_HPDA"
2651,"semiarid.grassland_HPDA"
2652,"boreal.coniferous"
2653,"semiarid.grassland_HPDA"
2654,"temperate.deciduous.HPDA"
2655,"boreal.coniferous"
2656,"boreal.coniferous"
2657,"semiarid.grassland_HPDA"
2658,"semiarid.grassland_HPDA"
2659,"temperate.deciduous.HPDA"
2660,"boreal.coniferous"
2661,"semiarid.grassland_HPDA"
2662,"boreal.coniferous"
2663,"boreal.coniferous"
2664,"semiarid.grassland_HPDA"
2665,"semiarid.grassland_HPDA"
2666,"boreal.coniferous"
2667,"boreal.coniferous"
2668,"semiarid.grassland_HPDA"
2669,"temperate.deciduous.HPDA"
2670,"boreal.coniferous"
2671,"semiarid.grassland_HPDA"
2672,"boreal.coniferous"
2673,"boreal.coniferous"
2674,"semiarid.grassland_HPDA"
2675,"semiarid.grassland_HPDA"
2676,"boreal.coniferous"
2677,"boreal.coniferous"
2678,"boreal.coniferous"
2679,"semiarid.grassland_HPDA"
2680,"temperate.deciduous.HPDA"
2681,"boreal.coniferous"
2682,"temperate.deciduous.HPDA"
2683,"boreal.coniferous"
2684,"semiarid.grassland_HPDA"
2685,"semiarid.grassland_HPDA"
2686,"temperate.deciduous.HPDA"
2687,"semiarid.grassland_HPDA"
2688,"temperate.deciduous.HPDA"
2689,"semiarid.grassland_HPDA"
2690,"boreal.coniferous"
2691,"semiarid.grassland_HPDA"
2692,"temperate.deciduous.HPDA"
2693,"boreal.coniferous"
2694,"temperate.deciduous.HPDA"
2695,"semiarid.grassland_HPDA"
2696,"boreal.coniferous"
2697,"boreal.coniferous"
2698,"semiarid.grassland_HPDA"
2699,"semiarid.grassland_HPDA"
2700,"boreal.coniferous"
2701,"semiarid.grassland_HPDA"
2702,"semiarid.grassland_HPDA"
2703,"semiarid.grassland_HPDA"
2704,"temperate.deciduous.HPDA"
2705,"semiarid.grassland_HPDA"
2706,"boreal.coniferous"
2707,"semiarid.grassland_HPDA"
2708,"semiarid.grassland_HPDA"
2709,"boreal.coniferous"
2710,"semiarid.grassland_HPDA"
2711,"temperate.deciduous.HPDA"
2712,"temperate.deciduous.HPDA"
2713,"semiarid.grassland_HPDA"
2714,"boreal.coniferous"
2715,"semiarid.grassland_HPDA"
2716,"semiarid.grassland_HPDA"
2717,"semiarid.grassland_HPDA"
2718,"temperate.deciduous.HPDA"
2719,"semiarid.grassland_HPDA"
2720,"semiarid.grassland_HPDA"
2721,"semiarid.grassland_HPDA"
2722,"semiarid.grassland_HPDA"
2723,"semiarid.grassland_HPDA"
2724,"boreal.coniferous"
2725,"semiarid.grassland_HPDA"
2726,"semiarid.grassland_HPDA"
2727,"semiarid.grassland_HPDA"
2728,"semiarid.grassland_HPDA"
2729,"boreal.coniferous"
2730,"semiarid.grassland_HPDA"
2731,"semiarid.grassland_HPDA"
2732,"boreal.coniferous"
2733,"boreal.coniferous"
2734,"boreal.coniferous"
2735,"temperate.deciduous.HPDA"
2736,"semiarid.grassland_HPDA"
2737,"boreal.coniferous"
2738,"temperate.deciduous.HPDA"
2739,"semiarid.grassland_HPDA"
2740,"boreal.coniferous"
2741,"semiarid.grassland_HPDA"
2742,"boreal.coniferous"
2743,"boreal.coniferous"
2744,"boreal.coniferous"
2745,"boreal.coniferous"
2746,"boreal.coniferous"
2747,"semiarid.grassland_HPDA"
2748,"semiarid.grassland_HPDA"
2749,"boreal.coniferous"
2750,"temperate.deciduous.HPDA"
2751,"boreal.coniferous"
2752,"boreal.coniferous"
2753,"temperate.deciduous.HPDA"
2754,"temperate.deciduous.HPDA"
2755,"semiarid.grassland_HPDA"
2756,"semiarid.grassland_HPDA"
2757,"boreal.coniferous"
2758,"boreal.coniferous"
2759,"boreal.coniferous"
2760,"semiarid.grassland_HPDA"
2761,"boreal.coniferous"
2762,"boreal.coniferous"
2763,"temperate.deciduous.HPDA"
2764,"temperate.deciduous.HPDA"
2765,"semiarid.grassland_HPDA"
2766,"boreal.coniferous"
2767,"temperate.deciduous.HPDA"
2768,"boreal.coniferous"
2769,"temperate.deciduous.HPDA"
2770,"boreal.coniferous"
2771,"semiarid.grassland_HPDA"
2772,"semiarid.grassland_HPDA"
2773,"boreal.coniferous"
2774,"semiarid.grassland_HPDA"
2775,"boreal.coniferous"
2776,"semiarid.grassland_HPDA"
2777,"temperate.deciduous.HPDA"
2778,"temperate.deciduous.HPDA"
2779,"boreal.coniferous"
2780,"temperate.deciduous.HPDA"
2781,"boreal.coniferous"
2782,"temperate.deciduous.HPDA"
2783,"temperate.deciduous.HPDA"
2784,"boreal.coniferous"
2785,"semiarid.grassland_HPDA"
2786,"boreal.coniferous"
2787,"semiarid.grassland_HPDA"
2788,"semiarid.grassland_HPDA"
2789,"boreal.coniferous"
2790,"boreal.coniferous"
2791,"boreal.coniferous"
2792,"boreal.coniferous"
2793,"boreal.coniferous"
2794,"boreal.coniferous"
2795,"boreal.coniferous"
2796,"boreal.coniferous"
2797,"boreal.coniferous"
2798,"boreal.coniferous"
2799,"semiarid.grassland_HPDA"
2800,"boreal.coniferous"
2801,"semiarid.grassland_HPDA"
2802,"boreal.coniferous"
2803,"temperate.deciduous.HPDA"
2804,"boreal.coniferous"
2805,"temperate.deciduous.HPDA"
2806,"temperate.deciduous.HPDA"
2807,"temperate.deciduous.HPDA"
2808,"boreal.coniferous"
2809,"boreal.coniferous"
2810,"temperate.deciduous.HPDA"
2811,"semiarid.grassland_HPDA"
2812,"boreal.coniferous"
2813,"semiarid.grassland_HPDA"
2814,"temperate.deciduous.HPDA"
2815,"boreal.coniferous"
2816,"boreal.coniferous"
2817,"boreal.coniferous"
2818,"boreal.coniferous"
2819,"semiarid.grassland_HPDA"
2820,"boreal.coniferous"
2821,"temperate.deciduous.HPDA"
2822,"semiarid.grassland_HPDA"
2823,"semiarid.grassland_HPDA"
2824,"boreal.coniferous"
2825,"boreal.coniferous"
2826,"boreal.coniferous"
2827,"boreal.coniferous"
2828,"boreal.coniferous"
2829,"boreal.coniferous"
2830,"boreal.coniferous"
2831,"temperate.deciduous.HPDA"
2832,"semiarid.grassland_HPDA"
2833,"semiarid.grassland_HPDA"
2834,"boreal.coniferous"
2835,"temperate.deciduous.HPDA"
2836,"boreal.coniferous"
2837,"boreal.coniferous"
2838,"boreal.coniferous"
2839,"semiarid.grassland_HPDA"
2840,"boreal.coniferous"
2841,"semiarid.grassland_HPDA"
2842,"temperate.deciduous.HPDA"
2843,"temperate.deciduous.HPDA"
2844,"semiarid.grassland_HPDA"
2845,"semiarid.grassland_HPDA"
2846,"boreal.coniferous"
2847,"semiarid.grassland_HPDA"
2848,"temperate.deciduous.HPDA"
2849,"semiarid.grassland_HPDA"
2850,"boreal.coniferous"
2851,"temperate.deciduous.HPDA"
2852,"semiarid.grassland_HPDA"
2853,"boreal.coniferous"
2854,"boreal.coniferous"
2855,"semiarid.grassland_HPDA"
2856,"boreal.coniferous"
2857,"boreal.coniferous"
2858,"boreal.coniferous"
2859,"boreal.coniferous"
2860,"semiarid.grassland_HPDA"
2861,"boreal.coniferous"
2862,"boreal.coniferous"
2863,"boreal.coniferous"
2864,"semiarid.grassland_HPDA"
2865,"boreal.coniferous"
2866,"semiarid.grassland_HPDA"
2867,"boreal.coniferous"
2868,"semiarid.grassland_HPDA"
2869,"semiarid.grassland_HPDA"
2870,"semiarid.grassland_HPDA"
2871,"temperate.deciduous.HPDA"
2872,"semiarid.grassland_HPDA"
2873,"boreal.coniferous"
2874,"boreal.coniferous"
2875,"boreal.coniferous"
2876,"boreal.coniferous"
2877,"boreal.coniferous"
2878,"temperate.deciduous.HPDA"
2879,"boreal.coniferous"
2880,"semiarid.grassland_HPDA"
2881,"temperate.deciduous.HPDA"
2882,"boreal.coniferous"
2883,"boreal.coniferous"
2884,"boreal.coniferous"
2885,"semiarid.grassland_HPDA"
2886,"boreal.coniferous"
2887,"boreal.coniferous"
2888,"boreal.coniferous"
2889,"semiarid.grassland_HPDA"
2890,"semiarid.grassland_HPDA"
2891,"temperate.deciduous.HPDA"
2892,"boreal.coniferous"
2893,"semiarid.grassland_HPDA"
2894,"semiarid.grassland_HPDA"
2895,"boreal.coniferous"
2896,"semiarid.grassland_HPDA"
2897,"semiarid.grassland_HPDA"
2898,"boreal.coniferous"
2899,"boreal.coniferous"
2900,"semiarid.grassland_HPDA"
2901,"semiarid.grassland_HPDA"
2902,"semiarid.grassland_HPDA"
2903,"boreal.coniferous"
2904,"boreal.coniferous"
2905,"boreal.coniferous"
2906,"temperate.deciduous.HPDA"
2907,"semiarid.grassland_HPDA"
2908,"boreal.coniferous"
2909,"boreal.coniferous"
2910,"semiarid.grassland_HPDA"
2911,"boreal.coniferous"
2912,"boreal.coniferous"
2913,"boreal.coniferous"
2914,"boreal.coniferous"
2915,"semiarid.grassland_HPDA"
2916,"semiarid.grassland_HPDA"
2917,"boreal.coniferous"
2918,"semiarid.grassland_HPDA"
2919,"boreal.coniferous"
2920,"boreal.coniferous"
2921,"temperate.deciduous.HPDA"
2922,"boreal.coniferous"
2923,"semiarid.grassland_HPDA"
2924,"semiarid.grassland_HPDA"
2925,"boreal.coniferous"
2926,"semiarid.grassland_HPDA"
2927,"semiarid.grassland_HPDA"
2928,"boreal.coniferous"
2929,"semiarid.grassland_HPDA"
2930,"semiarid.grassland_HPDA"
2931,"temperate.deciduous.HPDA"
2932,"boreal.coniferous"
2933,"semiarid.grassland_HPDA"
2934,"boreal.coniferous"
2935,"semiarid.grassland_HPDA"
2936,"boreal.coniferous"
2937,"boreal.coniferous"
2938,"boreal.coniferous"
2939,"boreal.coniferous"
2940,"semiarid.grassland_HPDA"
2941,"semiarid.grassland_HPDA"
2942,"semiarid.grassland_HPDA"
2943,"semiarid.grassland_HPDA"
2944,"semiarid.grassland_HPDA"
2945,"semiarid.grassland_HPDA"
2946,"boreal.coniferous"
2947,"semiarid.grassland_HPDA"
2948,"boreal.coniferous"
2949,"temperate.deciduous.HPDA"
2950,"semiarid.grassland_HPDA"
2951,"semiarid.grassland_HPDA"
2952,"semiarid.grassland_HPDA"
2953,"boreal.coniferous"
2954,"boreal.coniferous"
2955,"semiarid.grassland_HPDA"
2956,"temperate.deciduous.HPDA"
2957,"semiarid.grassland_HPDA"
2958,"boreal.coniferous"
2959,"semiarid.grassland_HPDA"
2960,"semiarid.grassland_HPDA"
2961,"semiarid.grassland_HPDA"
2962,"semiarid.grassland_HPDA"
2963,"boreal.coniferous"
2964,"temperate.deciduous.HPDA"
2965,"temperate.deciduous.HPDA"
2966,"boreal.coniferous"
2967,"semiarid.grassland_HPDA"
2968,"boreal.coniferous"
2969,"semiarid.grassland_HPDA"
2970,"boreal.coniferous"
2971,"temperate.deciduous.HPDA"
2972,"temperate.deciduous.HPDA"
2973,"temperate.deciduous.HPDA"
2974,"semiarid.grassland_HPDA"
2975,"boreal.coniferous"
2976,"semiarid.grassland_HPDA"
2977,"semiarid.grassland_HPDA"
2978,"boreal.coniferous"
2979,"semiarid.grassland_HPDA"
2980,"semiarid.grassland_HPDA"
2981,"boreal.coniferous"
2982,"boreal.coniferous"
2983,"boreal.coniferous"
2984,"semiarid.grassland_HPDA"
2985,"boreal.coniferous"
2986,"semiarid.grassland_HPDA"
2987,"boreal.coniferous"
2988,"boreal.coniferous"
2989,"boreal.coniferous"
2990,"semiarid.grassland_HPDA"
2991,"semiarid.grassland_HPDA"
2992,"boreal.coniferous"
2993,"boreal.coniferous"
2994,"boreal.coniferous"
2995,"semiarid.grassland_HPDA"
2996,"boreal.coniferous"
2997,"semiarid.grassland_HPDA"
2998,"boreal.coniferous"
2999,"boreal.coniferous"
3000,"boreal.coniferous"
3001,"semiarid.grassland_HPDA"
3002,"boreal.coniferous"
3003,"boreal.coniferous"
3004,"semiarid.grassland_HPDA"
3005,"boreal.coniferous"
3006,"boreal.coniferous"
3007,"boreal.coniferous"
3008,"boreal.coniferous"
3009,"temperate.deciduous.HPDA"
3010,"boreal.coniferous"
3011,"boreal.coniferous"
3012,"boreal.coniferous"
3013,"semiarid.grassland_HPDA"
3014,"boreal.coniferous"
3015,"boreal.coniferous"
3016,"boreal.coniferous"
3017,"temperate.deciduous.HPDA"
3018,"boreal.coniferous"
3019,"boreal.coniferous"
3020,"boreal.coniferous"
3021,"boreal.coniferous"
3022,"boreal.coniferous"
3023,"semiarid.grassland_HPDA"
3024,"boreal.coniferous"
3025,"semiarid.grassland_HPDA"
3026,"boreal.coniferous"
3027,"boreal.coniferous"
3028,"boreal.coniferous"
3029,"semiarid.grassland_HPDA"
3030,"boreal.coniferous"
3031,"boreal.coniferous"
3032,"semiarid.grassland_HPDA"
3033,"semiarid.grassland_HPDA"
3034,"boreal.coniferous"
3035,"semiarid.grassland_HPDA"
3036,"boreal.coniferous"
3037,"temperate.deciduous.HPDA"
3038,"boreal.coniferous"
3039,"semiarid.grassland_HPDA"
3040,"semiarid.grassland_HPDA"
3041,"semiarid.grassland_HPDA"
3042,"semiarid.grassland_HPDA"
3043,"temperate.deciduous.HPDA"
3044,"temperate.deciduous.HPDA"
3045,"semiarid.grassland_HPDA"
3046,"boreal.coniferous"
3047,"semiarid.grassland_HPDA"
3048,"semiarid.grassland_HPDA"
3049,"boreal.coniferous"
3050,"temperate.deciduous.HPDA"
3051,"temperate.deciduous.HPDA"
3052,"boreal.coniferous"
3053,"boreal.coniferous"
3054,"semiarid.grassland_HPDA"
3055,"boreal.coniferous"
3056,"boreal.coniferous"
3057,"semiarid.grassland_HPDA"
3058,"temperate.deciduous.HPDA"
3059,"boreal.coniferous"
3060,"boreal.coniferous"
3061,"semiarid.grassland_HPDA"
3062,"temperate.deciduous.HPDA"
3063,"semiarid.grassland_HPDA"
3064,"semiarid.grassland_HPDA"
3065,"semiarid.grassland_HPDA"
3066,"boreal.coniferous"
3067,"boreal.coniferous"
3068,"boreal.coniferous"
3069,"boreal.coniferous"
3070,"semiarid.grassland_HPDA"
3071,"semiarid.grassland_HPDA"
3072,"boreal.coniferous"
3073,"boreal.coniferous"
3074,"boreal.coniferous"
3075,"semiarid.grassland_HPDA"
3076,"boreal.coniferous"
3077,"boreal.coniferous"
3078,"boreal.coniferous"
3079,"boreal.coniferous"
3080,"semiarid.grassland_HPDA"
3081,"boreal.coniferous"
3082,"boreal.coniferous"
3083,"semiarid.grassland_HPDA"
3084,"semiarid.grassland_HPDA"
3085,"semiarid.grassland_HPDA"
3086,"boreal.coniferous"
3087,"boreal.coniferous"
3088,"boreal.coniferous"
3089,"boreal.coniferous"
3090,"temperate.deciduous.HPDA"
3091,"boreal.coniferous"
3092,"boreal.coniferous"
3093,"semiarid.grassland_HPDA"
3094,"semiarid.grassland_HPDA"
3095,"temperate.deciduous.HPDA"
3096,"boreal.coniferous"
3097,"boreal.coniferous"
3098,"temperate.deciduous.HPDA"
3099,"semiarid.grassland_HPDA"
3100,"temperate.deciduous.HPDA"
3101,"boreal.coniferous"
3102,"boreal.coniferous"
3103,"boreal.coniferous"
3104,"semiarid.grassland_HPDA"
3105,"boreal.coniferous"
3106,"boreal.coniferous"
3107,"semiarid.grassland_HPDA"
3108,"boreal.coniferous"
3109,"boreal.coniferous"
3110,"boreal.coniferous"
3111,"boreal.coniferous"
3112,"boreal.coniferous"
3113,"boreal.coniferous"
3114,"boreal.coniferous"
3115,"semiarid.grassland_HPDA"
3116,"boreal.coniferous"
3117,"boreal.coniferous"
3118,"boreal.coniferous"
3119,"boreal.coniferous"
3120,"semiarid.grassland_HPDA"
3121,"boreal.coniferous"
3122,"boreal.coniferous"
3123,"boreal.coniferous"
3124,"boreal.coniferous"
3125,"semiarid.grassland_HPDA"
3126,"semiarid.grassland_HPDA"
3127,"semiarid.grassland_HPDA"
3128,"boreal.coniferous"
3129,"boreal.coniferous"
3130,"semiarid.grassland_HPDA"
3131,"semiarid.grassland_HPDA"
3132,"temperate.deciduous.HPDA"
3133,"boreal.coniferous"
3134,"boreal.coniferous"
3135,"boreal.coniferous"
3136,"semiarid.grassland_HPDA"
3137,"boreal.coniferous"
3138,"semiarid.grassland_HPDA"
3139,"boreal.coniferous"
3140,"boreal.coniferous"
3141,"boreal.coniferous"
3142,"boreal.coniferous"
3143,"boreal.coniferous"
3144,"temperate.deciduous.HPDA"
3145,"boreal.coniferous"
3146,"boreal.coniferous"
3147,"semiarid.grassland_HPDA"
3148,"boreal.coniferous"
3149,"boreal.coniferous"
3150,"boreal.coniferous"
3151,"semiarid.grassland_HPDA"
3152,"semiarid.grassland_HPDA"
3153,"semiarid.grassland_HPDA"
3154,"semiarid.grassland_HPDA"
3155,"boreal.coniferous"
3156,"boreal.coniferous"
3157,"semiarid.grassland_HPDA"
3158,"boreal.coniferous"
3159,"semiarid.grassland_HPDA"
3160,"semiarid.grassland_HPDA"
3161,"semiarid.grassland_HPDA"
3162,"boreal.coniferous"
3163,"boreal.coniferous"
3164,"semiarid.grassland_HPDA"
3165,"boreal.coniferous"
3166,"boreal.coniferous"
3167,"temperate.deciduous.HPDA"
3168,"boreal.coniferous"
3169,"boreal.coniferous"
3170,"temperate.deciduous.HPDA"
3171,"semiarid.grassland_HPDA"
3172,"boreal.coniferous"
3173,"boreal.coniferous"
3174,"boreal.coniferous"
3175,"temperate.deciduous.HPDA"
3176,"boreal.coniferous"
3177,"semiarid.grassland_HPDA"
3178,"semiarid.grassland_HPDA"
3179,"semiarid.grassland_HPDA"
3180,"boreal.coniferous"
3181,"boreal.coniferous"
3182,"boreal.coniferous"
3183,"boreal.coniferous"
3184,"boreal.coniferous"
3185,"boreal.coniferous"
3186,"temperate.deciduous.HPDA"
3187,"boreal.coniferous"
3188,"temperate.deciduous.HPDA"
3189,"boreal.coniferous"
3190,"boreal.coniferous"
3191,"semiarid.grassland_HPDA"
3192,"semiarid.grassland_HPDA"
3193,"boreal.coniferous"
3194,"boreal.coniferous"
3195,"boreal.coniferous"
3196,"boreal.coniferous"
3197,"boreal.coniferous"
3198,"boreal.coniferous"
3199,"boreal.coniferous"
3200,"boreal.coniferous"
3201,"boreal.coniferous"
3202,"boreal.coniferous"
3203,"semiarid.grassland_HPDA"
3204,"boreal.coniferous"
3205,"temperate.deciduous.HPDA"
3206,"boreal.coniferous"
3207,"boreal.coniferous"
3208,"boreal.coniferous"
3209,"boreal.coniferous"
3210,"temperate.deciduous.HPDA"
3211,"semiarid.grassland_HPDA"
3212,"temperate.deciduous.HPDA"
3213,"boreal.coniferous"
3214,"semiarid.grassland_HPDA"
3215,"boreal.coniferous"
3216,"semiarid.grassland_HPDA"
3217,"boreal.coniferous"
3218,"boreal.coniferous"
3219,"semiarid.grassland_HPDA"
3220,"semiarid.grassland_HPDA"
3221,"semiarid.grassland_HPDA"
3222,"boreal.coniferous"
3223,"boreal.coniferous"
3224,"boreal.coniferous"
3225,"boreal.coniferous"
3226,"boreal.coniferous"
3227,"boreal.coniferous"
3228,"boreal.coniferous"
3229,"boreal.coniferous"
3230,"semiarid.grassland_HPDA"
3231,"semiarid.grassland_HPDA"
3232,"semiarid.grassland_HPDA"
3233,"boreal.coniferous"
3234,"boreal.coniferous"
3235,"boreal.coniferous"
3236,"boreal.coniferous"
3237,"boreal.coniferous"
3238,"semiarid.grassland_HPDA"
3239,"boreal.coniferous"
3240,"temperate.deciduous.HPDA"
3241,"boreal.coniferous"
3242,"boreal.coniferous"
3243,"temperate.deciduous.HPDA"
3244,"boreal.coniferous"
3245,"boreal.coniferous"
3246,"boreal.coniferous"
3247,"semiarid.grassland_HPDA"
3248,"temperate.deciduous.HPDA"
3249,"boreal.coniferous"
3250,"boreal.coniferous"
3251,"semiarid.grassland_HPDA"
3252,"temperate.deciduous.HPDA"
3253,"temperate.deciduous.HPDA"
3254,"semiarid.grassland_HPDA"
3255,"boreal.coniferous"
3256,"temperate.deciduous.HPDA"
3257,"semiarid.grassland_HPDA"
3258,"semiarid.grassland_HPDA"
3259,"boreal.coniferous"
3260,"semiarid.grassland_HPDA"
3261,"boreal.coniferous"
3262,"boreal.coniferous"
3263,"temperate.deciduous.HPDA"
3264,"boreal.coniferous"
3265,"boreal.coniferous"
3266,"boreal.coniferous"
3267,"temperate.deciduous.HPDA"
3268,"boreal.coniferous"
3269,"boreal.coniferous"
3270,"temperate.deciduous.HPDA"
3271,"semiarid.grassland_HPDA"
3272,"boreal.coniferous"
3273,"boreal.coniferous"
3274,"boreal.coniferous"
3275,"boreal.coniferous"
3276,"boreal.coniferous"
3277,"boreal.coniferous"
3278,"boreal.coniferous"
3279,"boreal.coniferous"
3280,"boreal.coniferous"
3281,"temperate.deciduous.HPDA"
3282,"temperate.deciduous.HPDA"
3283,"temperate.deciduous.HPDA"
3284,"temperate.deciduous.HPDA"
3285,"boreal.coniferous"
3286,"boreal.coniferous"
3287,"temperate.deciduous.HPDA"
3288,"boreal.coniferous"
3289,"boreal.coniferous"
3290,"temperate.deciduous.HPDA"
3291,"boreal.coniferous"
3292,"boreal.coniferous"
3293,"boreal.coniferous"
3294,"boreal.coniferous"
3295,"boreal.coniferous"
3296,"semiarid.grassland_HPDA"
3297,"boreal.coniferous"
3298,"boreal.coniferous"
3299,"boreal.coniferous"
3300,"boreal.coniferous"
3301,"temperate.deciduous.HPDA"
3302,"temperate.deciduous.HPDA"
3303,"boreal.coniferous"
3304,"semiarid.grassland_HPDA"
3305,"semiarid.grassland_HPDA"
3306,"boreal.coniferous"
3307,"boreal.coniferous"
3308,"boreal.coniferous"
3309,"boreal.coniferous"
3310,"boreal.coniferous"
3311,"boreal.coniferous"
3312,"boreal.coniferous"
3313,"boreal.coniferous"
3314,"semiarid.grassland_HPDA"
3315,"boreal.coniferous"
3316,"boreal.coniferous"
3317,"semiarid.grassland_HPDA"
3318,"boreal.coniferous"
3319,"temperate.deciduous.HPDA"
3320,"temperate.deciduous.HPDA"
3321,"boreal.coniferous"
3322,"boreal.coniferous"
3323,"temperate.deciduous.HPDA"
3324,"temperate.deciduous.HPDA"
3325,"semiarid.grassland_HPDA"
3326,"boreal.coniferous"
3327,"boreal.coniferous"
3328,"temperate.deciduous.HPDA"
3329,"temperate.deciduous.HPDA"
3330,"boreal.coniferous"
3331,"boreal.coniferous"
3332,"temperate.deciduous.HPDA"
3333,"temperate.deciduous.HPDA"
3334,"temperate.deciduous.HPDA"
3335,"temperate.deciduous.HPDA"
3336,"temperate.deciduous.HPDA"
3337,"temperate.deciduous.HPDA"
3338,"boreal.coniferous"
3339,"temperate.deciduous.HPDA"
3340,"semiarid.grassland_HPDA"
3341,"boreal.coniferous"
3342,"boreal.coniferous"
3343,"boreal.coniferous"
3344,"semiarid.grassland_HPDA"
3345,"temperate.deciduous.HPDA"
3346,"semiarid.grassland_HPDA"
3347,"boreal.coniferous"
3348,"boreal.coniferous"
3349,"temperate.deciduous.HPDA"
3350,"semiarid.grassland_HPDA"
3351,"boreal.coniferous"
3352,"boreal.coniferous"
3353,"boreal.coniferous"
3354,"boreal.coniferous"
3355,"semiarid.grassland_HPDA"
3356,"temperate.deciduous.HPDA"
3357,"boreal.coniferous"
3358,"boreal.coniferous"
3359,"boreal.coniferous"
3360,"boreal.coniferous"
3361,"semiarid.grassland_HPDA"
3362,"temperate.deciduous.HPDA"
3363,"boreal.coniferous"
3364,"boreal.coniferous"
3365,"temperate.deciduous.HPDA"
3366,"semiarid.grassland_HPDA"
3367,"boreal.coniferous"
3368,"boreal.coniferous"
3369,"temperate.deciduous.HPDA"
3370,"temperate.deciduous.HPDA"
3371,"boreal.coniferous"
3372,"boreal.coniferous"
3373,"boreal.coniferous"
3374,"boreal.coniferous"
3375,"semiarid.grassland_HPDA"
3376,"semiarid.grassland_HPDA"
3377,"semiarid.grassland_HPDA"
3378,"semiarid.grassland_HPDA"
3379,"semiarid.grassland_HPDA"
3380,"boreal.coniferous"
3381,"boreal.coniferous"
3382,"boreal.coniferous"
3383,"semiarid.grassland_HPDA"
3384,"boreal.coniferous"
3385,"temperate.deciduous.HPDA"
3386,"boreal.coniferous"
3387,"semiarid.grassland_HPDA"
3388,"boreal.coniferous"
3389,"boreal.coniferous"
3390,"boreal.coniferous"
3391,"boreal.coniferous"
3392,"boreal.coniferous"
3393,"temperate.deciduous.HPDA"
3394,"boreal.coniferous"
3395,"temperate.deciduous.HPDA"
3396,"boreal.coniferous"
3397,"temperate.deciduous.HPDA"
3398,"semiarid.grassland_HPDA"
3399,"temperate.deciduous.HPDA"
3400,"boreal.coniferous"
3401,"boreal.coniferous"
3402,"boreal.coniferous"
3403,"boreal.coniferous"
3404,"boreal.coniferous"
3405,"temperate.deciduous.HPDA"
3406,"boreal.coniferous"
3407,"temperate.deciduous.HPDA"
3408,"temperate.deciduous.HPDA"
3409,"semiarid.grassland_HPDA"
3410,"boreal.coniferous"
3411,"boreal.coniferous"
3412,"boreal.coniferous"
3413,"boreal.coniferous"
3414,"boreal.coniferous"
3415,"semiarid.grassland_HPDA"
3416,"temperate.deciduous.HPDA"
3417,"semiarid.grassland_HPDA"
3418,"temperate.deciduous.HPDA"
3419,"temperate.deciduous.HPDA"
3420,"boreal.coniferous"
3421,"boreal.coniferous"
3422,"semiarid.grassland_HPDA"
3423,"semiarid.grassland_HPDA"
3424,"temperate.deciduous.HPDA"
3425,"boreal.coniferous"
3426,"temperate.deciduous.HPDA"
3427,"semiarid.grassland_HPDA"
3428,"temperate.deciduous.HPDA"
3429,"temperate.deciduous.HPDA"
3430,"temperate.deciduous.HPDA"
3431,"boreal.coniferous"
3432,"semiarid.grassland_HPDA"
3433,"boreal.coniferous"
3434,"boreal.coniferous"
3435,"semiarid.grassland_HPDA"
3436,"boreal.coniferous"
3437,"temperate.deciduous.HPDA"
3438,"semiarid.grassland_HPDA"
3439,"temperate.deciduous.HPDA"
3440,"boreal.coniferous"
3441,"boreal.coniferous"
3442,"temperate.deciduous.HPDA"
3443,"semiarid.grassland_HPDA"
3444,"semiarid.grassland_HPDA"
3445,"temperate.deciduous.HPDA"
3446,"boreal.coniferous"
3447,"boreal.coniferous"
3448,"semiarid.grassland_HPDA"
3449,"semiarid.grassland_HPDA"
3450,"boreal.coniferous"
3451,"temperate.deciduous.HPDA"
3452,"boreal.coniferous"
3453,"boreal.coniferous"
3454,"boreal.coniferous"
3455,"boreal.coniferous"
3456,"temperate.deciduous.HPDA"
3457,"temperate.deciduous.HPDA"
3458,"temperate.deciduous.HPDA"
3459,"boreal.coniferous"
3460,"boreal.coniferous"
3461,"semiarid.grassland_HPDA"
3462,"boreal.coniferous"
3463,"temperate.deciduous.HPDA"
3464,"temperate.deciduous.HPDA"
3465,"boreal.coniferous"
3466,"temperate.deciduous.HPDA"
3467,"temperate.deciduous.HPDA"
3468,"boreal.coniferous"
3469,"boreal.coniferous"
3470,"boreal.coniferous"
3471,"temperate.deciduous.HPDA"
3472,"boreal.coniferous"
3473,"semiarid.grassland_HPDA"
3474,"temperate.deciduous.HPDA"
3475,"boreal.coniferous"
3476,"semiarid.grassland_HPDA"
3477,"boreal.coniferous"
3478,"boreal.coniferous"
3479,"boreal.coniferous"
3480,"boreal.coniferous"
3481,"semiarid.grassland_HPDA"
3482,"boreal.coniferous"
3483,"boreal.coniferous"
3484,"boreal.coniferous"
3485,"temperate.deciduous.HPDA"
3486,"boreal.coniferous"
3487,"temperate.deciduous.HPDA"
3488,"boreal.coniferous"
3489,"temperate.deciduous.HPDA"
3490,"boreal.coniferous"
3491,"semiarid.grassland_HPDA"
3492,"semiarid.grassland_HPDA"
3493,"temperate.deciduous.HPDA"
3494,"boreal.coniferous"
3495,"boreal.coniferous"
3496,"temperate.deciduous.HPDA"
3497,"temperate.deciduous.HPDA"
3498,"semiarid.grassland_HPDA"
3499,"temperate.deciduous.HPDA"
3500,"temperate.deciduous.HPDA"
3501,"temperate.deciduous.HPDA"
3502,"temperate.deciduous.HPDA"
3503,"boreal.coniferous"
3504,"boreal.coniferous"
3505,"semiarid.grassland_HPDA"
3506,"boreal.coniferous"
3507,"boreal.coniferous"
3508,"boreal.coniferous"
3509,"boreal.coniferous"
3510,"boreal.coniferous"
3511,"boreal.coniferous"
3512,"temperate.deciduous.HPDA"
3513,"semiarid.grassland_HPDA"
3514,"boreal.coniferous"
3515,"boreal.coniferous"
3516,"temperate.deciduous.HPDA"
3517,"temperate.deciduous.HPDA"
3518,"temperate.deciduous.HPDA"
3519,"boreal.coniferous"
3520,"boreal.coniferous"
3521,"semiarid.grassland_HPDA"
3522,"boreal.coniferous"
3523,"boreal.coniferous"
3524,"temperate.deciduous.HPDA"
3525,"temperate.deciduous.HPDA"
3526,"boreal.coniferous"
3527,"boreal.coniferous"
3528,"temperate.deciduous.HPDA"
3529,"semiarid.grassland_HPDA"
3530,"boreal.coniferous"
3531,"boreal.coniferous"
3532,"temperate.deciduous.HPDA"
3533,"boreal.coniferous"
3534,"boreal.coniferous"
3535,"semiarid.grassland_HPDA"
3536,"temperate.deciduous.HPDA"
3537,"temperate.deciduous.HPDA"
3538,"temperate.deciduous.HPDA"
3539,"temperate.deciduous.HPDA"
3540,"boreal.coniferous"
3541,"boreal.coniferous"
3542,"boreal.coniferous"
3543,"boreal.coniferous"
3544,"semiarid.grassland_HPDA"
3545,"boreal.coniferous"
3546,"semiarid.grassland_HPDA"
3547,"boreal.coniferous"
3548,"boreal.coniferous"
3549,"boreal.coniferous"
3550,"temperate.deciduous.HPDA"
3551,"boreal.coniferous"
3552,"boreal.coniferous"
3553,"boreal.coniferous"
3554,"semiarid.grassland_HPDA"
3555,"boreal.coniferous"
3556,"semiarid.grassland_HPDA"
3557,"boreal.coniferous"
3558,"boreal.coniferous"
3559,"temperate.deciduous.HPDA"
3560,"boreal.coniferous"
3561,"boreal.coniferous"
3562,"boreal.coniferous"
3563,"boreal.coniferous"
3564,"semiarid.grassland_HPDA"
3565,"temperate.deciduous.HPDA"
3566,"semiarid.grassland_HPDA"
3567,"semiarid.grassland_HPDA"
3568,"temperate.deciduous.HPDA"
3569,"boreal.coniferous"
3570,"temperate.deciduous.HPDA"
3571,"boreal.coniferous"
3572,"semiarid.grassland_HPDA"
3573,"boreal.coniferous"
3574,"temperate.deciduous.HPDA"
3575,"semiarid.grassland_HPDA"
3576,"semiarid.grassland_HPDA"
3577,"boreal.coniferous"
3578,"boreal.coniferous"
3579,"semiarid.grassland_HPDA"
3580,"boreal.coniferous"
3581,"semiarid.grassland_HPDA"
3582,"temperate.deciduous.HPDA"
3583,"boreal.coniferous"
3584,"temperate.deciduous.HPDA"
3585,"temperate.deciduous.HPDA"
3586,"boreal.coniferous"
3587,"temperate.deciduous.HPDA"
3588,"boreal.coniferous"
3589,"semiarid.grassland_HPDA"
3590,"semiarid.grassland_HPDA"
3591,"semiarid.grassland_HPDA"
3592,"semiarid.grassland_HPDA"
3593,"semiarid.grassland_HPDA"
3594,"temperate.deciduous.HPDA"
3595,"semiarid.grassland_HPDA"
3596,"semiarid.grassland_HPDA"
3597,"semiarid.grassland_HPDA"
3598,"boreal.coniferous"
3599,"semiarid.grassland_HPDA"
3600,"semiarid.grassland_HPDA"
3601,"boreal.coniferous"
3602,"semiarid.grassland_HPDA"
3603,"semiarid.grassland_HPDA"
3604,"semiarid.grassland_HPDA"
3605,"boreal.coniferous"
3606,"semiarid.grassland_HPDA"
3607,"semiarid.grassland_HPDA"
3608,"boreal.coniferous"
3609,"boreal.coniferous"
3610,"semiarid.grassland_HPDA"
3611,"semiarid.grassland_HPDA"
3612,"temperate.deciduous.HPDA"
3613,"boreal.coniferous"
3614,"semiarid.grassland_HPDA"
3615,"semiarid.grassland_HPDA"
3616,"boreal.coniferous"
3617,"temperate.deciduous.HPDA"
3618,"boreal.coniferous"
3619,"boreal.coniferous"
3620,"boreal.coniferous"
3621,"boreal.coniferous"
3622,"temperate.deciduous.HPDA"
3623,"temperate.deciduous.HPDA"
3624,"semiarid.grassland_HPDA"
3625,"boreal.coniferous"
3626,"boreal.coniferous"
3627,"semiarid.grassland_HPDA"
3628,"temperate.deciduous.HPDA"
3629,"boreal.coniferous"
3630,"temperate.deciduous.HPDA"
3631,"boreal.coniferous"
3632,"boreal.coniferous"
3633,"semiarid.grassland_HPDA"
3634,"temperate.deciduous.HPDA"
3635,"semiarid.grassland_HPDA"
3636,"semiarid.grassland_HPDA"
3637,"boreal.coniferous"
3638,"boreal.coniferous"
3639,"semiarid.grassland_HPDA"
3640,"semiarid.grassland_HPDA"
3641,"temperate.deciduous.HPDA"
3642,"boreal.coniferous"
3643,"boreal.coniferous"
3644,"boreal.coniferous"
3645,"semiarid.grassland_HPDA"
3646,"boreal.coniferous"
3647,"semiarid.grassland_HPDA"
3648,"temperate.deciduous.HPDA"
3649,"boreal.coniferous"
3650,"semiarid.grassland_HPDA"
3651,"boreal.coniferous"
3652,"boreal.coniferous"
3653,"temperate.deciduous.HPDA"
3654,"temperate.deciduous.HPDA"
3655,"semiarid.grassland_HPDA"
3656,"boreal.coniferous"
3657,"semiarid.grassland_HPDA"
3658,"semiarid.grassland_HPDA"
3659,"temperate.deciduous.HPDA"
3660,"boreal.coniferous"
3661,"boreal.coniferous"
3662,"semiarid.grassland_HPDA"
3663,"temperate.deciduous.HPDA"
3664,"semiarid.grassland_HPDA"
3665,"boreal.coniferous"
3666,"temperate.deciduous.HPDA"
3667,"temperate.deciduous.HPDA"
3668,"semiarid.grassland_HPDA"
3669,"temperate.deciduous.HPDA"
3670,"boreal.coniferous"
3671,"semiarid.grassland_HPDA"
3672,"temperate.deciduous.HPDA"
3673,"temperate.deciduous.HPDA"
3674,"temperate.deciduous.HPDA"
3675,"temperate.deciduous.HPDA"
3676,"boreal.coniferous"
3677,"temperate.deciduous.HPDA"
3678,"boreal.coniferous"
3679,"boreal.coniferous"
3680,"semiarid.grassland_HPDA"
3681,"boreal.coniferous"
3682,"temperate.deciduous.HPDA"
3683,"semiarid.grassland_HPDA"
3684,"boreal.coniferous"
3685,"boreal.coniferous"
3686,"semiarid.grassland_HPDA"
3687,"semiarid.grassland_HPDA"
3688,"temperate.deciduous.HPDA"
3689,"semiarid.grassland_HPDA"
3690,"boreal.coniferous"
3691,"semiarid.grassland_HPDA"
3692,"boreal.coniferous"
3693,"boreal.coniferous"
3694,"boreal.coniferous"
3695,"semiarid.grassland_HPDA"
3696,"boreal.coniferous"
3697,"temperate.deciduous.HPDA"
3698,"semiarid.grassland_HPDA"
3699,"semiarid.grassland_HPDA"
3700,"boreal.coniferous"
3701,"boreal.coniferous"
3702,"semiarid.grassland_HPDA"
3703,"boreal.coniferous"
3704,"semiarid.grassland_HPDA"
3705,"boreal.coniferous"
3706,"semiarid.grassland_HPDA"
3707,"boreal.coniferous"
3708,"semiarid.grassland_HPDA"
3709,"boreal.coniferous"
3710,"boreal.coniferous"
3711,"boreal.coniferous"
3712,"semiarid.grassland_HPDA"
3713,"boreal.coniferous"
3714,"boreal.coniferous"
3715,"boreal.coniferous"
3716,"semiarid.grassland_HPDA"
3717,"boreal.coniferous"
3718,"boreal.coniferous"
3719,"semiarid.grassland_HPDA"
3720,"boreal.coniferous"
3721,"semiarid.grassland_HPDA"
3722,"semiarid.grassland_HPDA"
3723,"boreal.coniferous"
3724,"boreal.coniferous"
3725,"boreal.coniferous"
3726,"semiarid.grassland_HPDA"
3727,"boreal.coniferous"
3728,"boreal.coniferous"
3729,"boreal.coniferous"
3730,"boreal.coniferous"
3731,"semiarid.grassland_HPDA"
3732,"boreal.coniferous"
3733,"boreal.coniferous"
3734,"boreal.coniferous"
3735,"semiarid.grassland_HPDA"
3736,"boreal.coniferous"
3737,"semiarid.grassland_HPDA"
3738,"boreal.coniferous"
3739,"semiarid.grassland_HPDA"
3740,"boreal.coniferous"
3741,"boreal.coniferous"
3742,"semiarid.grassland_HPDA"
3743,"temperate.deciduous.HPDA"
3744,"boreal.coniferous"
3745,"semiarid.grassland_HPDA"
3746,"boreal.coniferous"
3747,"semiarid.grassland_HPDA"
3748,"semiarid.grassland_HPDA"
3749,"semiarid.grassland_HPDA"
3750,"boreal.coniferous"
3751,"boreal.coniferous"
3752,"semiarid.grassland_HPDA"
3753,"boreal.coniferous"
3754,"semiarid.grassland_HPDA"
3755,"semiarid.grassland_HPDA"
3756,"boreal.coniferous"
3757,"boreal.coniferous"
3758,"boreal.coniferous"
3759,"semiarid.grassland_HPDA"
3760,"semiarid.grassland_HPDA"
3761,"semiarid.grassland_HPDA"
3762,"semiarid.grassland_HPDA"
3763,"boreal.coniferous"
3764,"semiarid.grassland_HPDA"
3765,"semiarid.grassland_HPDA"
3766,"semiarid.grassland_HPDA"
3767,"boreal.coniferous"
3768,"semiarid.grassland_HPDA"
3769,"boreal.coniferous"
3770,"semiarid.grassland_HPDA"
3771,"semiarid.grassland_HPDA"
3772,"semiarid.grassland_HPDA"
3773,"boreal.coniferous"
3774,"boreal.coniferous"
3775,"boreal.coniferous"
3776,"semiarid.grassland_HPDA"
3777,"boreal.coniferous"
3778,"boreal.coniferous"
3779,"boreal.coniferous"
3780,"semiarid.grassland_HPDA"
3781,"boreal.coniferous"
3782,"semiarid.grassland_HPDA"
3783,"boreal.coniferous"
3784,"semiarid.grassland_HPDA"
3785,"temperate.deciduous.HPDA"
3786,"boreal.coniferous"
3787,"semiarid.grassland_HPDA"
3788,"boreal.coniferous"
3789,"boreal.coniferous"
3790,"temperate.deciduous.HPDA"
3791,"boreal.coniferous"
3792,"semiarid.grassland_HPDA"
3793,"semiarid.grassland_HPDA"
3794,"boreal.coniferous"
3795,"semiarid.grassland_HPDA"
3796,"semiarid.grassland_HPDA"
3797,"semiarid.grassland_HPDA"
3798,"boreal.coniferous"
3799,"semiarid.grassland_HPDA"
3800,"boreal.coniferous"
3801,"boreal.coniferous"
3802,"semiarid.grassland_HPDA"
3803,"boreal.coniferous"
3804,"boreal.coniferous"
3805,"boreal.coniferous"
3806,"boreal.coniferous"
3807,"semiarid.grassland_HPDA"
3808,"boreal.coniferous"
3809,"temperate.deciduous.HPDA"
3810,"semiarid.grassland_HPDA"
3811,"boreal.coniferous"
3812,"semiarid.grassland_HPDA"
3813,"boreal.coniferous"
3814,"semiarid.grassland_HPDA"
3815,"semiarid.grassland_HPDA"
3816,"semiarid.grassland_HPDA"
3817,"semiarid.grassland_HPDA"
3818,"boreal.coniferous"
3819,"semiarid.grassland_HPDA"
3820,"semiarid.grassland_HPDA"
3821,"boreal.coniferous"
3822,"boreal.coniferous"
3823,"boreal.coniferous"
3824,"semiarid.grassland_HPDA"
3825,"boreal.coniferous"
3826,"boreal.coniferous"
3827,"semiarid.grassland_HPDA"
3828,"boreal.coniferous"
3829,"boreal.coniferous"
3830,"boreal.coniferous"
3831,"semiarid.grassland_HPDA"
3832,"boreal.coniferous"
3833,"semiarid.grassland_HPDA"
3834,"semiarid.grassland_HPDA"
3835,"boreal.coniferous"
3836,"boreal.coniferous"
3837,"semiarid.grassland_HPDA"
3838,"semiarid.grassland_HPDA"
3839,"semiarid.grassland_HPDA"
3840,"boreal.coniferous"
3841,"temperate.deciduous.HPDA"
3842,"boreal.coniferous"
3843,"boreal.coniferous"
3844,"boreal.coniferous"
3845,"boreal.coniferous"
3846,"boreal.coniferous"
3847,"semiarid.grassland_HPDA"
3848,"boreal.coniferous"
3849,"boreal.coniferous"
3850,"boreal.coniferous"
3851,"boreal.coniferous"
3852,"boreal.coniferous"
3853,"boreal.coniferous"
3854,"boreal.coniferous"
3855,"boreal.coniferous"
3856,"semiarid.grassland_HPDA"
3857,"semiarid.grassland_HPDA"
3858,"boreal.coniferous"
3859,"boreal.coniferous"
3860,"semiarid.grassland_HPDA"
3861,"temperate.deciduous.HPDA"
3862,"boreal.coniferous"
3863,"boreal.coniferous"
3864,"semiarid.grassland_HPDA"
3865,"temperate.deciduous.HPDA"
3866,"semiarid.grassland_HPDA"
3867,"semiarid.grassland_HPDA"
3868,"boreal.coniferous"
3869,"temperate.deciduous.HPDA"
3870,"semiarid.grassland_HPDA"
3871,"boreal.coniferous"
3872,"semiarid.grassland_HPDA"
3873,"temperate.deciduous.HPDA"
3874,"boreal.coniferous"
3875,"semiarid.grassland_HPDA"
3876,"semiarid.grassland_HPDA"
3877,"boreal.coniferous"
3878,"semiarid.grassland_HPDA"
3879,"semiarid.grassland_HPDA"
3880,"boreal.coniferous"
3881,"temperate.deciduous.HPDA"
3882,"boreal.coniferous"
3883,"semiarid.grassland_HPDA"
3884,"boreal.coniferous"
3885,"temperate.deciduous.HPDA"
3886,"boreal.coniferous"
3887,"boreal.coniferous"
3888,"boreal.coniferous"
3889,"semiarid.grassland_HPDA"
3890,"semiarid.grassland_HPDA"
3891,"boreal.coniferous"
3892,"boreal.coniferous"
3893,"temperate.deciduous.HPDA"
3894,"semiarid.grassland_HPDA"
3895,"semiarid.grassland_HPDA"
3896,"boreal.coniferous"
3897,"semiarid.grassland_HPDA"
3898,"boreal.coniferous"
3899,"semiarid.grassland_HPDA"
3900,"temperate.deciduous.HPDA"
3901,"temperate.deciduous.HPDA"
3902,"boreal.coniferous"
3903,"semiarid.grassland_HPDA"
3904,"boreal.coniferous"
3905,"temperate.deciduous.HPDA"
3906,"semiarid.grassland_HPDA"
3907,"semiarid.grassland_HPDA"
3908,"semiarid.grassland_HPDA"
3909,"semiarid.grassland_HPDA"
3910,"temperate.deciduous.HPDA"
3911,"boreal.coniferous"
3912,"semiarid.grassland_HPDA"
3913,"boreal.coniferous"
3914,"boreal.coniferous"
3915,"temperate.deciduous.HPDA"
3916,"boreal.coniferous"
3917,"boreal.coniferous"
3918,"temperate.deciduous.HPDA"
3919,"boreal.coniferous"
3920,"semiarid.grassland_HPDA"
3921,"temperate.deciduous.HPDA"
3922,"semiarid.grassland_HPDA"
3923,"semiarid.grassland_HPDA"
3924,"boreal.coniferous"
3925,"semiarid.grassland_HPDA"
3926,"semiarid.grassland_HPDA"
3927,"semiarid.grassland_HPDA"
3928,"boreal.coniferous"
3929,"boreal.coniferous"
3930,"boreal.coniferous"
3931,"boreal.coniferous"
3932,"semiarid.grassland_HPDA"
3933,"semiarid.grassland_HPDA"
3934,"boreal.coniferous"
3935,"boreal.coniferous"
3936,"semiarid.grassland_HPDA"
3937,"boreal.coniferous"
3938,"boreal.coniferous"
3939,"temperate.deciduous.HPDA"
3940,"boreal.coniferous"
3941,"boreal.coniferous"
3942,"semiarid.grassland_HPDA"
3943,"boreal.coniferous"
3944,"temperate.deciduous.HPDA"
3945,"boreal.coniferous"
3946,"boreal.coniferous"
3947,"semiarid.grassland_HPDA"
3948,"semiarid.grassland_HPDA"
3949,"semiarid.grassland_HPDA"
3950,"semiarid.grassland_HPDA"
3951,"boreal.coniferous"
3952,"temperate.deciduous.HPDA"
3953,"boreal.coniferous"
3954,"boreal.coniferous"
3955,"semiarid.grassland_HPDA"
3956,"semiarid.grassland_HPDA"
3957,"boreal.coniferous"
3958,"temperate.deciduous.HPDA"
3959,"temperate.deciduous.HPDA"
3960,"boreal.coniferous"
3961,"boreal.coniferous"
3962,"semiarid.grassland_HPDA"
3963,"boreal.coniferous"
3964,"boreal.coniferous"
3965,"boreal.coniferous"
3966,"semiarid.grassland_HPDA"
3967,"semiarid.grassland_HPDA"
3968,"temperate.deciduous.HPDA"
3969,"temperate.deciduous.HPDA"
3970,"boreal.coniferous"
3971,"boreal.coniferous"
3972,"boreal.coniferous"
3973,"boreal.coniferous"
3974,"boreal.coniferous"
3975,"boreal.coniferous"
3976,"boreal.coniferous"
3977,"semiarid.grassland_HPDA"
3978,"semiarid.grassland_HPDA"
3979,"semiarid.grassland_HPDA"
3980,"temperate.deciduous.HPDA"
3981,"boreal.coniferous"
3982,"boreal.coniferous"
3983,"boreal.coniferous"
3984,"temperate.deciduous.HPDA"
3985,"semiarid.grassland_HPDA"
3986,"boreal.coniferous"
3987,"boreal.coniferous"
3988,"boreal.coniferous"
3989,"boreal.coniferous"
3990,"temperate.deciduous.HPDA"
3991,"temperate.deciduous.HPDA"
3992,"semiarid.grassland_HPDA"
3993,"semiarid.grassland_HPDA"
3994,"temperate.deciduous.HPDA"
3995,"boreal.coniferous"
3996,"boreal.coniferous"
3997,"boreal.coniferous"
3998,"semiarid.grassland_HPDA"
3999,"semiarid.grassland_HPDA"
4000,"boreal.coniferous"
4001,"semiarid.grassland_HPDA"
4002,"temperate.deciduous.HPDA"
4003,"boreal.coniferous"
4004,"boreal.coniferous"
4005,"temperate.deciduous.HPDA"
4006,"boreal.coniferous"
4007,"boreal.coniferous"
4008,"boreal.coniferous"
4009,"semiarid.grassland_HPDA"
4010,"boreal.coniferous"
4011,"semiarid.grassland_HPDA"
4012,"semiarid.grassland_HPDA"
4013,"semiarid.grassland_HPDA"
4014,"boreal.coniferous"
4015,"semiarid.grassland_HPDA"
4016,"boreal.coniferous"
4017,"boreal.coniferous"
4018,"semiarid.grassland_HPDA"
4019,"semiarid.grassland_HPDA"
4020,"boreal.coniferous"
4021,"semiarid.grassland_HPDA"
4022,"semiarid.grassland_HPDA"
4023,"boreal.coniferous"
4024,"semiarid.grassland_HPDA"
4025,"semiarid.grassland_HPDA"
4026,"semiarid.grassland_HPDA"
4027,"semiarid.grassland_HPDA"
4028,"semiarid.grassland_HPDA"
4029,"temperate.deciduous.HPDA"
4030,"temperate.deciduous.HPDA"
4031,"boreal.coniferous"
4032,"semiarid.grassland_HPDA"
4033,"semiarid.grassland_HPDA"
4034,"boreal.coniferous"
4035,"semiarid.grassland_HPDA"
4036,"semiarid.grassland_HPDA"
4037,"temperate.deciduous.HPDA"
4038,"boreal.coniferous"
4039,"semiarid.grassland_HPDA"
4040,"boreal.coniferous"
4041,"semiarid.grassland_HPDA"
4042,"semiarid.grassland_HPDA"
4043,"semiarid.grassland_HPDA"
4044,"semiarid.grassland_HPDA"
4045,"boreal.coniferous"
4046,"semiarid.grassland_HPDA"
4047,"boreal.coniferous"
4048,"boreal.coniferous"
4049,"boreal.coniferous"
4050,"semiarid.grassland_HPDA"
4051,"boreal.coniferous"
4052,"temperate.deciduous.HPDA"
4053,"temperate.deciduous.HPDA"
4054,"semiarid.grassland_HPDA"
4055,"semiarid.grassland_HPDA"
4056,"boreal.coniferous"
4057,"temperate.deciduous.HPDA"
4058,"semiarid.grassland_HPDA"
4059,"semiarid.grassland_HPDA"
4060,"semiarid.grassland_HPDA"
4061,"semiarid.grassland_HPDA"
4062,"semiarid.grassland_HPDA"
4063,"semiarid.grassland_HPDA"
4064,"boreal.coniferous"
4065,"boreal.coniferous"
4066,"semiarid.grassland_HPDA"
4067,"semiarid.grassland_HPDA"
4068,"semiarid.grassland_HPDA"
4069,"semiarid.grassland_HPDA"
4070,"temperate.deciduous.HPDA"
4071,"boreal.coniferous"
4072,"semiarid.grassland_HPDA"
4073,"boreal.coniferous"
4074,"semiarid.grassland_HPDA"
4075,"boreal.coniferous"
4076,"boreal.coniferous"
4077,"semiarid.grassland_HPDA"
4078,"temperate.deciduous.HPDA"
4079,"semiarid.grassland_HPDA"
4080,"temperate.deciduous.HPDA"
4081,"boreal.coniferous"
4082,"semiarid.grassland_HPDA"
4083,"semiarid.grassland_HPDA"
4084,"semiarid.grassland_HPDA"
4085,"boreal.coniferous"
4086,"boreal.coniferous"
4087,"semiarid.grassland_HPDA"
4088,"boreal.coniferous"
4089,"temperate.deciduous.HPDA"
4090,"boreal.coniferous"
4091,"semiarid.grassland_HPDA"
4092,"semiarid.grassland_HPDA"
4093,"temperate.deciduous.HPDA"
4094,"boreal.coniferous"
4095,"boreal.coniferous"
4096,"semiarid.grassland_HPDA"
4097,"boreal.coniferous"
4098,"boreal.coniferous"
4099,"temperate.deciduous.HPDA"
4100,"temperate.deciduous.HPDA"
4101,"semiarid.grassland_HPDA"
4102,"semiarid.grassland_HPDA"
4103,"boreal.coniferous"
4104,"semiarid.grassland_HPDA"
4105,"temperate.deciduous.HPDA"
4106,"temperate.deciduous.HPDA"
4107,"temperate.deciduous.HPDA"
4108,"boreal.coniferous"
4109,"temperate.deciduous.HPDA"
4110,"boreal.coniferous"
4111,"boreal.coniferous"
4112,"boreal.coniferous"
4113,"semiarid.grassland_HPDA"
4114,"temperate.deciduous.HPDA"
4115,"boreal.coniferous"
4116,"semiarid.grassland_HPDA"
4117,"semiarid.grassland_HPDA"
4118,"boreal.coniferous"
4119,"semiarid.grassland_HPDA"
4120,"temperate.deciduous.HPDA"
4121,"semiarid.grassland_HPDA"
4122,"semiarid.grassland_HPDA"
4123,"temperate.deciduous.HPDA"
4124,"semiarid.grassland_HPDA"
4125,"semiarid.grassland_HPDA"
4126,"temperate.deciduous.HPDA"
4127,"boreal.coniferous"
4128,"boreal.coniferous"
4129,"semiarid.grassland_HPDA"
4130,"temperate.deciduous.HPDA"
4131,"boreal.coniferous"
4132,"semiarid.grassland_HPDA"
4133,"semiarid.grassland_HPDA"
4134,"semiarid.grassland_HPDA"
4135,"semiarid.grassland_HPDA"
4136,"semiarid.grassland_HPDA"
4137,"boreal.coniferous"
4138,"temperate.deciduous.HPDA"
4139,"temperate.deciduous.HPDA"
4140,"semiarid.grassland_HPDA"
4141,"semiarid.grassland_HPDA"
4142,"semiarid.grassland_HPDA"
4143,"temperate.deciduous.HPDA"
4144,"boreal.coniferous"
4145,"temperate.deciduous.HPDA"
4146,"temperate.deciduous.HPDA"
4147,"boreal.coniferous"
4148,"semiarid.grassland_HPDA"
4149,"boreal.coniferous"
4150,"boreal.coniferous"
4151,"semiarid.grassland_HPDA"
4152,"temperate.deciduous.HPDA"
4153,"temperate.deciduous.HPDA"
4154,"boreal.coniferous"
4155,"boreal.coniferous"
4156,"temperate.deciduous.HPDA"
4157,"semiarid.grassland_HPDA"
4158,"temperate.deciduous.HPDA"
4159,"semiarid.grassland_HPDA"
4160,"semiarid.grassland_HPDA"
4161,"semiarid.grassland_HPDA"
4162,"semiarid.grassland_HPDA"
4163,"boreal.coniferous"
4164,"semiarid.grassland_HPDA"
4165,"semiarid.grassland_HPDA"
4166,"boreal.coniferous"
4167,"boreal.coniferous"
4168,"boreal.coniferous"
4169,"semiarid.grassland_HPDA"
4170,"semiarid.grassland_HPDA"
4171,"boreal.coniferous"
4172,"semiarid.grassland_HPDA"
4173,"semiarid.grassland_HPDA"
4174,"boreal.coniferous"
4175,"semiarid.grassland_HPDA"
4176,"temperate.deciduous.HPDA"
4177,"boreal.coniferous"
4178,"temperate.deciduous.HPDA"
4179,"semiarid.grassland_HPDA"
4180,"temperate.deciduous.HPDA"
4181,"semiarid.grassland_HPDA"
4182,"semiarid.grassland_HPDA"
4183,"semiarid.grassland_HPDA"
4184,"boreal.coniferous"
4185,"temperate.deciduous.HPDA"
4186,"temperate.deciduous.HPDA"
4187,"boreal.coniferous"
4188,"semiarid.grassland_HPDA"
4189,"boreal.coniferous"
4190,"semiarid.grassland_HPDA"
4191,"boreal.coniferous"
4192,"temperate.deciduous.HPDA"
4193,"temperate.deciduous.HPDA"
4194,"temperate.deciduous.HPDA"
4195,"boreal.coniferous"
4196,"boreal.coniferous"
4197,"temperate.deciduous.HPDA"
4198,"semiarid.grassland_HPDA"
4199,"temperate.deciduous.HPDA"
4200,"temperate.deciduous.HPDA"
4201,"boreal.coniferous"
4202,"temperate.deciduous.HPDA"
4203,"temperate.deciduous.HPDA"
4204,"semiarid.grassland_HPDA"
4205,"boreal.coniferous"
4206,"semiarid.grassland_HPDA"
4207,"semiarid.grassland_HPDA"
4208,"boreal.coniferous"
4209,"semiarid.grassland_HPDA"
4210,"semiarid.grassland_HPDA"
4211,"temperate.deciduous.HPDA"
4212,"temperate.deciduous.HPDA"
4213,"temperate.deciduous.HPDA"
4214,"semiarid.grassland_HPDA"
4215,"temperate.deciduous.HPDA"
4216,"boreal.coniferous"
4217,"temperate.deciduous.HPDA"
4218,"boreal.coniferous"
4219,"semiarid.grassland_HPDA"
4220,"semiarid.grassland_HPDA"
4221,"boreal.coniferous"
4222,"semiarid.grassland_HPDA"
4223,"temperate.deciduous.HPDA"
4224,"boreal.coniferous"
4225,"temperate.deciduous.HPDA"
4226,"boreal.coniferous"
4227,"boreal.coniferous"
4228,"boreal.coniferous"
4229,"semiarid.grassland_HPDA"
4230,"semiarid.grassland_HPDA"
4231,"semiarid.grassland_HPDA"
4232,"semiarid.grassland_HPDA"
4233,"boreal.coniferous"
4234,"semiarid.grassland_HPDA"
4235,"semiarid.grassland_HPDA"
4236,"semiarid.grassland_HPDA"
4237,"temperate.deciduous.HPDA"
4238,"semiarid.grassland_HPDA"
4239,"temperate.deciduous.HPDA"
4240,"temperate.deciduous.HPDA"
4241,"boreal.coniferous"
4242,"semiarid.grassland_HPDA"
4243,"temperate.deciduous.HPDA"
4244,"temperate.deciduous.HPDA"
4245,"semiarid.grassland_HPDA"
4246,"semiarid.grassland_HPDA"
4247,"boreal.coniferous"
4248,"temperate.deciduous.HPDA"
4249,"boreal.coniferous"
4250,"semiarid.grassland_HPDA"
4251,"temperate.deciduous.HPDA"
4252,"semiarid.grassland_HPDA"
4253,"temperate.deciduous.HPDA"
4254,"temperate.deciduous.HPDA"
4255,"boreal.coniferous"
4256,"semiarid.grassland_HPDA"
4257,"temperate.deciduous.HPDA"
4258,"boreal.coniferous"
4259,"temperate.deciduous.HPDA"
4260,"boreal.coniferous"
4261,"boreal.coniferous"
4262,"semiarid.grassland_HPDA"
4263,"boreal.coniferous"
4264,"semiarid.grassland_HPDA"
4265,"temperate.deciduous.HPDA"
4266,"boreal.coniferous"
4267,"temperate.deciduous.HPDA"
4268,"temperate.deciduous.HPDA"
4269,"boreal.coniferous"
4270,"semiarid.grassland_HPDA"
4271,"boreal.coniferous"
4272,"boreal.coniferous"
4273,"semiarid.grassland_HPDA"
4274,"temperate.deciduous.HPDA"
4275,"boreal.coniferous"
4276,"semiarid.grassland_HPDA"
4277,"temperate.deciduous.HPDA"
4278,"temperate.deciduous.HPDA"
4279,"temperate.deciduous.HPDA"
4280,"boreal.coniferous"
4281,"semiarid.grassland_HPDA"
4282,"boreal.coniferous"
4283,"temperate.deciduous.HPDA"
4284,"boreal.coniferous"
4285,"semiarid.grassland_HPDA"
4286,"boreal.coniferous"
4287,"semiarid.grassland_HPDA"
4288,"temperate.deciduous.HPDA"
4289,"temperate.deciduous.HPDA"
4290,"temperate.deciduous.HPDA"
4291,"semiarid.grassland_HPDA"
4292,"semiarid.grassland_HPDA"
4293,"temperate.deciduous.HPDA"
4294,"temperate.deciduous.HPDA"
4295,"temperate.deciduous.HPDA"
4296,"semiarid.grassland_HPDA"
4297,"semiarid.grassland_HPDA"
4298,"temperate.deciduous.HPDA"
4299,"temperate.deciduous.HPDA"
4300,"boreal.coniferous"
4301,"semiarid.grassland_HPDA"
4302,"semiarid.grassland_HPDA"
4303,"temperate.deciduous.HPDA"
4304,"temperate.deciduous.HPDA"
4305,"temperate.deciduous.HPDA"
4306,"temperate.deciduous.HPDA"
4307,"temperate.deciduous.HPDA"
4308,"temperate.deciduous.HPDA"
4309,"semiarid.grassland_HPDA"
4310,"temperate.deciduous.HPDA"
4311,"temperate.deciduous.HPDA"
4312,"temperate.deciduous.HPDA"
4313,"temperate.deciduous.HPDA"
4314,"temperate.deciduous.HPDA"
4315,"temperate.deciduous.HPDA"
4316,"temperate.deciduous.HPDA"
4317,"temperate.deciduous.HPDA"
4318,"semiarid.grassland_HPDA"
4319,"semiarid.grassland_HPDA"
4320,"temperate.deciduous.HPDA"
4321,"temperate.deciduous.HPDA"
4322,"temperate.deciduous.HPDA"
4323,"semiarid.grassland_HPDA"
4324,"boreal.coniferous"
4325,"temperate.deciduous.HPDA"
4326,"temperate.deciduous.HPDA"
4327,"temperate.deciduous.HPDA"
4328,"temperate.deciduous.HPDA"
4329,"semiarid.grassland_HPDA"
4330,"semiarid.grassland_HPDA"
4331,"temperate.deciduous.HPDA"
4332,"semiarid.grassland_HPDA"
4333,"temperate.deciduous.HPDA"
4334,"temperate.deciduous.HPDA"
4335,"temperate.deciduous.HPDA"
4336,"temperate.deciduous.HPDA"
4337,"temperate.deciduous.HPDA"
4338,"temperate.deciduous.HPDA"
4339,"semiarid.grassland_HPDA"
4340,"semiarid.grassland_HPDA"
4341,"temperate.deciduous.HPDA"
4342,"temperate.deciduous.HPDA"
4343,"boreal.coniferous"
4344,"boreal.coniferous"
4345,"boreal.coniferous"
4346,"boreal.coniferous"
4347,"semiarid.grassland_HPDA"
4348,"boreal.coniferous"
4349,"semiarid.grassland_HPDA"
4350,"temperate.deciduous.HPDA"
4351,"semiarid.grassland_HPDA"
4352,"temperate.deciduous.HPDA"
4353,"temperate.deciduous.HPDA"
4354,"temperate.deciduous.HPDA"
4355,"semiarid.grassland_HPDA"
4356,"boreal.coniferous"
4357,"boreal.coniferous"
4358,"semiarid.grassland_HPDA"
4359,"boreal.coniferous"
4360,"boreal.coniferous"
4361,"boreal.coniferous"
4362,"temperate.deciduous.HPDA"
4363,"temperate.deciduous.HPDA"
4364,"temperate.deciduous.HPDA"
4365,"boreal.coniferous"
4366,"boreal.coniferous"
4367,"temperate.deciduous.HPDA"
4368,"boreal.coniferous"
4369,"semiarid.grassland_HPDA"
4370,"temperate.deciduous.HPDA"
4371,"boreal.coniferous"
4372,"semiarid.grassland_HPDA"
4373,"semiarid.grassland_HPDA"
4374,"semiarid.grassland_HPDA"
4375,"semiarid.grassland_HPDA"
4376,"semiarid.grassland_HPDA"
4377,"boreal.coniferous"
4378,"semiarid.grassland_HPDA"
4379,"semiarid.grassland_HPDA"
4380,"boreal.coniferous"
4381,"semiarid.grassland_HPDA"
4382,"boreal.coniferous"
4383,"boreal.coniferous"
4384,"temperate.deciduous.HPDA"
4385,"semiarid.grassland_HPDA"
4386,"semiarid.grassland_HPDA"
4387,"boreal.coniferous"
4388,"semiarid.grassland_HPDA"
4389,"temperate.deciduous.HPDA"
4390,"semiarid.grassland_HPDA"
4391,"semiarid.grassland_HPDA"
4392,"semiarid.grassland_HPDA"
4393,"semiarid.grassland_HPDA"
4394,"semiarid.grassland_HPDA"
4395,"temperate.deciduous.HPDA"
4396,"semiarid.grassland_HPDA"
4397,"temperate.deciduous.HPDA"
4398,"temperate.deciduous.HPDA"
4399,"boreal.coniferous"
4400,"boreal.coniferous"
4401,"semiarid.grassland_HPDA"
4402,"boreal.coniferous"
4403,"semiarid.grassland_HPDA"
4404,"temperate.deciduous.HPDA"
4405,"boreal.coniferous"
4406,"semiarid.grassland_HPDA"
4407,"semiarid.grassland_HPDA"
4408,"temperate.deciduous.HPDA"
4409,"semiarid.grassland_HPDA"
4410,"semiarid.grassland_HPDA"
4411,"boreal.coniferous"
4412,"temperate.deciduous.HPDA"
4413,"temperate.deciduous.HPDA"
4414,"semiarid.grassland_HPDA"
4415,"temperate.deciduous.HPDA"
4416,"temperate.deciduous.HPDA"
4417,"boreal.coniferous"
4418,"semiarid.grassland_HPDA"
4419,"semiarid.grassland_HPDA"
4420,"temperate.deciduous.HPDA"
4421,"temperate.deciduous.HPDA"
4422,"semiarid.grassland_HPDA"
4423,"temperate.deciduous.HPDA"
4424,"temperate.deciduous.HPDA"
4425,"temperate.deciduous.HPDA"
4426,"semiarid.grassland_HPDA"
4427,"boreal.coniferous"
4428,"boreal.coniferous"
4429,"boreal.coniferous"
4430,"boreal.coniferous"
4431,"temperate.deciduous.HPDA"
4432,"semiarid.grassland_HPDA"
4433,"boreal.coniferous"
4434,"semiarid.grassland_HPDA"
4435,"temperate.deciduous.HPDA"
4436,"semiarid.grassland_HPDA"
4437,"boreal.coniferous"
4438,"temperate.deciduous.HPDA"
4439,"temperate.deciduous.HPDA"
4440,"temperate.deciduous.HPDA"
4441,"semiarid.grassland_HPDA"
4442,"semiarid.grassland_HPDA"
4443,"boreal.coniferous"
4444,"semiarid.grassland_HPDA"
4445,"boreal.coniferous"
4446,"boreal.coniferous"
4447,"temperate.deciduous.HPDA"
4448,"temperate.deciduous.HPDA"
4449,"temperate.deciduous.HPDA"
4450,"temperate.deciduous.HPDA"
4451,"temperate.deciduous.HPDA"
4452,"temperate.deciduous.HPDA"
4453,"boreal.coniferous"
4454,"temperate.deciduous.HPDA"
4455,"temperate.deciduous.HPDA"
4456,"semiarid.grassland_HPDA"
4457,"temperate.deciduous.HPDA"
4458,"semiarid.grassland_HPDA"
4459,"temperate.deciduous.HPDA"
4460,"boreal.coniferous"
4461,"semiarid.grassland_HPDA"
4462,"boreal.coniferous"
4463,"semiarid.grassland_HPDA"
4464,"temperate.deciduous.HPDA"
4465,"temperate.deciduous.HPDA"
4466,"semiarid.grassland_HPDA"
4467,"semiarid.grassland_HPDA"
4468,"temperate.deciduous.HPDA"
4469,"semiarid.grassland_HPDA"
4470,"semiarid.grassland_HPDA"
4471,"boreal.coniferous"
4472,"boreal.coniferous"
4473,"boreal.coniferous"
4474,"semiarid.grassland_HPDA"
4475,"semiarid.grassland_HPDA"
4476,"semiarid.grassland_HPDA"
4477,"temperate.deciduous.HPDA"
4478,"boreal.coniferous"
4479,"boreal.coniferous"
4480,"boreal.coniferous"
4481,"temperate.deciduous.HPDA"
4482,"semiarid.grassland_HPDA"
4483,"boreal.coniferous"
4484,"boreal.coniferous"
4485,"temperate.deciduous.HPDA"
4486,"semiarid.grassland_HPDA"
4487,"temperate.deciduous.HPDA"
4488,"semiarid.grassland_HPDA"
4489,"boreal.coniferous"
4490,"semiarid.grassland_HPDA"
4491,"semiarid.grassland_HPDA"
4492,"temperate.deciduous.HPDA"
4493,"boreal.coniferous"
4494,"semiarid.grassland_HPDA"
4495,"boreal.coniferous"
4496,"boreal.coniferous"
4497,"semiarid.grassland_HPDA"
4498,"boreal.coniferous"
4499,"temperate.deciduous.HPDA"
4500,"semiarid.grassland_HPDA"
4501,"semiarid.grassland_HPDA"
4502,"semiarid.grassland_HPDA"
4503,"semiarid.grassland_HPDA"
4504,"semiarid.grassland_HPDA"
4505,"semiarid.grassland_HPDA"
4506,"temperate.deciduous.HPDA"
4507,"boreal.coniferous"
4508,"semiarid.grassland_HPDA"
4509,"boreal.coniferous"
4510,"temperate.deciduous.HPDA"
4511,"temperate.deciduous.HPDA"
4512,"boreal.coniferous"
4513,"boreal.coniferous"
4514,"semiarid.grassland_HPDA"
4515,"semiarid.grassland_HPDA"
4516,"temperate.deciduous.HPDA"
4517,"semiarid.grassland_HPDA"
4518,"temperate.deciduous.HPDA"
4519,"boreal.coniferous"
4520,"boreal.coniferous"
4521,"boreal.coniferous"
4522,"semiarid.grassland_HPDA"
4523,"semiarid.grassland_HPDA"
4524,"temperate.deciduous.HPDA"
4525,"boreal.coniferous"
4526,"semiarid.grassland_HPDA"
4527,"boreal.coniferous"
4528,"boreal.coniferous"
4529,"semiarid.grassland_HPDA"
4530,"boreal.coniferous"
4531,"temperate.deciduous.HPDA"
4532,"semiarid.grassland_HPDA"
4533,"semiarid.grassland_HPDA"
4534,"boreal.coniferous"
4535,"semiarid.grassland_HPDA"
4536,"boreal.coniferous"
4537,"boreal.coniferous"
4538,"semiarid.grassland_HPDA"
4539,"semiarid.grassland_HPDA"
4540,"boreal.coniferous"
4541,"boreal.coniferous"
4542,"semiarid.grassland_HPDA"
4543,"temperate.deciduous.HPDA"
4544,"semiarid.grassland_HPDA"
4545,"temperate.deciduous.HPDA"
4546,"boreal.coniferous"
4547,"semiarid.grassland_HPDA"
4548,"temperate.deciduous.HPDA"
4549,"temperate.deciduous.HPDA"
4550,"semiarid.grassland_HPDA"
4551,"temperate.deciduous.HPDA"
4552,"semiarid.grassland_HPDA"
4553,"boreal.coniferous"
4554,"boreal.coniferous"
4555,"boreal.coniferous"
4556,"semiarid.grassland_HPDA"
4557,"semiarid.grassland_HPDA"
4558,"semiarid.grassland_HPDA"
4559,"temperate.deciduous.HPDA"
4560,"semiarid.grassland_HPDA"
4561,"semiarid.grassland_HPDA"
4562,"temperate.deciduous.HPDA"
4563,"boreal.coniferous"
4564,"temperate.deciduous.HPDA"
4565,"boreal.coniferous"
4566,"semiarid.grassland_HPDA"
4567,"semiarid.grassland_HPDA"
4568,"semiarid.grassland_HPDA"
4569,"semiarid.grassland_HPDA"
4570,"temperate.deciduous.HPDA"
4571,"boreal.coniferous"
4572,"boreal.coniferous"
4573,"semiarid.grassland_HPDA"
4574,"boreal.coniferous"
4575,"boreal.coniferous"
4576,"boreal.coniferous"
4577,"semiarid.grassland_HPDA"
4578,"boreal.coniferous"
4579,"boreal.coniferous"
4580,"boreal.coniferous"
4581,"boreal.coniferous"
4582,"semiarid.grassland_HPDA"
4583,"semiarid.grassland_HPDA"
4584,"semiarid.grassland_HPDA"
4585,"temperate.deciduous.HPDA"
4586,"temperate.deciduous.HPDA"
4587,"boreal.coniferous"
4588,"boreal.coniferous"
4589,"boreal.coniferous"
4590,"boreal.coniferous"
4591,"temperate.deciduous.HPDA"
4592,"temperate.deciduous.HPDA"
4593,"semiarid.grassland_HPDA"
4594,"semiarid.grassland_HPDA"
4595,"temperate.deciduous.HPDA"
4596,"temperate.deciduous.HPDA"
4597,"semiarid.grassland_HPDA"
4598,"boreal.coniferous"
4599,"temperate.deciduous.HPDA"
4600,"boreal.coniferous"
4601,"boreal.coniferous"
4602,"boreal.coniferous"
4603,"temperate.deciduous.HPDA"
4604,"temperate.deciduous.HPDA"
4605,"boreal.coniferous"
4606,"boreal.coniferous"
4607,"semiarid.grassland_HPDA"
4608,"semiarid.grassland_HPDA"
4609,"semiarid.grassland_HPDA"
4610,"temperate.deciduous.HPDA"
4611,"boreal.coniferous"
4612,"boreal.coniferous"
4613,"semiarid.grassland_HPDA"
4614,"boreal.coniferous"
4615,"boreal.coniferous"
4616,"boreal.coniferous"
4617,"boreal.coniferous"
4618,"boreal.coniferous"
4619,"semiarid.grassland_HPDA"
4620,"boreal.coniferous"
4621,"boreal.coniferous"
4622,"semiarid.grassland_HPDA"
4623,"boreal.coniferous"
4624,"semiarid.grassland_HPDA"
4625,"semiarid.grassland_HPDA"
4626,"temperate.deciduous.HPDA"
4627,"boreal.coniferous"
4628,"temperate.deciduous.HPDA"
4629,"temperate.deciduous.HPDA"
4630,"temperate.deciduous.HPDA"
4631,"temperate.deciduous.HPDA"
4632,"temperate.deciduous.HPDA"
4633,"boreal.coniferous"
4634,"semiarid.grassland_HPDA"
4635,"semiarid.grassland_HPDA"
4636,"boreal.coniferous"
4637,"temperate.deciduous.HPDA"
4638,"temperate.deciduous.HPDA"
4639,"semiarid.grassland_HPDA"
4640,"semiarid.grassland_HPDA"
4641,"semiarid.grassland_HPDA"
4642,"temperate.deciduous.HPDA"
4643,"boreal.coniferous"
4644,"boreal.coniferous"
4645,"boreal.coniferous"
4646,"semiarid.grassland_HPDA"
4647,"boreal.coniferous"
4648,"boreal.coniferous"
4649,"semiarid.grassland_HPDA"
4650,"boreal.coniferous"
4651,"semiarid.grassland_HPDA"
4652,"boreal.coniferous"
4653,"temperate.deciduous.HPDA"
4654,"boreal.coniferous"
4655,"semiarid.grassland_HPDA"
4656,"semiarid.grassland_HPDA"
4657,"boreal.coniferous"
4658,"boreal.coniferous"
4659,"temperate.deciduous.HPDA"
4660,"boreal.coniferous"
4661,"semiarid.grassland_HPDA"
4662,"boreal.coniferous"
4663,"semiarid.grassland_HPDA"
4664,"boreal.coniferous"
4665,"temperate.deciduous.HPDA"
4666,"boreal.coniferous"
4667,"semiarid.grassland_HPDA"
4668,"semiarid.grassland_HPDA"
4669,"temperate.deciduous.HPDA"
4670,"boreal.coniferous"
4671,"temperate.deciduous.HPDA"
4672,"boreal.coniferous"
4673,"semiarid.grassland_HPDA"
4674,"boreal.coniferous"
4675,"boreal.coniferous"
4676,"semiarid.grassland_HPDA"
4677,"boreal.coniferous"
4678,"boreal.coniferous"
4679,"temperate.deciduous.HPDA"
4680,"semiarid.grassland_HPDA"
4681,"boreal.coniferous"
4682,"boreal.coniferous"
4683,"semiarid.grassland_HPDA"
4684,"temperate.deciduous.HPDA"
4685,"boreal.coniferous"
4686,"boreal.coniferous"
4687,"boreal.coniferous"
4688,"semiarid.grassland_HPDA"
4689,"semiarid.grassland_HPDA"
4690,"temperate.deciduous.HPDA"
4691,"semiarid.grassland_HPDA"
4692,"semiarid.grassland_HPDA"
4693,"boreal.coniferous"
4694,"semiarid.grassland_HPDA"
4695,"semiarid.grassland_HPDA"
4696,"temperate.deciduous.HPDA"
4697,"semiarid.grassland_HPDA"
4698,"semiarid.grassland_HPDA"
4699,"temperate.deciduous.HPDA"
4700,"semiarid.grassland_HPDA"
4701,"semiarid.grassland_HPDA"
4702,"temperate.deciduous.HPDA"
4703,"semiarid.grassland_HPDA"
4704,"semiarid.grassland_HPDA"
4705,"temperate.deciduous.HPDA"
4706,"boreal.coniferous"
4707,"temperate.deciduous.HPDA"
4708,"semiarid.grassland_HPDA"
4709,"semiarid.grassland_HPDA"
4710,"semiarid.grassland_HPDA"
4711,"semiarid.grassland_HPDA"
4712,"semiarid.grassland_HPDA"
4713,"semiarid.grassland_HPDA"
4714,"temperate.deciduous.HPDA"
4715,"semiarid.grassland_HPDA"
4716,"semiarid.grassland_HPDA"
4717,"temperate.deciduous.HPDA"
4718,"boreal.coniferous"
4719,"semiarid.grassland_HPDA"
4720,"boreal.coniferous"
4721,"temperate.deciduous.HPDA"
4722,"boreal.coniferous"
4723,"semiarid.grassland_HPDA"
4724,"semiarid.grassland_HPDA"
4725,"semiarid.grassland_HPDA"
4726,"temperate.deciduous.HPDA"
4727,"boreal.coniferous"
4728,"temperate.deciduous.HPDA"
4729,"boreal.coniferous"
4730,"semiarid.grassland_HPDA"
4731,"boreal.coniferous"
4732,"boreal.coniferous"
4733,"temperate.deciduous.HPDA"
4734,"temperate.deciduous.HPDA"
4735,"temperate.deciduous.HPDA"
4736,"boreal.coniferous"
4737,"temperate.deciduous.HPDA"
4738,"boreal.coniferous"
4739,"semiarid.grassland_HPDA"
4740,"semiarid.grassland_HPDA"
4741,"temperate.deciduous.HPDA"
4742,"temperate.deciduous.HPDA"
4743,"temperate.deciduous.HPDA"
4744,"boreal.coniferous"
4745,"semiarid.grassland_HPDA"
4746,"semiarid.grassland_HPDA"
4747,"boreal.coniferous"
4748,"temperate.deciduous.HPDA"
4749,"boreal.coniferous"
4750,"semiarid.grassland_HPDA"
4751,"boreal.coniferous"
4752,"temperate.deciduous.HPDA"
4753,"temperate.deciduous.HPDA"
4754,"boreal.coniferous"
4755,"boreal.coniferous"
4756,"semiarid.grassland_HPDA"
4757,"boreal.coniferous"
4758,"semiarid.grassland_HPDA"
4759,"semiarid.grassland_HPDA"
4760,"boreal.coniferous"
4761,"semiarid.grassland_HPDA"
4762,"semiarid.grassland_HPDA"
4763,"semiarid.grassland_HPDA"
4764,"boreal.coniferous"
4765,"semiarid.grassland_HPDA"
4766,"temperate.deciduous.HPDA"
4767,"boreal.coniferous"
4768,"boreal.coniferous"
4769,"boreal.coniferous"
4770,"semiarid.grassland_HPDA"
4771,"semiarid.grassland_HPDA"
4772,"temperate.deciduous.HPDA"
4773,"semiarid.grassland_HPDA"
4774,"semiarid.grassland_HPDA"
4775,"semiarid.grassland_HPDA"
4776,"boreal.coniferous"
4777,"semiarid.grassland_HPDA"
4778,"semiarid.grassland_HPDA"
4779,"semiarid.grassland_HPDA"
4780,"semiarid.grassland_HPDA"
4781,"boreal.coniferous"
4782,"semiarid.grassland_HPDA"
4783,"temperate.deciduous.HPDA"
4784,"semiarid.grassland_HPDA"
4785,"semiarid.grassland_HPDA"
4786,"semiarid.grassland_HPDA"
4787,"boreal.coniferous"
4788,"semiarid.grassland_HPDA"
4789,"temperate.deciduous.HPDA"
4790,"semiarid.grassland_HPDA"
4791,"semiarid.grassland_HPDA"
4792,"semiarid.grassland_HPDA"
4793,"semiarid.grassland_HPDA"
4794,"boreal.coniferous"
4795,"semiarid.grassland_HPDA"
4796,"semiarid.grassland_HPDA"
4797,"semiarid.grassland_HPDA"
4798,"semiarid.grassland_HPDA"
4799,"temperate.deciduous.HPDA"
4800,"semiarid.grassland_HPDA"
4801,"semiarid.grassland_HPDA"
4802,"boreal.coniferous"
4803,"boreal.coniferous"
4804,"semiarid.grassland_HPDA"
4805,"semiarid.grassland_HPDA"
4806,"temperate.deciduous.HPDA"
4807,"temperate.deciduous.HPDA"
4808,"temperate.deciduous.HPDA"
4809,"boreal.coniferous"
4810,"semiarid.grassland_HPDA"
4811,"semiarid.grassland_HPDA"
4812,"semiarid.grassland_HPDA"
4813,"semiarid.grassland_HPDA"
4814,"temperate.deciduous.HPDA"
4815,"semiarid.grassland_HPDA"
4816,"semiarid.grassland_HPDA"
4817,"temperate.deciduous.HPDA"
4818,"boreal.coniferous"
4819,"temperate.deciduous.HPDA"
4820,"boreal.coniferous"
4821,"semiarid.grassland_HPDA"
4822,"semiarid.grassland_HPDA"
4823,"semiarid.grassland_HPDA"
4824,"boreal.coniferous"
4825,"temperate.deciduous.HPDA"
4826,"boreal.coniferous"
4827,"semiarid.grassland_HPDA"
4828,"semiarid.grassland_HPDA"
4829,"temperate.deciduous.HPDA"
4830,"semiarid.grassland_HPDA"
4831,"temperate.deciduous.HPDA"
4832,"semiarid.grassland_HPDA"
4833,"temperate.deciduous.HPDA"
4834,"semiarid.grassland_HPDA"
4835,"semiarid.grassland_HPDA"
4836,"temperate.deciduous.HPDA"
4837,"boreal.coniferous"
4838,"semiarid.grassland_HPDA"
4839,"temperate.deciduous.HPDA"
4840,"semiarid.grassland_HPDA"
4841,"semiarid.grassland_HPDA"
4842,"semiarid.grassland_HPDA"
4843,"semiarid.grassland_HPDA"
4844,"temperate.deciduous.HPDA"
4845,"temperate.deciduous.HPDA"
4846,"semiarid.grassland_HPDA"
4847,"boreal.coniferous"
4848,"semiarid.grassland_HPDA"
4849,"semiarid.grassland_HPDA"
4850,"semiarid.grassland_HPDA"
4851,"semiarid.grassland_HPDA"
4852,"temperate.deciduous.HPDA"
4853,"semiarid.grassland_HPDA"
4854,"semiarid.grassland_HPDA"
4855,"boreal.coniferous"
4856,"boreal.coniferous"
4857,"semiarid.grassland_HPDA"
4858,"semiarid.grassland_HPDA"
4859,"boreal.coniferous"
4860,"semiarid.grassland_HPDA"
4861,"semiarid.grassland_HPDA"
4862,"semiarid.grassland_HPDA"
4863,"temperate.deciduous.HPDA"
4864,"semiarid.grassland_HPDA"
4865,"semiarid.grassland_HPDA"
4866,"semiarid.grassland_HPDA"
4867,"semiarid.grassland_HPDA"
4868,"semiarid.grassland_HPDA"
4869,"semiarid.grassland_HPDA"
4870,"semiarid.grassland_HPDA"
4871,"semiarid.grassland_HPDA"
4872,"semiarid.grassland_HPDA"
4873,"semiarid.grassland_HPDA"
4874,"semiarid.grassland_HPDA"
4875,"temperate.deciduous.HPDA"
4876,"semiarid.grassland_HPDA"
4877,"semiarid.grassland_HPDA"
4878,"boreal.coniferous"
4879,"boreal.coniferous"
4880,"semiarid.grassland_HPDA"
4881,"semiarid.grassland_HPDA"
4882,"boreal.coniferous"
4883,"boreal.coniferous"
4884,"semiarid.grassland_HPDA"
4885,"temperate.deciduous.HPDA"
4886,"semiarid.grassland_HPDA"
4887,"temperate.deciduous.HPDA"
4888,"semiarid.grassland_HPDA"
4889,"semiarid.grassland_HPDA"
4890,"boreal.coniferous"
4891,"semiarid.grassland_HPDA"
4892,"temperate.deciduous.HPDA"
4893,"semiarid.grassland_HPDA"
4894,"semiarid.grassland_HPDA"
4895,"temperate.deciduous.HPDA"
4896,"boreal.coniferous"
4897,"temperate.deciduous.HPDA"
4898,"semiarid.grassland_HPDA"
4899,"temperate.deciduous.HPDA"
4900,"boreal.coniferous"
4901,"semiarid.grassland_HPDA"
4902,"semiarid.grassland_HPDA"
4903,"temperate.deciduous.HPDA"
4904,"semiarid.grassland_HPDA"
4905,"semiarid.grassland_HPDA"
4906,"semiarid.grassland_HPDA"
4907,"temperate.deciduous.HPDA"
4908,"boreal.coniferous"
4909,"semiarid.grassland_HPDA"
4910,"semiarid.grassland_HPDA"
4911,"semiarid.grassland_HPDA"
4912,"semiarid.grassland_HPDA"
4913,"semiarid.grassland_HPDA"
4914,"semiarid.grassland_HPDA"
4915,"semiarid.grassland_HPDA"
4916,"semiarid.grassland_HPDA"
4917,"semiarid.grassland_HPDA"
4918,"temperate.deciduous.HPDA"
4919,"semiarid.grassland_HPDA"
4920,"temperate.deciduous.HPDA"
4921,"semiarid.grassland_HPDA"
4922,"semiarid.grassland_HPDA"
4923,"semiarid.grassland_HPDA"
4924,"semiarid.grassland_HPDA"
4925,"semiarid.grassland_HPDA"
4926,"semiarid.grassland_HPDA"
4927,"semiarid.grassland_HPDA"
4928,"semiarid.grassland_HPDA"
4929,"semiarid.grassland_HPDA"
4930,"temperate.deciduous.HPDA"
4931,"semiarid.grassland_HPDA"
4932,"semiarid.grassland_HPDA"
4933,"temperate.deciduous.HPDA"
4934,"semiarid.grassland_HPDA"
4935,"semiarid.grassland_HPDA"
4936,"semiarid.grassland_HPDA"
4937,"semiarid.grassland_HPDA"
4938,"semiarid.grassland_HPDA"
4939,"semiarid.grassland_HPDA"
4940,"semiarid.grassland_HPDA"
4941,"temperate.deciduous.HPDA"
4942,"semiarid.grassland_HPDA"
4943,"temperate.deciduous.HPDA"
4944,"semiarid.grassland_HPDA"
4945,"temperate.deciduous.HPDA"
4946,"semiarid.grassland_HPDA"
4947,"semiarid.grassland_HPDA"
4948,"semiarid.grassland_HPDA"
4949,"temperate.deciduous.HPDA"
4950,"boreal.coniferous"
4951,"semiarid.grassland_HPDA"
4952,"semiarid.grassland_HPDA"
4953,"semiarid.grassland_HPDA"
4954,"semiarid.grassland_HPDA"
4955,"temperate.deciduous.HPDA"
4956,"semiarid.grassland_HPDA"
4957,"temperate.deciduous.HPDA"
4958,"temperate.deciduous.HPDA"
4959,"boreal.coniferous"
4960,"semiarid.grassland_HPDA"
4961,"semiarid.grassland_HPDA"
4962,"semiarid.grassland_HPDA"
4963,"boreal.coniferous"
4964,"semiarid.grassland_HPDA"
4965,"boreal.coniferous"
4966,"semiarid.grassland_HPDA"
4967,"boreal.coniferous"
4968,"semiarid.grassland_HPDA"
4969,"boreal.coniferous"
4970,"semiarid.grassland_HPDA"
4971,"semiarid.grassland_HPDA"
4972,"semiarid.grassland_HPDA"
4973,"boreal.coniferous"
4974,"temperate.deciduous.HPDA"
4975,"semiarid.grassland_HPDA"
4976,"temperate.deciduous.HPDA"
4977,"temperate.deciduous.HPDA"
4978,"semiarid.grassland_HPDA"
4979,"semiarid.grassland_HPDA"
4980,"semiarid.grassland_HPDA"
4981,"semiarid.grassland_HPDA"
4982,"semiarid.grassland_HPDA"
4983,"temperate.deciduous.HPDA"
4984,"semiarid.grassland_HPDA"
4985,"semiarid.grassland_HPDA"
4986,"temperate.deciduous.HPDA"
4987,"semiarid.grassland_HPDA"
4988,"semiarid.grassland_HPDA"
4989,"boreal.coniferous"
4990,"semiarid.grassland_HPDA"
4991,"semiarid.grassland_HPDA"
4992,"temperate.deciduous.HPDA"
4993,"semiarid.grassland_HPDA"
4994,"semiarid.grassland_HPDA"
4995,"temperate.deciduous.HPDA"
4996,"boreal.coniferous"
4997,"semiarid.grassland_HPDA"
4998,"semiarid.grassland_HPDA"
4999,"temperate.deciduous.HPDA"
5000,"semiarid.grassland_HPDA"
5001,"semiarid.grassland_HPDA"
5002,"temperate.deciduous.HPDA"
5003,"temperate.deciduous.HPDA"
5004,"temperate.deciduous.HPDA"
5005,"semiarid.grassland_HPDA"
5006,"semiarid.grassland_HPDA"
5007,"temperate.deciduous.HPDA"
5008,"temperate.deciduous.HPDA"
5009,"boreal.coniferous"
5010,"boreal.coniferous"
5011,"semiarid.grassland_HPDA"
5012,"semiarid.grassland_HPDA"
5013,"temperate.deciduous.HPDA"
5014,"semiarid.grassland_HPDA"
5015,"semiarid.grassland_HPDA"
5016,"boreal.coniferous"
5017,"semiarid.grassland_HPDA"
5018,"boreal.coniferous"
5019,"semiarid.grassland_HPDA"
5020,"semiarid.grassland_HPDA"
5021,"temperate.deciduous.HPDA"
5022,"temperate.deciduous.HPDA"
5023,"boreal.coniferous"
5024,"semiarid.grassland_HPDA"
5025,"boreal.coniferous"
5026,"semiarid.grassland_HPDA"
5027,"temperate.deciduous.HPDA"
5028,"temperate.deciduous.HPDA"
5029,"boreal.coniferous"
5030,"semiarid.grassland_HPDA"
5031,"semiarid.grassland_HPDA"
5032,"semiarid.grassland_HPDA"
5033,"boreal.coniferous"
5034,"semiarid.grassland_HPDA"
5035,"temperate.deciduous.HPDA"
5036,"semiarid.grassland_HPDA"
5037,"semiarid.grassland_HPDA"
5038,"temperate.deciduous.HPDA"
5039,"semiarid.grassland_HPDA"
5040,"boreal.coniferous"
5041,"semiarid.grassland_HPDA"
5042,"semiarid.grassland_HPDA"
5043,"boreal.coniferous"
5044,"semiarid.grassland_HPDA"
5045,"semiarid.grassland_HPDA"
5046,"temperate.deciduous.HPDA"
5047,"semiarid.grassland_HPDA"
5048,"semiarid.grassland_HPDA"
5049,"semiarid.grassland_HPDA"
5050,"temperate.deciduous.HPDA"
5051,"semiarid.grassland_HPDA"
5052,"temperate.deciduous.HPDA"
5053,"semiarid.grassland_HPDA"
5054,"semiarid.grassland_HPDA"
5055,"semiarid.grassland_HPDA"
5056,"semiarid.grassland_HPDA"
5057,"boreal.coniferous"
5058,"semiarid.grassland_HPDA"
5059,"temperate.deciduous.HPDA"
5060,"temperate.deciduous.HPDA"
5061,"semiarid.grassland_HPDA"
5062,"temperate.deciduous.HPDA"
5063,"semiarid.grassland_HPDA"
5064,"semiarid.grassland_HPDA"
5065,"temperate.deciduous.HPDA"
5066,"semiarid.grassland_HPDA"
5067,"semiarid.grassland_HPDA"
5068,"semiarid.grassland_HPDA"
5069,"temperate.deciduous.HPDA"
5070,"boreal.coniferous"
5071,"semiarid.grassland_HPDA"
5072,"semiarid.grassland_HPDA"
5073,"temperate.deciduous.HPDA"
5074,"semiarid.grassland_HPDA"
5075,"semiarid.grassland_HPDA"
5076,"semiarid.grassland_HPDA"
5077,"temperate.deciduous.HPDA"
5078,"semiarid.grassland_HPDA"
5079,"boreal.coniferous"
5080,"semiarid.grassland_HPDA"
5081,"semiarid.grassland_HPDA"
5082,"temperate.deciduous.HPDA"
5083,"semiarid.grassland_HPDA"
5084,"boreal.coniferous"
5085,"semiarid.grassland_HPDA"
5086,"semiarid.grassland_HPDA"
5087,"semiarid.grassland_HPDA"
5088,"semiarid.grassland_HPDA"
5089,"temperate.deciduous.HPDA"
5090,"semiarid.grassland_HPDA"
5091,"semiarid.grassland_HPDA"
5092,"semiarid.grassland_HPDA"
5093,"semiarid.grassland_HPDA"
5094,"boreal.coniferous"
5095,"semiarid.grassland_HPDA"
5096,"semiarid.grassland_HPDA"
5097,"semiarid.grassland_HPDA"
5098,"semiarid.grassland_HPDA"
5099,"semiarid.grassland_HPDA"
5100,"boreal.coniferous"
5101,"temperate.deciduous.HPDA"
5102,"semiarid.grassland_HPDA"
5103,"semiarid.grassland_HPDA"
5104,"semiarid.grassland_HPDA"
5105,"temperate.deciduous.HPDA"
5106,"semiarid.grassland_HPDA"
5107,"semiarid.grassland_HPDA"
5108,"semiarid.grassland_HPDA"
5109,"semiarid.grassland_HPDA"
5110,"semiarid.grassland_HPDA"
5111,"temperate.deciduous.HPDA"
5112,"semiarid.grassland_HPDA"
5113,"semiarid.grassland_HPDA"
5114,"semiarid.grassland_HPDA"
5115,"semiarid.grassland_HPDA"
5116,"temperate.deciduous.HPDA"
5117,"temperate.deciduous.HPDA"
5118,"semiarid.grassland_HPDA"
5119,"semiarid.grassland_HPDA"
5120,"temperate.deciduous.HPDA"
5121,"boreal.coniferous"
5122,"semiarid.grassland_HPDA"
5123,"semiarid.grassland_HPDA"
5124,"boreal.coniferous"
5125,"temperate.deciduous.HPDA"
5126,"semiarid.grassland_HPDA"
5127,"semiarid.grassland_HPDA"
5128,"semiarid.grassland_HPDA"
5129,"semiarid.grassland_HPDA"
5130,"temperate.deciduous.HPDA"
5131,"temperate.deciduous.HPDA"
5132,"boreal.coniferous"
5133,"semiarid.grassland_HPDA"
5134,"temperate.deciduous.HPDA"
5135,"boreal.coniferous"
5136,"temperate.deciduous.HPDA"
5137,"semiarid.grassland_HPDA"
5138,"boreal.coniferous"
5139,"semiarid.grassland_HPDA"
5140,"semiarid.grassland_HPDA"
5141,"semiarid.grassland_HPDA"
5142,"semiarid.grassland_HPDA"
5143,"temperate.deciduous.HPDA"
5144,"temperate.deciduous.HPDA"
5145,"semiarid.grassland_HPDA"
5146,"semiarid.grassland_HPDA"
5147,"semiarid.grassland_HPDA"
5148,"semiarid.grassland_HPDA"
5149,"temperate.deciduous.HPDA"
5150,"temperate.deciduous.HPDA"
5151,"temperate.deciduous.HPDA"
5152,"semiarid.grassland_HPDA"
5153,"semiarid.grassland_HPDA"
5154,"semiarid.grassland_HPDA"
5155,"semiarid.grassland_HPDA"
5156,"semiarid.grassland_HPDA"
5157,"semiarid.grassland_HPDA"
5158,"semiarid.grassland_HPDA"
5159,"semiarid.grassland_HPDA"
5160,"temperate.deciduous.HPDA"
5161,"temperate.deciduous.HPDA"
5162,"semiarid.grassland_HPDA"
5163,"semiarid.grassland_HPDA"
5164,"semiarid.grassland_HPDA"
5165,"temperate.deciduous.HPDA"
5166,"semiarid.grassland_HPDA"
5167,"semiarid.grassland_HPDA"
5168,"temperate.deciduous.HPDA"
5169,"semiarid.grassland_HPDA"
5170,"semiarid.grassland_HPDA"
5171,"semiarid.grassland_HPDA"
5172,"semiarid.grassland_HPDA"
5173,"semiarid.grassland_HPDA"
5174,"semiarid.grassland_HPDA"
5175,"semiarid.grassland_HPDA"
5176,"semiarid.grassland_HPDA"
5177,"semiarid.grassland_HPDA"
5178,"semiarid.grassland_HPDA"
5179,"temperate.deciduous.HPDA"
5180,"semiarid.grassland_HPDA"
5181,"semiarid.grassland_HPDA"
5182,"semiarid.grassland_HPDA"
5183,"semiarid.grassland_HPDA"
5184,"semiarid.grassland_HPDA"
5185,"temperate.deciduous.HPDA"
5186,"temperate.deciduous.HPDA"
5187,"semiarid.grassland_HPDA"
5188,"semiarid.grassland_HPDA"
5189,"semiarid.grassland_HPDA"
5190,"semiarid.grassland_HPDA"
5191,"semiarid.grassland_HPDA"
5192,"temperate.deciduous.HPDA"
5193,"semiarid.grassland_HPDA"
5194,"temperate.deciduous.HPDA"
5195,"semiarid.grassland_HPDA"
5196,"semiarid.grassland_HPDA"
5197,"semiarid.grassland_HPDA"
5198,"temperate.deciduous.HPDA"
5199,"boreal.coniferous"
5200,"semiarid.grassland_HPDA"
5201,"semiarid.grassland_HPDA"
5202,"temperate.deciduous.HPDA"
5203,"semiarid.grassland_HPDA"
5204,"semiarid.grassland_HPDA"
5205,"semiarid.grassland_HPDA"
5206,"boreal.coniferous"
5207,"boreal.coniferous"
5208,"semiarid.grassland_HPDA"
5209,"semiarid.grassland_HPDA"
5210,"semiarid.grassland_HPDA"
5211,"semiarid.grassland_HPDA"
5212,"semiarid.grassland_HPDA"
5213,"semiarid.grassland_HPDA"
5214,"semiarid.grassland_HPDA"
5215,"semiarid.grassland_HPDA"
5216,"temperate.deciduous.HPDA"
5217,"semiarid.grassland_HPDA"
5218,"semiarid.grassland_HPDA"
5219,"temperate.deciduous.HPDA"
5220,"semiarid.grassland_HPDA"
5221,"boreal.coniferous"
5222,"semiarid.grassland_HPDA"
5223,"boreal.coniferous"
5224,"temperate.deciduous.HPDA"
5225,"boreal.coniferous"
5226,"semiarid.grassland_HPDA"
5227,"semiarid.grassland_HPDA"
5228,"temperate.deciduous.HPDA"
5229,"boreal.coniferous"
5230,"semiarid.grassland_HPDA"
5231,"semiarid.grassland_HPDA"
5232,"semiarid.grassland_HPDA"
5233,"semiarid.grassland_HPDA"
5234,"semiarid.grassland_HPDA"
5235,"semiarid.grassland_HPDA"
5236,"boreal.coniferous"
5237,"boreal.coniferous"
5238,"semiarid.grassland_HPDA"
5239,"semiarid.grassland_HPDA"
5240,"semiarid.grassland_HPDA"
5241,"boreal.coniferous"
5242,"semiarid.grassland_HPDA"
5243,"boreal.coniferous"
5244,"semiarid.grassland_HPDA"
5245,"boreal.coniferous"
5246,"semiarid.grassland_HPDA"
5247,"semiarid.grassland_HPDA"
5248,"semiarid.grassland_HPDA"
5249,"semiarid.grassland_HPDA"
5250,"temperate.deciduous.HPDA"
5251,"semiarid.grassland_HPDA"
5252,"temperate.deciduous.HPDA"
5253,"boreal.coniferous"
5254,"semiarid.grassland_HPDA"
5255,"semiarid.grassland_HPDA"
5256,"semiarid.grassland_HPDA"
5257,"temperate.deciduous.HPDA"
5258,"temperate.deciduous.HPDA"
5259,"semiarid.grassland_HPDA"
5260,"semiarid.grassland_HPDA"
5261,"boreal.coniferous"
5262,"semiarid.grassland_HPDA"
5263,"semiarid.grassland_HPDA"
5264,"semiarid.grassland_HPDA"
5265,"boreal.coniferous"
5266,"semiarid.grassland_HPDA"
5267,"semiarid.grassland_HPDA"
5268,"semiarid.grassland_HPDA"
5269,"semiarid.grassland_HPDA"
5270,"semiarid.grassland_HPDA"
5271,"boreal.coniferous"
5272,"semiarid.grassland_HPDA"
5273,"semiarid.grassland_HPDA"
5274,"boreal.coniferous"
5275,"semiarid.grassland_HPDA"
5276,"semiarid.grassland_HPDA"
5277,"semiarid.grassland_HPDA"
5278,"semiarid.grassland_HPDA"
5279,"temperate.deciduous.HPDA"
5280,"boreal.coniferous"
5281,"boreal.coniferous"
5282,"semiarid.grassland_HPDA"
5283,"semiarid.grassland_HPDA"
5284,"semiarid.grassland_HPDA"
5285,"temperate.deciduous.HPDA"
5286,"semiarid.grassland_HPDA"
5287,"semiarid.grassland_HPDA"
5288,"temperate.deciduous.HPDA"
5289,"temperate.deciduous.HPDA"
5290,"temperate.deciduous.HPDA"
5291,"boreal.coniferous"
5292,"semiarid.grassland_HPDA"
5293,"semiarid.grassland_HPDA"
5294,"semiarid.grassland_HPDA"
5295,"semiarid.grassland_HPDA"
5296,"semiarid.grassland_HPDA"
5297,"boreal.coniferous"
5298,"semiarid.grassland_HPDA"
5299,"boreal.coniferous"
5300,"semiarid.grassland_HPDA"
5301,"temperate.deciduous.HPDA"
5302,"semiarid.grassland_HPDA"
5303,"temperate.deciduous.HPDA"
5304,"temperate.deciduous.HPDA"
5305,"semiarid.grassland_HPDA"
5306,"temperate.deciduous.HPDA"
5307,"semiarid.grassland_HPDA"
5308,"semiarid.grassland_HPDA"
5309,"semiarid.grassland_HPDA"
5310,"boreal.coniferous"
5311,"semiarid.grassland_HPDA"
5312,"semiarid.grassland_HPDA"
5313,"semiarid.grassland_HPDA"
5314,"semiarid.grassland_HPDA"
5315,"semiarid.grassland_HPDA"
5316,"semiarid.grassland_HPDA"
5317,"semiarid.grassland_HPDA"
5318,"semiarid.grassland_HPDA"
5319,"semiarid.grassland_HPDA"
5320,"semiarid.grassland_HPDA"
5321,"semiarid.grassland_HPDA"
5322,"semiarid.grassland_HPDA"
5323,"semiarid.grassland_HPDA"
5324,"semiarid.grassland_HPDA"
5325,"boreal.coniferous"
5326,"boreal.coniferous"
5327,"semiarid.grassland_HPDA"
5328,"semiarid.grassland_HPDA"
5329,"temperate.deciduous.HPDA"
5330,"semiarid.grassland_HPDA"
5331,"boreal.coniferous"
5332,"boreal.coniferous"
5333,"semiarid.grassland_HPDA"
5334,"boreal.coniferous"
5335,"semiarid.grassland_HPDA"
5336,"semiarid.grassland_HPDA"
5337,"boreal.coniferous"
5338,"temperate.deciduous.HPDA"
5339,"boreal.coniferous"
5340,"temperate.deciduous.HPDA"
5341,"semiarid.grassland_HPDA"
5342,"semiarid.grassland_HPDA"
5343,"semiarid.grassland_HPDA"
5344,"semiarid.grassland_HPDA"
5345,"semiarid.grassland_HPDA"
5346,"temperate.deciduous.HPDA"
5347,"temperate.deciduous.HPDA"
5348,"semiarid.grassland_HPDA"
5349,"semiarid.grassland_HPDA"
5350,"temperate.deciduous.HPDA"
5351,"boreal.coniferous"
5352,"temperate.deciduous.HPDA"
5353,"temperate.deciduous.HPDA"
5354,"temperate.deciduous.HPDA"
5355,"semiarid.grassland_HPDA"
5356,"semiarid.grassland_HPDA"
5357,"semiarid.grassland_HPDA"
5358,"boreal.coniferous"
5359,"semiarid.grassland_HPDA"
5360,"semiarid.grassland_HPDA"
5361,"boreal.coniferous"
5362,"temperate.deciduous.HPDA"
5363,"temperate.deciduous.HPDA"
5364,"boreal.coniferous"
5365,"semiarid.grassland_HPDA"
5366,"semiarid.grassland_HPDA"
5367,"semiarid.grassland_HPDA"
5368,"semiarid.grassland_HPDA"
5369,"temperate.deciduous.HPDA"
5370,"semiarid.grassland_HPDA"
5371,"semiarid.grassland_HPDA"
5372,"semiarid.grassland_HPDA"
5373,"semiarid.grassland_HPDA"
5374,"boreal.coniferous"
5375,"boreal.coniferous"
5376,"semiarid.grassland_HPDA"
5377,"semiarid.grassland_HPDA"
5378,"boreal.coniferous"
5379,"semiarid.grassland_HPDA"
5380,"boreal.coniferous"
5381,"semiarid.grassland_HPDA"
5382,"semiarid.grassland_HPDA"
5383,"boreal.coniferous"
5384,"boreal.coniferous"
5385,"temperate.deciduous.HPDA"
5386,"semiarid.grassland_HPDA"
5387,"semiarid.grassland_HPDA"
5388,"boreal.coniferous"
5389,"semiarid.grassland_HPDA"
5390,"semiarid.grassland_HPDA"
5391,"semiarid.grassland_HPDA"
5392,"semiarid.grassland_HPDA"
5393,"semiarid.grassland_HPDA"
5394,"semiarid.grassland_HPDA"
5395,"semiarid.grassland_HPDA"
5396,"temperate.deciduous.HPDA"
5397,"semiarid.grassland_HPDA"
5398,"semiarid.grassland_HPDA"
5399,"semiarid.grassland_HPDA"
5400,"semiarid.grassland_HPDA"
5401,"temperate.deciduous.HPDA"
5402,"semiarid.grassland_HPDA"
5403,"semiarid.grassland_HPDA"
5404,"semiarid.grassland_HPDA"
5405,"boreal.coniferous"
5406,"semiarid.grassland_HPDA"
5407,"semiarid.grassland_HPDA"
5408,"boreal.coniferous"
5409,"semiarid.grassland_HPDA"
5410,"semiarid.grassland_HPDA"
5411,"semiarid.grassland_HPDA"
5412,"boreal.coniferous"
5413,"temperate.deciduous.HPDA"
5414,"semiarid.grassland_HPDA"
5415,"semiarid.grassland_HPDA"
5416,"semiarid.grassland_HPDA"
5417,"semiarid.grassland_HPDA"
5418,"semiarid.grassland_HPDA"
5419,"semiarid.grassland_HPDA"
5420,"semiarid.grassland_HPDA"
5421,"semiarid.grassland_HPDA"
5422,"semiarid.grassland_HPDA"
5423,"semiarid.grassland_HPDA"
5424,"semiarid.grassland_HPDA"
5425,"boreal.coniferous"
5426,"semiarid.grassland_HPDA"
5427,"semiarid.grassland_HPDA"
5428,"temperate.deciduous.HPDA"
5429,"semiarid.grassland_HPDA"
5430,"semiarid.grassland_HPDA"
5431,"semiarid.grassland_HPDA"
5432,"boreal.coniferous"
5433,"semiarid.grassland_HPDA"
5434,"semiarid.grassland_HPDA"
5435,"semiarid.grassland_HPDA"
5436,"semiarid.grassland_HPDA"
5437,"semiarid.grassland_HPDA"
5438,"temperate.deciduous.HPDA"
5439,"boreal.coniferous"
5440,"temperate.deciduous.HPDA"
5441,"boreal.coniferous"
5442,"semiarid.grassland_HPDA"
5443,"semiarid.grassland_HPDA"
5444,"boreal.coniferous"
5445,"boreal.coniferous"
5446,"semiarid.grassland_HPDA"
5447,"semiarid.grassland_HPDA"
5448,"temperate.deciduous.HPDA"
5449,"semiarid.grassland_HPDA"
5450,"temperate.deciduous.HPDA"
5451,"semiarid.grassland_HPDA"
5452,"temperate.deciduous.HPDA"
5453,"semiarid.grassland_HPDA"
5454,"semiarid.grassland_HPDA"
5455,"temperate.deciduous.HPDA"
5456,"semiarid.grassland_HPDA"
5457,"semiarid.grassland_HPDA"
5458,"semiarid.grassland_HPDA"
5459,"semiarid.grassland_HPDA"
5460,"semiarid.grassland_HPDA"
5461,"semiarid.grassland_HPDA"
5462,"semiarid.grassland_HPDA"
5463,"semiarid.grassland_HPDA"
5464,"boreal.coniferous"
5465,"semiarid.grassland_HPDA"
5466,"semiarid.grassland_HPDA"
5467,"semiarid.grassland_HPDA"
5468,"temperate.deciduous.HPDA"
5469,"temperate.deciduous.HPDA"
5470,"temperate.deciduous.HPDA"
5471,"boreal.coniferous"
5472,"semiarid.grassland_HPDA"
5473,"semiarid.grassland_HPDA"
5474,"semiarid.grassland_HPDA"
5475,"semiarid.grassland_HPDA"
5476,"semiarid.grassland_HPDA"
5477,"temperate.deciduous.HPDA"
5478,"temperate.deciduous.HPDA"
5479,"semiarid.grassland_HPDA"
5480,"temperate.deciduous.HPDA"
5481,"semiarid.grassland_HPDA"
5482,"semiarid.grassland_HPDA"
5483,"semiarid.grassland_HPDA"
5484,"boreal.coniferous"
5485,"boreal.coniferous"
5486,"boreal.coniferous"
5487,"boreal.coniferous"
5488,"semiarid.grassland_HPDA"
5489,"semiarid.grassland_HPDA"
5490,"semiarid.grassland_HPDA"
5491,"semiarid.grassland_HPDA"
5492,"semiarid.grassland_HPDA"
5493,"semiarid.grassland_HPDA"
5494,"boreal.coniferous"
5495,"semiarid.grassland_HPDA"
5496,"temperate.deciduous.HPDA"
5497,"semiarid.grassland_HPDA"
5498,"semiarid.grassland_HPDA"
5499,"semiarid.grassland_HPDA"
5500,"semiarid.grassland_HPDA"
5501,"semiarid.grassland_HPDA"
5502,"semiarid.grassland_HPDA"
5503,"semiarid.grassland_HPDA"
5504,"boreal.coniferous"
5505,"boreal.coniferous"
5506,"boreal.coniferous"
5507,"temperate.deciduous.HPDA"
5508,"temperate.deciduous.HPDA"
5509,"boreal.coniferous"
5510,"semiarid.grassland_HPDA"
5511,"semiarid.grassland_HPDA"
5512,"boreal.coniferous"
5513,"temperate.deciduous.HPDA"
5514,"temperate.deciduous.HPDA"
5515,"boreal.coniferous"
5516,"boreal.coniferous"
5517,"semiarid.grassland_HPDA"
5518,"temperate.deciduous.HPDA"
5519,"temperate.deciduous.HPDA"
5520,"temperate.deciduous.HPDA"
5521,"semiarid.grassland_HPDA"
5522,"temperate.deciduous.HPDA"
5523,"semiarid.grassland_HPDA"
5524,"semiarid.grassland_HPDA"
5525,"temperate.deciduous.HPDA"
5526,"temperate.deciduous.HPDA"
5527,"boreal.coniferous"
5528,"temperate.deciduous.HPDA"
5529,"temperate.deciduous.HPDA"
5530,"boreal.coniferous"
5531,"semiarid.grassland_HPDA"
5532,"semiarid.grassland_HPDA"
5533,"semiarid.grassland_HPDA"
5534,"temperate.deciduous.HPDA"
5535,"semiarid.grassland_HPDA"
5536,"semiarid.grassland_HPDA"
5537,"semiarid.grassland_HPDA"
5538,"semiarid.grassland_HPDA"
5539,"boreal.coniferous"
5540,"semiarid.grassland_HPDA"
5541,"boreal.coniferous"
5542,"semiarid.grassland_HPDA"
5543,"semiarid.grassland_HPDA"
5544,"semiarid.grassland_HPDA"
5545,"semiarid.grassland_HPDA"
5546,"temperate.deciduous.HPDA"
5547,"semiarid.grassland_HPDA"
5548,"boreal.coniferous"
5549,"semiarid.grassland_HPDA"
5550,"semiarid.grassland_HPDA"
5551,"temperate.deciduous.HPDA"
5552,"temperate.deciduous.HPDA"
5553,"boreal.coniferous"
5554,"semiarid.grassland_HPDA"
5555,"semiarid.grassland_HPDA"
5556,"temperate.deciduous.HPDA"
5557,"boreal.coniferous"
5558,"temperate.deciduous.HPDA"
5559,"semiarid.grassland_HPDA"
5560,"temperate.deciduous.HPDA"
5561,"semiarid.grassland_HPDA"
5562,"semiarid.grassland_HPDA"
5563,"semiarid.grassland_HPDA"
5564,"temperate.deciduous.HPDA"
5565,"temperate.deciduous.HPDA"
5566,"boreal.coniferous"
5567,"semiarid.grassland_HPDA"
5568,"semiarid.grassland_HPDA"
5569,"boreal.coniferous"
5570,"semiarid.grassland_HPDA"
5571,"semiarid.grassland_HPDA"
5572,"semiarid.grassland_HPDA"
5573,"semiarid.grassland_HPDA"
5574,"boreal.coniferous"
5575,"semiarid.grassland_HPDA"
5576,"boreal.coniferous"
5577,"semiarid.grassland_HPDA"
5578,"semiarid.grassland_HPDA"
5579,"semiarid.grassland_HPDA"
5580,"semiarid.grassland_HPDA"
5581,"temperate.deciduous.HPDA"
5582,"semiarid.grassland_HPDA"
5583,"temperate.deciduous.HPDA"
5584,"temperate.deciduous.HPDA"
5585,"semiarid.grassland_HPDA"
5586,"semiarid.grassland_HPDA"
5587,"semiarid.grassland_HPDA"
5588,"temperate.deciduous.HPDA"
5589,"temperate.deciduous.HPDA"
5590,"semiarid.grassland_HPDA"
5591,"boreal.coniferous"
5592,"semiarid.grassland_HPDA"
5593,"semiarid.grassland_HPDA"
5594,"semiarid.grassland_HPDA"
5595,"semiarid.grassland_HPDA"
5596,"boreal.coniferous"
5597,"temperate.deciduous.HPDA"
5598,"boreal.coniferous"
5599,"semiarid.grassland_HPDA"
5600,"semiarid.grassland_HPDA"
5601,"semiarid.grassland_HPDA"
5602,"semiarid.grassland_HPDA"
5603,"semiarid.grassland_HPDA"
5604,"temperate.deciduous.HPDA"
5605,"semiarid.grassland_HPDA"
5606,"temperate.deciduous.HPDA"
5607,"semiarid.grassland_HPDA"
5608,"boreal.coniferous"
5609,"temperate.deciduous.HPDA"
5610,"boreal.coniferous"
5611,"temperate.deciduous.HPDA"
5612,"temperate.deciduous.HPDA"
5613,"semiarid.grassland_HPDA"
5614,"semiarid.grassland_HPDA"
5615,"temperate.deciduous.HPDA"
5616,"semiarid.grassland_HPDA"
5617,"semiarid.grassland_HPDA"
5618,"semiarid.grassland_HPDA"
5619,"semiarid.grassland_HPDA"
5620,"semiarid.grassland_HPDA"
5621,"temperate.deciduous.HPDA"
5622,"semiarid.grassland_HPDA"
5623,"semiarid.grassland_HPDA"
5624,"temperate.deciduous.HPDA"
5625,"semiarid.grassland_HPDA"
5626,"semiarid.grassland_HPDA"
5627,"temperate.deciduous.HPDA"
5628,"temperate.deciduous.HPDA"
5629,"boreal.coniferous"
5630,"semiarid.grassland_HPDA"
5631,"semiarid.grassland_HPDA"
5632,"semiarid.grassland_HPDA"
5633,"temperate.deciduous.HPDA"
5634,"semiarid.grassland_HPDA"
5635,"temperate.deciduous.HPDA"
5636,"temperate.deciduous.HPDA"
5637,"semiarid.grassland_HPDA"
5638,"semiarid.grassland_HPDA"
5639,"boreal.coniferous"
5640,"semiarid.grassland_HPDA"
5641,"temperate.deciduous.HPDA"
5642,"boreal.coniferous"
5643,"semiarid.grassland_HPDA"
5644,"semiarid.grassland_HPDA"
5645,"boreal.coniferous"
5646,"temperate.deciduous.HPDA"
5647,"temperate.deciduous.HPDA"
5648,"boreal.coniferous"
5649,"semiarid.grassland_HPDA"
5650,"semiarid.grassland_HPDA"
5651,"semiarid.grassland_HPDA"
5652,"temperate.deciduous.HPDA"
5653,"temperate.deciduous.HPDA"
5654,"temperate.deciduous.HPDA"
5655,"boreal.coniferous"
5656,"semiarid.grassland_HPDA"
5657,"semiarid.grassland_HPDA"
5658,"semiarid.grassland_HPDA"
5659,"semiarid.grassland_HPDA"
5660,"semiarid.grassland_HPDA"
5661,"boreal.coniferous"
5662,"semiarid.grassland_HPDA"
5663,"semiarid.grassland_HPDA"
5664,"semiarid.grassland_HPDA"
5665,"temperate.deciduous.HPDA"
5666,"boreal.coniferous"
5667,"temperate.deciduous.HPDA"
5668,"semiarid.grassland_HPDA"
5669,"semiarid.grassland_HPDA"
5670,"temperate.deciduous.HPDA"
5671,"temperate.deciduous.HPDA"
5672,"temperate.deciduous.HPDA"
5673,"temperate.deciduous.HPDA"
5674,"boreal.coniferous"
5675,"temperate.deciduous.HPDA"
5676,"temperate.deciduous.HPDA"
5677,"temperate.deciduous.HPDA"
5678,"boreal.coniferous"
5679,"semiarid.grassland_HPDA"
5680,"semiarid.grassland_HPDA"
5681,"semiarid.grassland_HPDA"
5682,"semiarid.grassland_HPDA"
5683,"temperate.deciduous.HPDA"
5684,"boreal.coniferous"
5685,"semiarid.grassland_HPDA"
5686,"semiarid.grassland_HPDA"
5687,"boreal.coniferous"
5688,"temperate.deciduous.HPDA"
5689,"semiarid.grassland_HPDA"
5690,"semiarid.grassland_HPDA"
5691,"temperate.deciduous.HPDA"
5692,"boreal.coniferous"
5693,"semiarid.grassland_HPDA"
5694,"semiarid.grassland_HPDA"
5695,"temperate.deciduous.HPDA"
5696,"boreal.coniferous"
5697,"semiarid.grassland_HPDA"
5698,"semiarid.grassland_HPDA"
5699,"temperate.deciduous.HPDA"
5700,"semiarid.grassland_HPDA"
5701,"semiarid.grassland_HPDA"
5702,"temperate.deciduous.HPDA"
5703,"temperate.deciduous.HPDA"
5704,"semiarid.grassland_HPDA"
5705,"temperate.deciduous.HPDA"
5706,"temperate.deciduous.HPDA"
5707,"temperate.deciduous.HPDA"
5708,"semiarid.grassland_HPDA"
5709,"semiarid.grassland_HPDA"
5710,"temperate.deciduous.HPDA"
5711,"semiarid.grassland_HPDA"
5712,"temperate.deciduous.HPDA"
5713,"semiarid.grassland_HPDA"
5714,"boreal.coniferous"
5715,"semiarid.grassland_HPDA"
5716,"semiarid.grassland_HPDA"
5717,"temperate.deciduous.HPDA"
5718,"boreal.coniferous"
5719,"semiarid.grassland_HPDA"
5720,"semiarid.grassland_HPDA"
5721,"semiarid.grassland_HPDA"
5722,"boreal.coniferous"
5723,"semiarid.grassland_HPDA"
5724,"semiarid.grassland_HPDA"
5725,"boreal.coniferous"
5726,"semiarid.grassland_HPDA"
5727,"temperate.deciduous.HPDA"
5728,"temperate.deciduous.HPDA"
5729,"semiarid.grassland_HPDA"
5730,"semiarid.grassland_HPDA"
5731,"semiarid.grassland_HPDA"
5732,"semiarid.grassland_HPDA"
5733,"boreal.coniferous"
5734,"semiarid.grassland_HPDA"
5735,"semiarid.grassland_HPDA"
5736,"semiarid.grassland_HPDA"
5737,"semiarid.grassland_HPDA"
5738,"semiarid.grassland_HPDA"
5739,"semiarid.grassland_HPDA"
5740,"semiarid.grassland_HPDA"
5741,"semiarid.grassland_HPDA"
5742,"boreal.coniferous"
5743,"semiarid.grassland_HPDA"
5744,"temperate.deciduous.HPDA"
5745,"semiarid.grassland_HPDA"
5746,"semiarid.grassland_HPDA"
5747,"temperate.deciduous.HPDA"
5748,"semiarid.grassland_HPDA"
5749,"boreal.coniferous"
5750,"semiarid.grassland_HPDA"
5751,"temperate.deciduous.HPDA"
5752,"semiarid.grassland_HPDA"
5753,"semiarid.grassland_HPDA"
5754,"boreal.coniferous"
5755,"boreal.coniferous"
5756,"semiarid.grassland_HPDA"
5757,"temperate.deciduous.HPDA"
5758,"semiarid.grassland_HPDA"
5759,"semiarid.grassland_HPDA"
5760,"semiarid.grassland_HPDA"
5761,"temperate.deciduous.HPDA"
5762,"boreal.coniferous"
5763,"temperate.deciduous.HPDA"
5764,"semiarid.grassland_HPDA"
5765,"semiarid.grassland_HPDA"
5766,"boreal.coniferous"
5767,"semiarid.grassland_HPDA"
5768,"temperate.deciduous.HPDA"
5769,"semiarid.grassland_HPDA"
5770,"semiarid.grassland_HPDA"
5771,"temperate.deciduous.HPDA"
5772,"temperate.deciduous.HPDA"
5773,"temperate.deciduous.HPDA"
5774,"semiarid.grassland_HPDA"
5775,"semiarid.grassland_HPDA"
5776,"semiarid.grassland_HPDA"
5777,"semiarid.grassland_HPDA"
5778,"boreal.coniferous"
5779,"semiarid.grassland_HPDA"
5780,"temperate.deciduous.HPDA"
5781,"semiarid.grassland_HPDA"
5782,"boreal.coniferous"
5783,"boreal.coniferous"
5784,"semiarid.grassland_HPDA"
5785,"semiarid.grassland_HPDA"
5786,"semiarid.grassland_HPDA"
5787,"semiarid.grassland_HPDA"
5788,"semiarid.grassland_HPDA"
5789,"temperate.deciduous.HPDA"
5790,"temperate.deciduous.HPDA"
5791,"temperate.deciduous.HPDA"
5792,"semiarid.grassland_HPDA"
5793,"semiarid.grassland_HPDA"
5794,"semiarid.grassland_HPDA"
5795,"temperate.deciduous.HPDA"
5796,"semiarid.grassland_HPDA"
5797,"temperate.deciduous.HPDA"
5798,"temperate.deciduous.HPDA"
5799,"boreal.coniferous"
5800,"semiarid.grassland_HPDA"
5801,"semiarid.grassland_HPDA"
5802,"boreal.coniferous"
5803,"boreal.coniferous"
5804,"boreal.coniferous"
5805,"temperate.deciduous.HPDA"
5806,"semiarid.grassland_HPDA"
5807,"temperate.deciduous.HPDA"
5808,"boreal.coniferous"
5809,"boreal.coniferous"
5810,"semiarid.grassland_HPDA"
5811,"semiarid.grassland_HPDA"
5812,"semiarid.grassland_HPDA"
5813,"boreal.coniferous"
5814,"semiarid.grassland_HPDA"
5815,"semiarid.grassland_HPDA"
5816,"semiarid.grassland_HPDA"
5817,"semiarid.grassland_HPDA"
5818,"semiarid.grassland_HPDA"
5819,"boreal.coniferous"
5820,"temperate.deciduous.HPDA"
5821,"boreal.coniferous"
5822,"boreal.coniferous"
5823,"temperate.deciduous.HPDA"
5824,"boreal.coniferous"
5825,"boreal.coniferous"
5826,"temperate.deciduous.HPDA"
5827,"temperate.deciduous.HPDA"
5828,"semiarid.grassland_HPDA"
5829,"semiarid.grassland_HPDA"
5830,"boreal.coniferous"
5831,"semiarid.grassland_HPDA"
5832,"temperate.deciduous.HPDA"
5833,"temperate.deciduous.HPDA"
5834,"semiarid.grassland_HPDA"
5835,"semiarid.grassland_HPDA"
5836,"semiarid.grassland_HPDA"
5837,"boreal.coniferous"
5838,"semiarid.grassland_HPDA"
5839,"boreal.coniferous"
5840,"semiarid.grassland_HPDA"
5841,"semiarid.grassland_HPDA"
5842,"temperate.deciduous.HPDA"
5843,"temperate.deciduous.HPDA"
5844,"semiarid.grassland_HPDA"
5845,"temperate.deciduous.HPDA"
5846,"semiarid.grassland_HPDA"
5847,"semiarid.grassland_HPDA"
5848,"semiarid.grassland_HPDA"
5849,"temperate.deciduous.HPDA"
5850,"temperate.deciduous.HPDA"
5851,"boreal.coniferous"
5852,"boreal.coniferous"
5853,"semiarid.grassland_HPDA"
5854,"temperate.deciduous.HPDA"
5855,"semiarid.grassland_HPDA"
5856,"semiarid.grassland_HPDA"
5857,"boreal.coniferous"
5858,"temperate.deciduous.HPDA"
5859,"boreal.coniferous"
5860,"semiarid.grassland_HPDA"
5861,"semiarid.grassland_HPDA"
5862,"semiarid.grassland_HPDA"
5863,"semiarid.grassland_HPDA"
5864,"semiarid.grassland_HPDA"
5865,"semiarid.grassland_HPDA"
5866,"boreal.coniferous"
5867,"boreal.coniferous"
5868,"temperate.deciduous.HPDA"
5869,"semiarid.grassland_HPDA"
5870,"temperate.deciduous.HPDA"
5871,"temperate.deciduous.HPDA"
5872,"boreal.coniferous"
5873,"boreal.coniferous"
5874,"semiarid.grassland_HPDA"
5875,"semiarid.grassland_HPDA"
5876,"temperate.deciduous.HPDA"
5877,"boreal.coniferous"
5878,"boreal.coniferous"
5879,"temperate.deciduous.HPDA"
5880,"temperate.deciduous.HPDA"
5881,"semiarid.grassland_HPDA"
5882,"semiarid.grassland_HPDA"
5883,"temperate.deciduous.HPDA"
5884,"semiarid.grassland_HPDA"
5885,"temperate.deciduous.HPDA"
5886,"semiarid.grassland_HPDA"
5887,"semiarid.grassland_HPDA"
5888,"semiarid.grassland_HPDA"
5889,"semiarid.grassland_HPDA"
5890,"semiarid.grassland_HPDA"
5891,"semiarid.grassland_HPDA"
5892,"semiarid.grassland_HPDA"
5893,"semiarid.grassland_HPDA"
5894,"semiarid.grassland_HPDA"
5895,"semiarid.grassland_HPDA"
5896,"semiarid.grassland_HPDA"
5897,"semiarid.grassland_HPDA"
5898,"semiarid.grassland_HPDA"
5899,"semiarid.grassland_HPDA"
5900,"semiarid.grassland_HPDA"
5901,"semiarid.grassland_HPDA"
5902,"semiarid.grassland_HPDA"
5903,"semiarid.grassland_HPDA"
5904,"semiarid.grassland_HPDA"
5905,"temperate.deciduous.HPDA"
5906,"temperate.deciduous.HPDA"
5907,"semiarid.grassland_HPDA"
5908,"temperate.deciduous.HPDA"
5909,"semiarid.grassland_HPDA"
5910,"temperate.deciduous.HPDA"
5911,"temperate.deciduous.HPDA"
5912,"boreal.coniferous"
5913,"semiarid.grassland_HPDA"
5914,"temperate.deciduous.HPDA"
5915,"boreal.coniferous"
5916,"semiarid.grassland_HPDA"
5917,"semiarid.grassland_HPDA"
5918,"semiarid.grassland_HPDA"
5919,"semiarid.grassland_HPDA"
5920,"boreal.coniferous"
5921,"semiarid.grassland_HPDA"
5922,"semiarid.grassland_HPDA"
5923,"temperate.deciduous.HPDA"
5924,"semiarid.grassland_HPDA"
5925,"temperate.deciduous.HPDA"
5926,"boreal.coniferous"
5927,"semiarid.grassland_HPDA"
5928,"temperate.deciduous.HPDA"
5929,"semiarid.grassland_HPDA"
5930,"semiarid.grassland_HPDA"
5931,"temperate.deciduous.HPDA"
5932,"temperate.deciduous.HPDA"
5933,"boreal.coniferous"
5934,"boreal.coniferous"
5935,"semiarid.grassland_HPDA"
5936,"semiarid.grassland_HPDA"
5937,"semiarid.grassland_HPDA"
5938,"semiarid.grassland_HPDA"
5939,"semiarid.grassland_HPDA"
5940,"temperate.deciduous.HPDA"
5941,"semiarid.grassland_HPDA"
5942,"semiarid.grassland_HPDA"
5943,"semiarid.grassland_HPDA"
5944,"boreal.coniferous"
5945,"semiarid.grassland_HPDA"
5946,"temperate.deciduous.HPDA"
5947,"semiarid.grassland_HPDA"
5948,"semiarid.grassland_HPDA"
5949,"semiarid.grassland_HPDA"
5950,"semiarid.grassland_HPDA"
5951,"semiarid.grassland_HPDA"
5952,"semiarid.grassland_HPDA"
5953,"semiarid.grassland_HPDA"
5954,"temperate.deciduous.HPDA"
5955,"semiarid.grassland_HPDA"
5956,"semiarid.grassland_HPDA"
5957,"temperate.deciduous.HPDA"
5958,"semiarid.grassland_HPDA"
5959,"temperate.deciduous.HPDA"
5960,"temperate.deciduous.HPDA"
5961,"semiarid.grassland_HPDA"
5962,"boreal.coniferous"
5963,"semiarid.grassland_HPDA"
5964,"semiarid.grassland_HPDA"
5965,"temperate.deciduous.HPDA"
5966,"temperate.deciduous.HPDA"
5967,"semiarid.grassland_HPDA"
5968,"temperate.deciduous.HPDA"
5969,"semiarid.grassland_HPDA"
5970,"semiarid.grassland_HPDA"
5971,"semiarid.grassland_HPDA"
5972,"semiarid.grassland_HPDA"
5973,"temperate.deciduous.HPDA"
5974,"temperate.deciduous.HPDA"
5975,"temperate.deciduous.HPDA"
5976,"temperate.deciduous.HPDA"
5977,"semiarid.grassland_HPDA"
5978,"boreal.coniferous"
5979,"semiarid.grassland_HPDA"
5980,"semiarid.grassland_HPDA"
5981,"semiarid.grassland_HPDA"
5982,"semiarid.grassland_HPDA"
5983,"temperate.deciduous.HPDA"
5984,"semiarid.grassland_HPDA"
5985,"semiarid.grassland_HPDA"
5986,"semiarid.grassland_HPDA"
5987,"semiarid.grassland_HPDA"
5988,"temperate.deciduous.HPDA"
5989,"temperate.deciduous.HPDA"
5990,"temperate.deciduous.HPDA"
5991,"boreal.coniferous"
5992,"semiarid.grassland_HPDA"
5993,"semiarid.grassland_HPDA"
5994,"temperate.deciduous.HPDA"
5995,"semiarid.grassland_HPDA"
5996,"semiarid.grassland_HPDA"
5997,"semiarid.grassland_HPDA"
5998,"semiarid.grassland_HPDA"
5999,"semiarid.grassland_HPDA"
6000,"semiarid.grassland_HPDA"
6001,"semiarid.grassland_HPDA"
6002,"semiarid.grassland_HPDA"
6003,"boreal.coniferous"
6004,"semiarid.grassland_HPDA"
6005,"boreal.coniferous"
6006,"temperate.deciduous.HPDA"
6007,"boreal.coniferous"
6008,"semiarid.grassland_HPDA"
6009,"temperate.deciduous.HPDA"
6010,"semiarid.grassland_HPDA"
6011,"semiarid.grassland_HPDA"
6012,"semiarid.grassland_HPDA"
6013,"semiarid.grassland_HPDA"
6014,"temperate.deciduous.HPDA"
6015,"temperate.deciduous.HPDA"
6016,"temperate.deciduous.HPDA"
6017,"semiarid.grassland_HPDA"
6018,"semiarid.grassland_HPDA"
6019,"boreal.coniferous"
6020,"semiarid.grassland_HPDA"
6021,"temperate.deciduous.HPDA"
6022,"semiarid.grassland_HPDA"
6023,"temperate.deciduous.HPDA"
6024,"semiarid.grassland_HPDA"
6025,"semiarid.grassland_HPDA"
6026,"temperate.deciduous.HPDA"
6027,"boreal.coniferous"
6028,"temperate.deciduous.HPDA"
6029,"temperate.deciduous.HPDA"
6030,"semiarid.grassland_HPDA"
6031,"semiarid.grassland_HPDA"
6032,"temperate.deciduous.HPDA"
6033,"semiarid.grassland_HPDA"
6034,"semiarid.grassland_HPDA"
6035,"semiarid.grassland_HPDA"
6036,"temperate.deciduous.HPDA"
6037,"temperate.deciduous.HPDA"
6038,"temperate.deciduous.HPDA"
6039,"temperate.deciduous.HPDA"
6040,"semiarid.grassland_HPDA"
6041,"semiarid.grassland_HPDA"
6042,"semiarid.grassland_HPDA"
6043,"temperate.deciduous.HPDA"
6044,"semiarid.grassland_HPDA"
6045,"semiarid.grassland_HPDA"
6046,"semiarid.grassland_HPDA"
6047,"semiarid.grassland_HPDA"
6048,"semiarid.grassland_HPDA"
6049,"temperate.deciduous.HPDA"
6050,"boreal.coniferous"
6051,"semiarid.grassland_HPDA"
6052,"semiarid.grassland_HPDA"
6053,"temperate.deciduous.HPDA"
6054,"semiarid.grassland_HPDA"
6055,"semiarid.grassland_HPDA"
6056,"semiarid.grassland_HPDA"
6057,"semiarid.grassland_HPDA"
6058,"semiarid.grassland_HPDA"
6059,"semiarid.grassland_HPDA"
6060,"temperate.deciduous.HPDA"
6061,"semiarid.grassland_HPDA"
6062,"semiarid.grassland_HPDA"
6063,"boreal.coniferous"
6064,"semiarid.grassland_HPDA"
6065,"semiarid.grassland_HPDA"
6066,"semiarid.grassland_HPDA"
6067,"semiarid.grassland_HPDA"
6068,"boreal.coniferous"
6069,"semiarid.grassland_HPDA"
6070,"temperate.deciduous.HPDA"
6071,"semiarid.grassland_HPDA"
6072,"semiarid.grassland_HPDA"
6073,"semiarid.grassland_HPDA"
6074,"semiarid.grassland_HPDA"
6075,"temperate.deciduous.HPDA"
6076,"semiarid.grassland_HPDA"
6077,"semiarid.grassland_HPDA"
6078,"semiarid.grassland_HPDA"
6079,"temperate.deciduous.HPDA"
6080,"semiarid.grassland_HPDA"
6081,"semiarid.grassland_HPDA"
6082,"temperate.deciduous.HPDA"
6083,"semiarid.grassland_HPDA"
6084,"semiarid.grassland_HPDA"
6085,"temperate.deciduous.HPDA"
6086,"semiarid.grassland_HPDA"
6087,"semiarid.grassland_HPDA"
6088,"boreal.coniferous"
6089,"temperate.deciduous.HPDA"
6090,"temperate.deciduous.HPDA"
6091,"boreal.coniferous"
6092,"semiarid.grassland_HPDA"
6093,"temperate.deciduous.HPDA"
6094,"temperate.deciduous.HPDA"
6095,"temperate.deciduous.HPDA"
6096,"boreal.coniferous"
6097,"temperate.deciduous.HPDA"
6098,"temperate.deciduous.HPDA"
6099,"temperate.deciduous.HPDA"
6100,"semiarid.grassland_HPDA"
6101,"semiarid.grassland_HPDA"
6102,"semiarid.grassland_HPDA"
6103,"semiarid.grassland_HPDA"
6104,"temperate.deciduous.HPDA"
6105,"boreal.coniferous"
6106,"boreal.coniferous"
6107,"temperate.deciduous.HPDA"
6108,"semiarid.grassland_HPDA"
6109,"semiarid.grassland_HPDA"
6110,"semiarid.grassland_HPDA"
6111,"semiarid.grassland_HPDA"
6112,"boreal.coniferous"
6113,"semiarid.grassland_HPDA"
6114,"semiarid.grassland_HPDA"
6115,"boreal.coniferous"
6116,"temperate.deciduous.HPDA"
6117,"semiarid.grassland_HPDA"
6118,"semiarid.grassland_HPDA"
6119,"temperate.deciduous.HPDA"
6120,"boreal.coniferous"
6121,"temperate.deciduous.HPDA"
6122,"temperate.deciduous.HPDA"
6123,"semiarid.grassland_HPDA"
6124,"temperate.deciduous.HPDA"
6125,"boreal.coniferous"
6126,"temperate.deciduous.HPDA"
6127,"temperate.deciduous.HPDA"
6128,"temperate.deciduous.HPDA"
6129,"temperate.deciduous.HPDA"
6130,"semiarid.grassland_HPDA"
6131,"temperate.deciduous.HPDA"
6132,"boreal.coniferous"
6133,"semiarid.grassland_HPDA"
6134,"temperate.deciduous.HPDA"
6135,"semiarid.grassland_HPDA"
6136,"boreal.coniferous"
6137,"semiarid.grassland_HPDA"
6138,"temperate.deciduous.HPDA"
6139,"semiarid.grassland_HPDA"
6140,"temperate.deciduous.HPDA"
6141,"temperate.deciduous.HPDA"
6142,"semiarid.grassland_HPDA"
6143,"semiarid.grassland_HPDA"
6144,"semiarid.grassland_HPDA"
6145,"temperate.deciduous.HPDA"
6146,"boreal.coniferous"
6147,"semiarid.grassland_HPDA"
6148,"semiarid.grassland_HPDA"
6149,"boreal.coniferous"
6150,"temperate.deciduous.HPDA"
6151,"temperate.deciduous.HPDA"
6152,"temperate.deciduous.HPDA"
6153,"semiarid.grassland_HPDA"
6154,"semiarid.grassland_HPDA"
6155,"semiarid.grassland_HPDA"
6156,"boreal.coniferous"
6157,"semiarid.grassland_HPDA"
6158,"temperate.deciduous.HPDA"
6159,"temperate.deciduous.HPDA"
6160,"semiarid.grassland_HPDA"
6161,"temperate.deciduous.HPDA"
6162,"temperate.deciduous.HPDA"
6163,"semiarid.grassland_HPDA"
6164,"semiarid.grassland_HPDA"
6165,"temperate.deciduous.HPDA"
6166,"semiarid.grassland_HPDA"
6167,"semiarid.grassland_HPDA"
6168,"temperate.deciduous.HPDA"
6169,"semiarid.grassland_HPDA"
6170,"boreal.coniferous"
6171,"semiarid.grassland_HPDA"
6172,"semiarid.grassland_HPDA"
6173,"semiarid.grassland_HPDA"
6174,"semiarid.grassland_HPDA"
6175,"semiarid.grassland_HPDA"
6176,"temperate.deciduous.HPDA"
6177,"semiarid.grassland_HPDA"
6178,"semiarid.grassland_HPDA"
6179,"temperate.deciduous.HPDA"
6180,"boreal.coniferous"
6181,"temperate.deciduous.HPDA"
6182,"boreal.coniferous"
6183,"semiarid.grassland_HPDA"
6184,"boreal.coniferous"
6185,"semiarid.grassland_HPDA"
6186,"temperate.deciduous.HPDA"
6187,"semiarid.grassland_HPDA"
6188,"semiarid.grassland_HPDA"
6189,"temperate.deciduous.HPDA"
6190,"boreal.coniferous"
6191,"semiarid.grassland_HPDA"
6192,"temperate.deciduous.HPDA"
6193,"semiarid.grassland_HPDA"
6194,"semiarid.grassland_HPDA"
6195,"boreal.coniferous"
6196,"temperate.deciduous.HPDA"
6197,"temperate.deciduous.HPDA"
6198,"semiarid.grassland_HPDA"
6199,"boreal.coniferous"
6200,"temperate.deciduous.HPDA"
6201,"semiarid.grassland_HPDA"
6202,"semiarid.grassland_HPDA"
6203,"semiarid.grassland_HPDA"
6204,"semiarid.grassland_HPDA"
6205,"boreal.coniferous"
6206,"temperate.deciduous.HPDA"
6207,"temperate.deciduous.HPDA"
6208,"semiarid.grassland_HPDA"
6209,"temperate.deciduous.HPDA"
6210,"boreal.coniferous"
6211,"boreal.coniferous"
6212,"boreal.coniferous"
6213,"semiarid.grassland_HPDA"
6214,"boreal.coniferous"
6215,"semiarid.grassland_HPDA"
6216,"semiarid.grassland_HPDA"
6217,"semiarid.grassland_HPDA"
6218,"semiarid.grassland_HPDA"
6219,"temperate.deciduous.HPDA"
6220,"semiarid.grassland_HPDA"
6221,"semiarid.grassland_HPDA"
6222,"semiarid.grassland_HPDA"
6223,"semiarid.grassland_HPDA"
6224,"temperate.deciduous.HPDA"
6225,"temperate.deciduous.HPDA"
6226,"semiarid.grassland_HPDA"
6227,"semiarid.grassland_HPDA"
6228,"semiarid.grassland_HPDA"
6229,"boreal.coniferous"
6230,"semiarid.grassland_HPDA"
6231,"boreal.coniferous"
6232,"boreal.coniferous"
6233,"temperate.deciduous.HPDA"
6234,"temperate.deciduous.HPDA"
6235,"boreal.coniferous"
6236,"temperate.deciduous.HPDA"
6237,"temperate.deciduous.HPDA"
6238,"temperate.deciduous.HPDA"
6239,"semiarid.grassland_HPDA"
6240,"semiarid.grassland_HPDA"
6241,"semiarid.grassland_HPDA"
6242,"temperate.deciduous.HPDA"
6243,"semiarid.grassland_HPDA"
6244,"semiarid.grassland_HPDA"
6245,"semiarid.grassland_HPDA"
6246,"boreal.coniferous"
6247,"semiarid.grassland_HPDA"
6248,"semiarid.grassland_HPDA"
6249,"semiarid.grassland_HPDA"
6250,"temperate.deciduous.HPDA"
6251,"temperate.deciduous.HPDA"
6252,"boreal.coniferous"
6253,"temperate.deciduous.HPDA"
6254,"semiarid.grassland_HPDA"
6255,"temperate.deciduous.HPDA"
6256,"temperate.deciduous.HPDA"
6257,"semiarid.grassland_HPDA"
6258,"semiarid.grassland_HPDA"
6259,"temperate.deciduous.HPDA"
6260,"temperate.deciduous.HPDA"
6261,"temperate.deciduous.HPDA"
6262,"temperate.deciduous.HPDA"
6263,"semiarid.grassland_HPDA"
6264,"semiarid.grassland_HPDA"
6265,"temperate.deciduous.HPDA"
6266,"boreal.coniferous"
6267,"semiarid.grassland_HPDA"
6268,"semiarid.grassland_HPDA"
6269,"boreal.coniferous"
6270,"semiarid.grassland_HPDA"
6271,"temperate.deciduous.HPDA"
6272,"boreal.coniferous"
6273,"temperate.deciduous.HPDA"
6274,"boreal.coniferous"
6275,"temperate.deciduous.HPDA"
6276,"boreal.coniferous"
6277,"boreal.coniferous"
6278,"boreal.coniferous"
6279,"semiarid.grassland_HPDA"
6280,"temperate.deciduous.HPDA"
6281,"boreal.coniferous"
6282,"boreal.coniferous"
6283,"semiarid.grassland_HPDA"
6284,"semiarid.grassland_HPDA"
6285,"semiarid.grassland_HPDA"
6286,"temperate.deciduous.HPDA"
6287,"temperate.deciduous.HPDA"
6288,"semiarid.grassland_HPDA"
6289,"temperate.deciduous.HPDA"
6290,"boreal.coniferous"
6291,"semiarid.grassland_HPDA"
6292,"semiarid.grassland_HPDA"
6293,"semiarid.grassland_HPDA"
6294,"semiarid.grassland_HPDA"
6295,"semiarid.grassland_HPDA"
6296,"boreal.coniferous"
6297,"semiarid.grassland_HPDA"
6298,"semiarid.grassland_HPDA"
6299,"temperate.deciduous.HPDA"
6300,"boreal.coniferous"
6301,"semiarid.grassland_HPDA"
6302,"semiarid.grassland_HPDA"
6303,"semiarid.grassland_HPDA"
6304,"semiarid.grassland_HPDA"
6305,"boreal.coniferous"
6306,"semiarid.grassland_HPDA"
6307,"boreal.coniferous"
6308,"semiarid.grassland_HPDA"
6309,"boreal.coniferous"
6310,"semiarid.grassland_HPDA"
6311,"semiarid.grassland_HPDA"
6312,"temperate.deciduous.HPDA"
6313,"temperate.deciduous.HPDA"
6314,"boreal.coniferous"
6315,"semiarid.grassland_HPDA"
6316,"temperate.deciduous.HPDA"
6317,"semiarid.grassland_HPDA"
6318,"boreal.coniferous"
6319,"temperate.deciduous.HPDA"
6320,"semiarid.grassland_HPDA"
6321,"temperate.deciduous.HPDA"
6322,"semiarid.grassland_HPDA"
6323,"boreal.coniferous"
6324,"semiarid.grassland_HPDA"
6325,"temperate.deciduous.HPDA"
6326,"boreal.coniferous"
6327,"boreal.coniferous"
6328,"semiarid.grassland_HPDA"
6329,"boreal.coniferous"
6330,"temperate.deciduous.HPDA"
6331,"semiarid.grassland_HPDA"
6332,"semiarid.grassland_HPDA"
6333,"boreal.coniferous"
6334,"semiarid.grassland_HPDA"
6335,"semiarid.grassland_HPDA"
6336,"semiarid.grassland_HPDA"
6337,"semiarid.grassland_HPDA"
6338,"boreal.coniferous"
6339,"semiarid.grassland_HPDA"
6340,"boreal.coniferous"
6341,"temperate.deciduous.HPDA"
6342,"boreal.coniferous"
6343,"temperate.deciduous.HPDA"
6344,"boreal.coniferous"
6345,"boreal.coniferous"
6346,"boreal.coniferous"
6347,"temperate.deciduous.HPDA"
6348,"boreal.coniferous"
6349,"semiarid.grassland_HPDA"
6350,"semiarid.grassland_HPDA"
6351,"semiarid.grassland_HPDA"
6352,"boreal.coniferous"
6353,"semiarid.grassland_HPDA"
6354,"temperate.deciduous.HPDA"
6355,"semiarid.grassland_HPDA"
6356,"semiarid.grassland_HPDA"
6357,"temperate.deciduous.HPDA"
6358,"semiarid.grassland_HPDA"
6359,"boreal.coniferous"
6360,"boreal.coniferous"
6361,"semiarid.grassland_HPDA"
6362,"boreal.coniferous"
6363,"semiarid.grassland_HPDA"
6364,"boreal.coniferous"
6365,"semiarid.grassland_HPDA"
6366,"temperate.deciduous.HPDA"
6367,"semiarid.grassland_HPDA"
6368,"temperate.deciduous.HPDA"
6369,"semiarid.grassland_HPDA"
6370,"boreal.coniferous"
6371,"semiarid.grassland_HPDA"
6372,"boreal.coniferous"
6373,"boreal.coniferous"
6374,"semiarid.grassland_HPDA"
6375,"boreal.coniferous"
6376,"boreal.coniferous"
6377,"temperate.deciduous.HPDA"
6378,"semiarid.grassland_HPDA"
6379,"boreal.coniferous"
6380,"semiarid.grassland_HPDA"
6381,"semiarid.grassland_HPDA"
6382,"semiarid.grassland_HPDA"
6383,"semiarid.grassland_HPDA"
6384,"boreal.coniferous"
6385,"semiarid.grassland_HPDA"
6386,"semiarid.grassland_HPDA"
6387,"boreal.coniferous"
6388,"boreal.coniferous"
6389,"temperate.deciduous.HPDA"
6390,"semiarid.grassland_HPDA"
6391,"semiarid.grassland_HPDA"
6392,"boreal.coniferous"
6393,"boreal.coniferous"
6394,"temperate.deciduous.HPDA"
6395,"semiarid.grassland_HPDA"
6396,"semiarid.grassland_HPDA"
6397,"temperate.deciduous.HPDA"
6398,"temperate.deciduous.HPDA"
6399,"semiarid.grassland_HPDA"
6400,"semiarid.grassland_HPDA"
6401,"temperate.deciduous.HPDA"
6402,"boreal.coniferous"
6403,"temperate.deciduous.HPDA"
6404,"semiarid.grassland_HPDA"
6405,"temperate.deciduous.HPDA"
6406,"boreal.coniferous"
6407,"boreal.coniferous"
6408,"semiarid.grassland_HPDA"
6409,"semiarid.grassland_HPDA"
6410,"boreal.coniferous"
6411,"semiarid.grassland_HPDA"
6412,"semiarid.grassland_HPDA"
6413,"semiarid.grassland_HPDA"
6414,"temperate.deciduous.HPDA"
6415,"semiarid.grassland_HPDA"
6416,"semiarid.grassland_HPDA"
6417,"boreal.coniferous"
6418,"boreal.coniferous"
6419,"boreal.coniferous"
6420,"temperate.deciduous.HPDA"
6421,"boreal.coniferous"
6422,"boreal.coniferous"
6423,"boreal.coniferous"
6424,"boreal.coniferous"
6425,"temperate.deciduous.HPDA"
6426,"boreal.coniferous"
6427,"semiarid.grassland_HPDA"
6428,"temperate.deciduous.HPDA"
6429,"semiarid.grassland_HPDA"
6430,"boreal.coniferous"
6431,"boreal.coniferous"
6432,"boreal.coniferous"
6433,"temperate.deciduous.HPDA"
6434,"semiarid.grassland_HPDA"
6435,"semiarid.grassland_HPDA"
6436,"boreal.coniferous"
6437,"semiarid.grassland_HPDA"
6438,"semiarid.grassland_HPDA"
6439,"semiarid.grassland_HPDA"
6440,"semiarid.grassland_HPDA"
6441,"semiarid.grassland_HPDA"
6442,"semiarid.grassland_HPDA"
6443,"semiarid.grassland_HPDA"
6444,"temperate.deciduous.HPDA"
6445,"semiarid.grassland_HPDA"
6446,"semiarid.grassland_HPDA"
6447,"semiarid.grassland_HPDA"
6448,"semiarid.grassland_HPDA"
6449,"semiarid.grassland_HPDA"
6450,"semiarid.grassland_HPDA"
6451,"temperate.deciduous.HPDA"
6452,"semiarid.grassland_HPDA"
6453,"boreal.coniferous"
6454,"semiarid.grassland_HPDA"
6455,"semiarid.grassland_HPDA"
6456,"temperate.deciduous.HPDA"
6457,"semiarid.grassland_HPDA"
6458,"semiarid.grassland_HPDA"
6459,"semiarid.grassland_HPDA"
6460,"temperate.deciduous.HPDA"
6461,"semiarid.grassland_HPDA"
6462,"semiarid.grassland_HPDA"
6463,"semiarid.grassland_HPDA"
6464,"semiarid.grassland_HPDA"
6465,"semiarid.grassland_HPDA"
6466,"semiarid.grassland_HPDA"
6467,"boreal.coniferous"
6468,"semiarid.grassland_HPDA"
6469,"semiarid.grassland_HPDA"
6470,"temperate.deciduous.HPDA"
6471,"semiarid.grassland_HPDA"
6472,"temperate.deciduous.HPDA"
6473,"boreal.coniferous"
6474,"semiarid.grassland_HPDA"
6475,"semiarid.grassland_HPDA"
6476,"semiarid.grassland_HPDA"
6477,"temperate.deciduous.HPDA"
6478,"temperate.deciduous.HPDA"
6479,"temperate.deciduous.HPDA"
6480,"temperate.deciduous.HPDA"
6481,"boreal.coniferous"
6482,"temperate.deciduous.HPDA"
6483,"semiarid.grassland_HPDA"
6484,"temperate.deciduous.HPDA"
6485,"boreal.coniferous"
6486,"temperate.deciduous.HPDA"
6487,"semiarid.grassland_HPDA"
6488,"boreal.coniferous"
6489,"semiarid.grassland_HPDA"
6490,"semiarid.grassland_HPDA"
6491,"semiarid.grassland_HPDA"
6492,"semiarid.grassland_HPDA"
6493,"boreal.coniferous"
6494,"boreal.coniferous"
6495,"semiarid.grassland_HPDA"
6496,"boreal.coniferous"
6497,"boreal.coniferous"
6498,"semiarid.grassland_HPDA"
6499,"boreal.coniferous"
6500,"semiarid.grassland_HPDA"
6501,"semiarid.grassland_HPDA"
6502,"boreal.coniferous"
6503,"boreal.coniferous"
6504,"boreal.coniferous"
6505,"boreal.coniferous"
6506,"temperate.deciduous.HPDA"
6507,"temperate.deciduous.HPDA"
6508,"semiarid.grassland_HPDA"
6509,"semiarid.grassland_HPDA"
6510,"temperate.deciduous.HPDA"
6511,"temperate.deciduous.HPDA"
6512,"semiarid.grassland_HPDA"
6513,"temperate.deciduous.HPDA"
6514,"temperate.deciduous.HPDA"
6515,"semiarid.grassland_HPDA"
6516,"boreal.coniferous"
6517,"temperate.deciduous.HPDA"
6518,"semiarid.grassland_HPDA"
6519,"temperate.deciduous.HPDA"
6520,"temperate.deciduous.HPDA"
6521,"boreal.coniferous"
6522,"semiarid.grassland_HPDA"
6523,"semiarid.grassland_HPDA"
6524,"semiarid.grassland_HPDA"
6525,"boreal.coniferous"
6526,"boreal.coniferous"
6527,"semiarid.grassland_HPDA"
6528,"semiarid.grassland_HPDA"
6529,"semiarid.grassland_HPDA"
6530,"semiarid.grassland_HPDA"
6531,"semiarid.grassland_HPDA"
6532,"temperate.deciduous.HPDA"
6533,"semiarid.grassland_HPDA"
6534,"temperate.deciduous.HPDA"
6535,"temperate.deciduous.HPDA"
6536,"temperate.deciduous.HPDA"
6537,"semiarid.grassland_HPDA"
6538,"boreal.coniferous"
6539,"semiarid.grassland_HPDA"
6540,"semiarid.grassland_HPDA"
6541,"semiarid.grassland_HPDA"
6542,"boreal.coniferous"
6543,"boreal.coniferous"
6544,"boreal.coniferous"
6545,"semiarid.grassland_HPDA"
6546,"temperate.deciduous.HPDA"
6547,"semiarid.grassland_HPDA"
6548,"semiarid.grassland_HPDA"
6549,"semiarid.grassland_HPDA"
6550,"boreal.coniferous"
6551,"boreal.coniferous"
6552,"temperate.deciduous.HPDA"
6553,"temperate.deciduous.HPDA"
6554,"boreal.coniferous"
6555,"temperate.deciduous.HPDA"
6556,"semiarid.grassland_HPDA"
6557,"semiarid.grassland_HPDA"
6558,"semiarid.grassland_HPDA"
6559,"semiarid.grassland_HPDA"
6560,"semiarid.grassland_HPDA"
6561,"semiarid.grassland_HPDA"
6562,"boreal.coniferous"
6563,"semiarid.grassland_HPDA"
6564,"semiarid.grassland_HPDA"
6565,"semiarid.grassland_HPDA"
6566,"boreal.coniferous"
6567,"temperate.deciduous.HPDA"
6568,"boreal.coniferous"
6569,"temperate.deciduous.HPDA"
6570,"boreal.coniferous"
6571,"temperate.deciduous.HPDA"
6572,"boreal.coniferous"
6573,"temperate.deciduous.HPDA"
6574,"temperate.deciduous.HPDA"
6575,"semiarid.grassland_HPDA"
6576,"boreal.coniferous"
6577,"semiarid.grassland_HPDA"
6578,"semiarid.grassland_HPDA"
6579,"temperate.deciduous.HPDA"
6580,"temperate.deciduous.HPDA"
6581,"temperate.deciduous.HPDA"
6582,"semiarid.grassland_HPDA"
6583,"semiarid.grassland_HPDA"
6584,"boreal.coniferous"
6585,"semiarid.grassland_HPDA"
6586,"semiarid.grassland_HPDA"
6587,"semiarid.grassland_HPDA"
6588,"boreal.coniferous"
6589,"temperate.deciduous.HPDA"
6590,"semiarid.grassland_HPDA"
6591,"semiarid.grassland_HPDA"
6592,"boreal.coniferous"
6593,"boreal.coniferous"
6594,"boreal.coniferous"
6595,"temperate.deciduous.HPDA"
6596,"temperate.deciduous.HPDA"
6597,"temperate.deciduous.HPDA"
6598,"temperate.deciduous.HPDA"
6599,"semiarid.grassland_HPDA"
6600,"semiarid.grassland_HPDA"
6601,"semiarid.grassland_HPDA"
6602,"temperate.deciduous.HPDA"
6603,"temperate.deciduous.HPDA"
6604,"semiarid.grassland_HPDA"
6605,"temperate.deciduous.HPDA"
6606,"temperate.deciduous.HPDA"
6607,"temperate.deciduous.HPDA"
6608,"boreal.coniferous"
6609,"semiarid.grassland_HPDA"
6610,"semiarid.grassland_HPDA"
6611,"semiarid.grassland_HPDA"
6612,"temperate.deciduous.HPDA"
6613,"semiarid.grassland_HPDA"
6614,"temperate.deciduous.HPDA"
6615,"temperate.deciduous.HPDA"
6616,"semiarid.grassland_HPDA"
6617,"semiarid.grassland_HPDA"
6618,"temperate.deciduous.HPDA"
6619,"semiarid.grassland_HPDA"
6620,"boreal.coniferous"
6621,"temperate.deciduous.HPDA"
6622,"temperate.deciduous.HPDA"
6623,"temperate.deciduous.HPDA"
6624,"semiarid.grassland_HPDA"
6625,"boreal.coniferous"
6626,"semiarid.grassland_HPDA"
6627,"temperate.deciduous.HPDA"
6628,"temperate.deciduous.HPDA"
6629,"temperate.deciduous.HPDA"
6630,"semiarid.grassland_HPDA"
6631,"semiarid.grassland_HPDA"
6632,"temperate.deciduous.HPDA"
6633,"boreal.coniferous"
6634,"boreal.coniferous"
6635,"temperate.deciduous.HPDA"
6636,"temperate.deciduous.HPDA"
6637,"semiarid.grassland_HPDA"
6638,"temperate.deciduous.HPDA"
6639,"temperate.deciduous.HPDA"
6640,"temperate.deciduous.HPDA"
6641,"boreal.coniferous"
6642,"boreal.coniferous"
6643,"temperate.deciduous.HPDA"
6644,"semiarid.grassland_HPDA"
6645,"semiarid.grassland_HPDA"
6646,"semiarid.grassland_HPDA"
6647,"semiarid.grassland_HPDA"
6648,"temperate.deciduous.HPDA"
6649,"boreal.coniferous"
6650,"boreal.coniferous"
6651,"semiarid.grassland_HPDA"
6652,"temperate.deciduous.HPDA"
6653,"temperate.deciduous.HPDA"
6654,"semiarid.grassland_HPDA"
6655,"semiarid.grassland_HPDA"
6656,"temperate.deciduous.HPDA"
6657,"temperate.deciduous.HPDA"
6658,"temperate.deciduous.HPDA"
6659,"temperate.deciduous.HPDA"
6660,"temperate.deciduous.HPDA"
6661,"temperate.deciduous.HPDA"
6662,"temperate.deciduous.HPDA"
6663,"semiarid.grassland_HPDA"
6664,"temperate.deciduous.HPDA"
6665,"boreal.coniferous"
6666,"temperate.deciduous.HPDA"
6667,"semiarid.grassland_HPDA"
6668,"temperate.deciduous.HPDA"
6669,"temperate.deciduous.HPDA"
6670,"semiarid.grassland_HPDA"
6671,"semiarid.grassland_HPDA"
6672,"semiarid.grassland_HPDA"
6673,"temperate.deciduous.HPDA"
6674,"semiarid.grassland_HPDA"
6675,"semiarid.grassland_HPDA"
6676,"boreal.coniferous"
6677,"boreal.coniferous"
6678,"temperate.deciduous.HPDA"
6679,"semiarid.grassland_HPDA"
6680,"temperate.deciduous.HPDA"
6681,"semiarid.grassland_HPDA"
6682,"semiarid.grassland_HPDA"
6683,"semiarid.grassland_HPDA"
6684,"boreal.coniferous"
6685,"semiarid.grassland_HPDA"
6686,"boreal.coniferous"
6687,"boreal.coniferous"
6688,"semiarid.grassland_HPDA"
6689,"semiarid.grassland_HPDA"
6690,"temperate.deciduous.HPDA"
6691,"boreal.coniferous"
6692,"temperate.deciduous.HPDA"
6693,"boreal.coniferous"
6694,"temperate.deciduous.HPDA"
6695,"boreal.coniferous"
6696,"temperate.deciduous.HPDA"
6697,"temperate.deciduous.HPDA"
6698,"semiarid.grassland_HPDA"
6699,"semiarid.grassland_HPDA"
6700,"boreal.coniferous"
6701,"temperate.deciduous.HPDA"
6702,"temperate.deciduous.HPDA"
6703,"temperate.deciduous.HPDA"
6704,"semiarid.grassland_HPDA"
6705,"temperate.deciduous.HPDA"
6706,"temperate.deciduous.HPDA"
6707,"semiarid.grassland_HPDA"
6708,"boreal.coniferous"
6709,"semiarid.grassland_HPDA"
6710,"boreal.coniferous"
6711,"temperate.deciduous.HPDA"
6712,"boreal.coniferous"
6713,"semiarid.grassland_HPDA"
6714,"boreal.coniferous"
6715,"semiarid.grassland_HPDA"
6716,"semiarid.grassland_HPDA"
6717,"semiarid.grassland_HPDA"
6718,"semiarid.grassland_HPDA"
6719,"boreal.coniferous"
6720,"boreal.coniferous"
6721,"semiarid.grassland_HPDA"
6722,"boreal.coniferous"
6723,"semiarid.grassland_HPDA"
6724,"semiarid.grassland_HPDA"
6725,"semiarid.grassland_HPDA"
6726,"boreal.coniferous"
6727,"semiarid.grassland_HPDA"
6728,"semiarid.grassland_HPDA"
6729,"boreal.coniferous"
6730,"temperate.deciduous.HPDA"
6731,"boreal.coniferous"
6732,"semiarid.grassland_HPDA"
6733,"temperate.deciduous.HPDA"
6734,"temperate.deciduous.HPDA"
6735,"temperate.deciduous.HPDA"
6736,"temperate.deciduous.HPDA"
6737,"boreal.coniferous"
6738,"semiarid.grassland_HPDA"
6739,"temperate.deciduous.HPDA"
6740,"temperate.deciduous.HPDA"
6741,"temperate.deciduous.HPDA"
6742,"temperate.deciduous.HPDA"
6743,"semiarid.grassland_HPDA"
6744,"semiarid.grassland_HPDA"
6745,"temperate.deciduous.HPDA"
6746,"temperate.deciduous.HPDA"
6747,"semiarid.grassland_HPDA"
6748,"temperate.deciduous.HPDA"
6749,"semiarid.grassland_HPDA"
6750,"semiarid.grassland_HPDA"
6751,"boreal.coniferous"
6752,"semiarid.grassland_HPDA"
6753,"semiarid.grassland_HPDA"
6754,"semiarid.grassland_HPDA"
6755,"semiarid.grassland_HPDA"
6756,"boreal.coniferous"
6757,"temperate.deciduous.HPDA"
6758,"semiarid.grassland_HPDA"
6759,"temperate.deciduous.HPDA"
6760,"temperate.deciduous.HPDA"
6761,"boreal.coniferous"
6762,"semiarid.grassland_HPDA"
6763,"boreal.coniferous"
6764,"semiarid.grassland_HPDA"
6765,"boreal.coniferous"
6766,"temperate.deciduous.HPDA"
6767,"temperate.deciduous.HPDA"
6768,"semiarid.grassland_HPDA"
6769,"temperate.deciduous.HPDA"
6770,"temperate.deciduous.HPDA"
6771,"semiarid.grassland_HPDA"
6772,"semiarid.grassland_HPDA"
6773,"boreal.coniferous"
6774,"temperate.deciduous.HPDA"
6775,"boreal.coniferous"
6776,"semiarid.grassland_HPDA"
6777,"boreal.coniferous"
6778,"temperate.deciduous.HPDA"
6779,"boreal.coniferous"
6780,"temperate.deciduous.HPDA"
6781,"boreal.coniferous"
6782,"boreal.coniferous"
6783,"temperate.deciduous.HPDA"
6784,"temperate.deciduous.HPDA"
6785,"temperate.deciduous.HPDA"
6786,"boreal.coniferous"
6787,"semiarid.grassland_HPDA"
6788,"temperate.deciduous.HPDA"
6789,"boreal.coniferous"
6790,"temperate.deciduous.HPDA"
6791,"boreal.coniferous"
6792,"semiarid.grassland_HPDA"
6793,"temperate.deciduous.HPDA"
6794,"temperate.deciduous.HPDA"
6795,"boreal.coniferous"
6796,"boreal.coniferous"
6797,"semiarid.grassland_HPDA"
6798,"semiarid.grassland_HPDA"
6799,"semiarid.grassland_HPDA"
6800,"temperate.deciduous.HPDA"
6801,"semiarid.grassland_HPDA"
6802,"temperate.deciduous.HPDA"
6803,"temperate.deciduous.HPDA"
6804,"boreal.coniferous"
6805,"semiarid.grassland_HPDA"
6806,"semiarid.grassland_HPDA"
6807,"semiarid.grassland_HPDA"
6808,"temperate.deciduous.HPDA"
6809,"boreal.coniferous"
6810,"temperate.deciduous.HPDA"
6811,"temperate.deciduous.HPDA"
6812,"semiarid.grassland_HPDA"
6813,"semiarid.grassland_HPDA"
6814,"temperate.deciduous.HPDA"
6815,"semiarid.grassland_HPDA"
6816,"semiarid.grassland_HPDA"
6817,"temperate.deciduous.HPDA"
6818,"boreal.coniferous"
6819,"boreal.coniferous"
6820,"boreal.coniferous"
6821,"boreal.coniferous"
6822,"temperate.deciduous.HPDA"
6823,"semiarid.grassland_HPDA"
6824,"temperate.deciduous.HPDA"
6825,"temperate.deciduous.HPDA"
6826,"semiarid.grassland_HPDA"
6827,"semiarid.grassland_HPDA"
6828,"temperate.deciduous.HPDA"
6829,"boreal.coniferous"
6830,"boreal.coniferous"
6831,"boreal.coniferous"
6832,"semiarid.grassland_HPDA"
6833,"semiarid.grassland_HPDA"
6834,"boreal.coniferous"
6835,"semiarid.grassland_HPDA"
6836,"boreal.coniferous"
6837,"semiarid.grassland_HPDA"
6838,"temperate.deciduous.HPDA"
6839,"temperate.deciduous.HPDA"
6840,"temperate.deciduous.HPDA"
6841,"temperate.deciduous.HPDA"
6842,"temperate.deciduous.HPDA"
6843,"semiarid.grassland_HPDA"
6844,"temperate.deciduous.HPDA"
6845,"boreal.coniferous"
6846,"boreal.coniferous"
6847,"semiarid.grassland_HPDA"
6848,"semiarid.grassland_HPDA"
6849,"semiarid.grassland_HPDA"
6850,"temperate.deciduous.HPDA"
6851,"temperate.deciduous.HPDA"
6852,"semiarid.grassland_HPDA"
6853,"temperate.deciduous.HPDA"
6854,"temperate.deciduous.HPDA"
6855,"boreal.coniferous"
6856,"temperate.deciduous.HPDA"
6857,"temperate.deciduous.HPDA"
6858,"temperate.deciduous.HPDA"
6859,"semiarid.grassland_HPDA"
6860,"boreal.coniferous"
6861,"semiarid.grassland_HPDA"
6862,"temperate.deciduous.HPDA"
6863,"temperate.deciduous.HPDA"
6864,"temperate.deciduous.HPDA"
6865,"semiarid.grassland_HPDA"
6866,"boreal.coniferous"
6867,"temperate.deciduous.HPDA"
6868,"boreal.coniferous"
6869,"temperate.deciduous.HPDA"
6870,"temperate.deciduous.HPDA"
6871,"temperate.deciduous.HPDA"
6872,"semiarid.grassland_HPDA"
6873,"boreal.coniferous"
6874,"semiarid.grassland_HPDA"
6875,"temperate.deciduous.HPDA"
6876,"temperate.deciduous.HPDA"
6877,"semiarid.grassland_HPDA"
6878,"semiarid.grassland_HPDA"
6879,"semiarid.grassland_HPDA"
6880,"semiarid.grassland_HPDA"
6881,"boreal.coniferous"
6882,"boreal.coniferous"
6883,"temperate.deciduous.HPDA"
6884,"boreal.coniferous"
6885,"semiarid.grassland_HPDA"
6886,"boreal.coniferous"
6887,"boreal.coniferous"
6888,"temperate.deciduous.HPDA"
6889,"boreal.coniferous"
6890,"temperate.deciduous.HPDA"
6891,"boreal.coniferous"
6892,"temperate.deciduous.HPDA"
6893,"temperate.deciduous.HPDA"
6894,"boreal.coniferous"
6895,"semiarid.grassland_HPDA"
6896,"temperate.deciduous.HPDA"
6897,"temperate.deciduous.HPDA"
6898,"semiarid.grassland_HPDA"
6899,"temperate.deciduous.HPDA"
6900,"boreal.coniferous"
6901,"semiarid.grassland_HPDA"
6902,"semiarid.grassland_HPDA"
6903,"boreal.coniferous"
6904,"temperate.deciduous.HPDA"
6905,"semiarid.grassland_HPDA"
6906,"temperate.deciduous.HPDA"
6907,"temperate.deciduous.HPDA"
6908,"boreal.coniferous"
6909,"temperate.deciduous.HPDA"
6910,"temperate.deciduous.HPDA"
6911,"temperate.deciduous.HPDA"
6912,"boreal.coniferous"
6913,"temperate.deciduous.HPDA"
6914,"boreal.coniferous"
6915,"temperate.deciduous.HPDA"
6916,"temperate.deciduous.HPDA"
6917,"temperate.deciduous.HPDA"
6918,"semiarid.grassland_HPDA"
6919,"temperate.deciduous.HPDA"
6920,"semiarid.grassland_HPDA"
6921,"temperate.deciduous.HPDA"
6922,"boreal.coniferous"
6923,"temperate.deciduous.HPDA"
6924,"boreal.coniferous"
6925,"temperate.deciduous.HPDA"
6926,"boreal.coniferous"
6927,"temperate.deciduous.HPDA"
6928,"boreal.coniferous"
6929,"boreal.coniferous"
6930,"semiarid.grassland_HPDA"
6931,"temperate.deciduous.HPDA"
6932,"temperate.deciduous.HPDA"
6933,"semiarid.grassland_HPDA"
6934,"temperate.deciduous.HPDA"
6935,"temperate.deciduous.HPDA"
6936,"boreal.coniferous"
6937,"boreal.coniferous"
6938,"boreal.coniferous"
6939,"boreal.coniferous"
6940,"temperate.deciduous.HPDA"
6941,"boreal.coniferous"
6942,"boreal.coniferous"
6943,"semiarid.grassland_HPDA"
6944,"temperate.deciduous.HPDA"
6945,"boreal.coniferous"
6946,"temperate.deciduous.HPDA"
6947,"semiarid.grassland_HPDA"
6948,"boreal.coniferous"
6949,"boreal.coniferous"
6950,"temperate.deciduous.HPDA"
6951,"boreal.coniferous"
6952,"semiarid.grassland_HPDA"
6953,"semiarid.grassland_HPDA"
6954,"boreal.coniferous"
6955,"temperate.deciduous.HPDA"
6956,"boreal.coniferous"
6957,"temperate.deciduous.HPDA"
6958,"boreal.coniferous"
6959,"boreal.coniferous"
6960,"temperate.deciduous.HPDA"
6961,"boreal.coniferous"
6962,"boreal.coniferous"
6963,"boreal.coniferous"
6964,"boreal.coniferous"
6965,"boreal.coniferous"
6966,"boreal.coniferous"
6967,"boreal.coniferous"
6968,"boreal.coniferous"
6969,"boreal.coniferous"
6970,"boreal.coniferous"
6971,"temperate.deciduous.HPDA"
6972,"boreal.coniferous"
6973,"boreal.coniferous"
6974,"boreal.coniferous"
6975,"boreal.coniferous"
6976,"boreal.coniferous"
6977,"boreal.coniferous"
6978,"boreal.coniferous"
6979,"boreal.coniferous"
6980,"semiarid.grassland_HPDA"
6981,"boreal.coniferous"
6982,"temperate.deciduous.HPDA"
6983,"boreal.coniferous"
6984,"semiarid.grassland_HPDA"
6985,"temperate.deciduous.HPDA"
6986,"boreal.coniferous"
6987,"semiarid.grassland_HPDA"
6988,"boreal.coniferous"
6989,"semiarid.grassland_HPDA"
6990,"boreal.coniferous"
6991,"semiarid.grassland_HPDA"
6992,"boreal.coniferous"
6993,"temperate.deciduous.HPDA"
6994,"temperate.deciduous.HPDA"
6995,"semiarid.grassland_HPDA"
6996,"boreal.coniferous"
6997,"boreal.coniferous"
6998,"semiarid.grassland_HPDA"
6999,"temperate.deciduous.HPDA"
7000,"semiarid.grassland_HPDA"
7001,"semiarid.grassland_HPDA"
7002,"temperate.deciduous.HPDA"
7003,"boreal.coniferous"
7004,"boreal.coniferous"
7005,"semiarid.grassland_HPDA"
7006,"boreal.coniferous"
7007,"boreal.coniferous"
7008,"boreal.coniferous"
7009,"semiarid.grassland_HPDA"
7010,"boreal.coniferous"
7011,"boreal.coniferous"
7012,"temperate.deciduous.HPDA"
7013,"semiarid.grassland_HPDA"
7014,"semiarid.grassland_HPDA"
7015,"boreal.coniferous"
7016,"temperate.deciduous.HPDA"
7017,"boreal.coniferous"
7018,"semiarid.grassland_HPDA"
7019,"temperate.deciduous.HPDA"
7020,"temperate.deciduous.HPDA"
7021,"semiarid.grassland_HPDA"
7022,"semiarid.grassland_HPDA"
7023,"boreal.coniferous"
7024,"boreal.coniferous"
7025,"boreal.coniferous"
7026,"boreal.coniferous"
7027,"semiarid.grassland_HPDA"
7028,"temperate.deciduous.HPDA"
7029,"boreal.coniferous"
7030,"boreal.coniferous"
7031,"boreal.coniferous"
7032,"boreal.coniferous"
7033,"boreal.coniferous"
7034,"boreal.coniferous"
7035,"boreal.coniferous"
7036,"boreal.coniferous"
7037,"boreal.coniferous"
7038,"boreal.coniferous"
7039,"boreal.coniferous"
7040,"semiarid.grassland_HPDA"
7041,"boreal.coniferous"
7042,"boreal.coniferous"
7043,"semiarid.grassland_HPDA"
7044,"boreal.coniferous"
7045,"temperate.deciduous.HPDA"
7046,"boreal.coniferous"
7047,"boreal.coniferous"
7048,"semiarid.grassland_HPDA"
7049,"boreal.coniferous"
7050,"boreal.coniferous"
7051,"boreal.coniferous"
7052,"boreal.coniferous"
7053,"boreal.coniferous"
7054,"boreal.coniferous"
7055,"boreal.coniferous"
7056,"semiarid.grassland_HPDA"
7057,"boreal.coniferous"
7058,"boreal.coniferous"
7059,"boreal.coniferous"
7060,"boreal.coniferous"
7061,"boreal.coniferous"
7062,"semiarid.grassland_HPDA"
7063,"temperate.deciduous.HPDA"
7064,"temperate.deciduous.HPDA"
7065,"boreal.coniferous"
7066,"temperate.deciduous.HPDA"
7067,"boreal.coniferous"
7068,"semiarid.grassland_HPDA"
7069,"boreal.coniferous"
7070,"semiarid.grassland_HPDA"
7071,"semiarid.grassland_HPDA"
7072,"semiarid.grassland_HPDA"
7073,"boreal.coniferous"
7074,"temperate.deciduous.HPDA"
7075,"boreal.coniferous"
7076,"boreal.coniferous"
7077,"boreal.coniferous"
7078,"semiarid.grassland_HPDA"
7079,"boreal.coniferous"
7080,"temperate.deciduous.HPDA"
7081,"boreal.coniferous"
7082,"semiarid.grassland_HPDA"
7083,"boreal.coniferous"
7084,"boreal.coniferous"
7085,"boreal.coniferous"
7086,"boreal.coniferous"
7087,"temperate.deciduous.HPDA"
7088,"temperate.deciduous.HPDA"
7089,"semiarid.grassland_HPDA"
7090,"boreal.coniferous"
7091,"boreal.coniferous"
7092,"boreal.coniferous"
7093,"boreal.coniferous"
7094,"semiarid.grassland_HPDA"
7095,"boreal.coniferous"
7096,"boreal.coniferous"
7097,"semiarid.grassland_HPDA"
7098,"boreal.coniferous"
7099,"boreal.coniferous"
7100,"boreal.coniferous"
7101,"semiarid.grassland_HPDA"
7102,"boreal.coniferous"
7103,"boreal.coniferous"
7104,"semiarid.grassland_HPDA"
7105,"semiarid.grassland_HPDA"
7106,"semiarid.grassland_HPDA"
7107,"temperate.deciduous.HPDA"
7108,"boreal.coniferous"
7109,"semiarid.grassland_HPDA"
7110,"semiarid.grassland_HPDA"
7111,"semiarid.grassland_HPDA"
7112,"boreal.coniferous"
7113,"boreal.coniferous"
7114,"boreal.coniferous"
7115,"boreal.coniferous"
7116,"boreal.coniferous"
7117,"boreal.coniferous"
7118,"boreal.coniferous"
7119,"semiarid.grassland_HPDA"
7120,"semiarid.grassland_HPDA"
7121,"boreal.coniferous"
7122,"temperate.deciduous.HPDA"
7123,"boreal.coniferous"
7124,"boreal.coniferous"
7125,"boreal.coniferous"
7126,"boreal.coniferous"
7127,"boreal.coniferous"
7128,"temperate.deciduous.HPDA"
7129,"semiarid.grassland_HPDA"
7130,"temperate.deciduous.HPDA"
7131,"boreal.coniferous"
7132,"boreal.coniferous"
7133,"boreal.coniferous"
7134,"boreal.coniferous"
7135,"boreal.coniferous"
7136,"semiarid.grassland_HPDA"
7137,"semiarid.grassland_HPDA"
7138,"boreal.coniferous"
7139,"semiarid.grassland_HPDA"
7140,"boreal.coniferous"
7141,"semiarid.grassland_HPDA"
7142,"semiarid.grassland_HPDA"
7143,"temperate.deciduous.HPDA"
7144,"semiarid.grassland_HPDA"
7145,"semiarid.grassland_HPDA"
7146,"boreal.coniferous"
7147,"boreal.coniferous"
7148,"boreal.coniferous"
7149,"boreal.coniferous"
7150,"temperate.deciduous.HPDA"
7151,"boreal.coniferous"
7152,"semiarid.grassland_HPDA"
7153,"boreal.coniferous"
7154,"semiarid.grassland_HPDA"
7155,"boreal.coniferous"
7156,"semiarid.grassland_HPDA"
7157,"boreal.coniferous"
7158,"semiarid.grassland_HPDA"
7159,"boreal.coniferous"
7160,"boreal.coniferous"
7161,"boreal.coniferous"
7162,"semiarid.grassland_HPDA"
7163,"boreal.coniferous"
7164,"semiarid.grassland_HPDA"
7165,"temperate.deciduous.HPDA"
7166,"semiarid.grassland_HPDA"
7167,"semiarid.grassland_HPDA"
7168,"semiarid.grassland_HPDA"
7169,"boreal.coniferous"
7170,"semiarid.grassland_HPDA"
7171,"boreal.coniferous"
7172,"boreal.coniferous"
7173,"boreal.coniferous"
7174,"boreal.coniferous"
7175,"boreal.coniferous"
7176,"semiarid.grassland_HPDA"
7177,"boreal.coniferous"
7178,"semiarid.grassland_HPDA"
7179,"boreal.coniferous"
7180,"boreal.coniferous"
7181,"semiarid.grassland_HPDA"
7182,"semiarid.grassland_HPDA"
7183,"boreal.coniferous"
7184,"boreal.coniferous"
7185,"boreal.coniferous"
7186,"semiarid.grassland_HPDA"
7187,"semiarid.grassland_HPDA"
7188,"semiarid.grassland_HPDA"
7189,"boreal.coniferous"
7190,"semiarid.grassland_HPDA"
7191,"semiarid.grassland_HPDA"
7192,"boreal.coniferous"
7193,"semiarid.grassland_HPDA"
7194,"semiarid.grassland_HPDA"
7195,"boreal.coniferous"
7196,"semiarid.grassland_HPDA"
7197,"semiarid.grassland_HPDA"
7198,"semiarid.grassland_HPDA"
7199,"semiarid.grassland_HPDA"
7200,"temperate.deciduous.HPDA"
7201,"semiarid.grassland_HPDA"
7202,"semiarid.grassland_HPDA"
7203,"semiarid.grassland_HPDA"
7204,"boreal.coniferous"
7205,"semiarid.grassland_HPDA"
7206,"boreal.coniferous"
7207,"semiarid.grassland_HPDA"
7208,"boreal.coniferous"
7209,"semiarid.grassland_HPDA"
7210,"semiarid.grassland_HPDA"
7211,"boreal.coniferous"
7212,"semiarid.grassland_HPDA"
7213,"boreal.coniferous"
7214,"boreal.coniferous"
7215,"semiarid.grassland_HPDA"
7216,"semiarid.grassland_HPDA"
7217,"semiarid.grassland_HPDA"
7218,"semiarid.grassland_HPDA"
7219,"semiarid.grassland_HPDA"
7220,"boreal.coniferous"
7221,"boreal.coniferous"
7222,"boreal.coniferous"
7223,"semiarid.grassland_HPDA"
7224,"boreal.coniferous"
7225,"boreal.coniferous"
7226,"temperate.deciduous.HPDA"
7227,"temperate.deciduous.HPDA"
7228,"semiarid.grassland_HPDA"
7229,"semiarid.grassland_HPDA"
7230,"temperate.deciduous.HPDA"
7231,"boreal.coniferous"
7232,"temperate.deciduous.HPDA"
7233,"boreal.coniferous"
7234,"temperate.deciduous.HPDA"
7235,"semiarid.grassland_HPDA"
7236,"semiarid.grassland_HPDA"
7237,"semiarid.grassland_HPDA"
7238,"semiarid.grassland_HPDA"
7239,"semiarid.grassland_HPDA"
7240,"boreal.coniferous"
7241,"semiarid.grassland_HPDA"
7242,"semiarid.grassland_HPDA"
7243,"semiarid.grassland_HPDA"
7244,"boreal.coniferous"
7245,"boreal.coniferous"
7246,"semiarid.grassland_HPDA"
7247,"boreal.coniferous"
7248,"semiarid.grassland_HPDA"
7249,"temperate.deciduous.HPDA"
7250,"semiarid.grassland_HPDA"
7251,"temperate.deciduous.HPDA"
7252,"semiarid.grassland_HPDA"
7253,"semiarid.grassland_HPDA"
7254,"semiarid.grassland_HPDA"
7255,"boreal.coniferous"
7256,"boreal.coniferous"
7257,"boreal.coniferous"
7258,"semiarid.grassland_HPDA"
7259,"semiarid.grassland_HPDA"
7260,"temperate.deciduous.HPDA"
7261,"boreal.coniferous"
7262,"semiarid.grassland_HPDA"
7263,"semiarid.grassland_HPDA"
7264,"boreal.coniferous"
7265,"semiarid.grassland_HPDA"
7266,"semiarid.grassland_HPDA"
7267,"boreal.coniferous"
7268,"semiarid.grassland_HPDA"
7269,"semiarid.grassland_HPDA"
7270,"temperate.deciduous.HPDA"
7271,"semiarid.grassland_HPDA"
7272,"boreal.coniferous"
7273,"boreal.coniferous"
7274,"boreal.coniferous"
7275,"boreal.coniferous"
7276,"boreal.coniferous"
7277,"semiarid.grassland_HPDA"
7278,"boreal.coniferous"
7279,"semiarid.grassland_HPDA"
7280,"boreal.coniferous"
7281,"semiarid.grassland_HPDA"
7282,"semiarid.grassland_HPDA"
7283,"semiarid.grassland_HPDA"
7284,"semiarid.grassland_HPDA"
7285,"semiarid.grassland_HPDA"
7286,"semiarid.grassland_HPDA"
7287,"semiarid.grassland_HPDA"
7288,"temperate.deciduous.HPDA"
7289,"semiarid.grassland_HPDA"
7290,"semiarid.grassland_HPDA"
7291,"boreal.coniferous"
7292,"semiarid.grassland_HPDA"
7293,"semiarid.grassland_HPDA"
7294,"boreal.coniferous"
7295,"boreal.coniferous"
7296,"semiarid.grassland_HPDA"
7297,"semiarid.grassland_HPDA"
7298,"temperate.deciduous.HPDA"
7299,"semiarid.grassland_HPDA"
7300,"boreal.coniferous"
7301,"semiarid.grassland_HPDA"
7302,"semiarid.grassland_HPDA"
7303,"boreal.coniferous"
7304,"boreal.coniferous"
7305,"semiarid.grassland_HPDA"
7306,"boreal.coniferous"
7307,"semiarid.grassland_HPDA"
7308,"boreal.coniferous"
7309,"semiarid.grassland_HPDA"
7310,"semiarid.grassland_HPDA"
7311,"semiarid.grassland_HPDA"
7312,"semiarid.grassland_HPDA"
7313,"boreal.coniferous"
7314,"semiarid.grassland_HPDA"
7315,"semiarid.grassland_HPDA"
7316,"temperate.deciduous.HPDA"
7317,"boreal.coniferous"
7318,"boreal.coniferous"
7319,"boreal.coniferous"
7320,"temperate.deciduous.HPDA"
7321,"boreal.coniferous"
7322,"boreal.coniferous"
7323,"semiarid.grassland_HPDA"
7324,"boreal.coniferous"
7325,"semiarid.grassland_HPDA"
7326,"boreal.coniferous"
7327,"boreal.coniferous"
7328,"boreal.coniferous"
7329,"semiarid.grassland_HPDA"
7330,"semiarid.grassland_HPDA"
7331,"semiarid.grassland_HPDA"
7332,"semiarid.grassland_HPDA"
7333,"boreal.coniferous"
7334,"semiarid.grassland_HPDA"
7335,"semiarid.grassland_HPDA"
7336,"semiarid.grassland_HPDA"
7337,"semiarid.grassland_HPDA"
7338,"temperate.deciduous.HPDA"
7339,"boreal.coniferous"
7340,"semiarid.grassland_HPDA"
7341,"semiarid.grassland_HPDA"
7342,"semiarid.grassland_HPDA"
7343,"temperate.deciduous.HPDA"
7344,"semiarid.grassland_HPDA"
7345,"semiarid.grassland_HPDA"
7346,"semiarid.grassland_HPDA"
7347,"temperate.deciduous.HPDA"
7348,"semiarid.grassland_HPDA"
7349,"semiarid.grassland_HPDA"
7350,"semiarid.grassland_HPDA"
7351,"boreal.coniferous"
7352,"semiarid.grassland_HPDA"
7353,"boreal.coniferous"
7354,"semiarid.grassland_HPDA"
7355,"semiarid.grassland_HPDA"
7356,"temperate.deciduous.HPDA"
7357,"semiarid.grassland_HPDA"
7358,"semiarid.grassland_HPDA"
7359,"semiarid.grassland_HPDA"
7360,"semiarid.grassland_HPDA"
7361,"boreal.coniferous"
7362,"temperate.deciduous.HPDA"
7363,"semiarid.grassland_HPDA"
7364,"semiarid.grassland_HPDA"
7365,"semiarid.grassland_HPDA"
7366,"boreal.coniferous"
7367,"semiarid.grassland_HPDA"
7368,"semiarid.grassland_HPDA"
7369,"semiarid.grassland_HPDA"
7370,"semiarid.grassland_HPDA"
7371,"boreal.coniferous"
7372,"temperate.deciduous.HPDA"
7373,"semiarid.grassland_HPDA"
7374,"boreal.coniferous"
7375,"semiarid.grassland_HPDA"
7376,"semiarid.grassland_HPDA"
7377,"semiarid.grassland_HPDA"
7378,"semiarid.grassland_HPDA"
7379,"semiarid.grassland_HPDA"
7380,"semiarid.grassland_HPDA"
7381,"boreal.coniferous"
7382,"boreal.coniferous"
7383,"semiarid.grassland_HPDA"
7384,"semiarid.grassland_HPDA"
7385,"semiarid.grassland_HPDA"
7386,"semiarid.grassland_HPDA"
7387,"semiarid.grassland_HPDA"
7388,"semiarid.grassland_HPDA"
7389,"semiarid.grassland_HPDA"
7390,"semiarid.grassland_HPDA"
7391,"semiarid.grassland_HPDA"
7392,"semiarid.grassland_HPDA"
7393,"semiarid.grassland_HPDA"
7394,"boreal.coniferous"
7395,"semiarid.grassland_HPDA"
7396,"boreal.coniferous"
7397,"semiarid.grassland_HPDA"
7398,"boreal.coniferous"
7399,"semiarid.grassland_HPDA"
7400,"semiarid.grassland_HPDA"
7401,"boreal.coniferous"
7402,"semiarid.grassland_HPDA"
7403,"semiarid.grassland_HPDA"
7404,"semiarid.grassland_HPDA"
7405,"boreal.coniferous"
7406,"semiarid.grassland_HPDA"
7407,"boreal.coniferous"
7408,"semiarid.grassland_HPDA"
7409,"semiarid.grassland_HPDA"
7410,"boreal.coniferous"
7411,"semiarid.grassland_HPDA"
7412,"semiarid.grassland_HPDA"
7413,"semiarid.grassland_HPDA"
7414,"semiarid.grassland_HPDA"
7415,"semiarid.grassland_HPDA"
7416,"semiarid.grassland_HPDA"
7417,"boreal.coniferous"
7418,"semiarid.grassland_HPDA"
7419,"semiarid.grassland_HPDA"
7420,"semiarid.grassland_HPDA"
7421,"semiarid.grassland_HPDA"
7422,"semiarid.grassland_HPDA"
7423,"semiarid.grassland_HPDA"
7424,"semiarid.grassland_HPDA"
7425,"semiarid.grassland_HPDA"
7426,"semiarid.grassland_HPDA"
7427,"boreal.coniferous"
7428,"semiarid.grassland_HPDA"
7429,"temperate.deciduous.HPDA"
7430,"semiarid.grassland_HPDA"
7431,"boreal.coniferous"
7432,"semiarid.grassland_HPDA"
7433,"semiarid.grassland_HPDA"
7434,"boreal.coniferous"
7435,"semiarid.grassland_HPDA"
7436,"boreal.coniferous"
7437,"boreal.coniferous"
7438,"semiarid.grassland_HPDA"
7439,"boreal.coniferous"
7440,"semiarid.grassland_HPDA"
7441,"semiarid.grassland_HPDA"
7442,"semiarid.grassland_HPDA"
7443,"temperate.deciduous.HPDA"
7444,"semiarid.grassland_HPDA"
7445,"semiarid.grassland_HPDA"
7446,"semiarid.grassland_HPDA"
7447,"semiarid.grassland_HPDA"
7448,"semiarid.grassland_HPDA"
7449,"semiarid.grassland_HPDA"
7450,"semiarid.grassland_HPDA"
7451,"semiarid.grassland_HPDA"
7452,"temperate.deciduous.HPDA"
7453,"semiarid.grassland_HPDA"
7454,"semiarid.grassland_HPDA"
7455,"semiarid.grassland_HPDA"
7456,"semiarid.grassland_HPDA"
7457,"semiarid.grassland_HPDA"
7458,"semiarid.grassland_HPDA"
7459,"semiarid.grassland_HPDA"
7460,"semiarid.grassland_HPDA"
7461,"semiarid.grassland_HPDA"
7462,"semiarid.grassland_HPDA"
7463,"semiarid.grassland_HPDA"
7464,"boreal.coniferous"
7465,"temperate.deciduous.HPDA"
7466,"temperate.deciduous.HPDA"
7467,"semiarid.grassland_HPDA"
7468,"boreal.coniferous"
7469,"semiarid.grassland_HPDA"
7470,"semiarid.grassland_HPDA"
7471,"semiarid.grassland_HPDA"
7472,"semiarid.grassland_HPDA"
7473,"boreal.coniferous"
7474,"semiarid.grassland_HPDA"
7475,"boreal.coniferous"
7476,"temperate.deciduous.HPDA"
7477,"boreal.coniferous"
7478,"semiarid.grassland_HPDA"
7479,"semiarid.grassland_HPDA"
7480,"semiarid.grassland_HPDA"
7481,"temperate.deciduous.HPDA"
7482,"semiarid.grassland_HPDA"
7483,"temperate.deciduous.HPDA"
7484,"semiarid.grassland_HPDA"
7485,"semiarid.grassland_HPDA"
7486,"temperate.deciduous.HPDA"
7487,"semiarid.grassland_HPDA"
7488,"temperate.deciduous.HPDA"
7489,"semiarid.grassland_HPDA"
7490,"semiarid.grassland_HPDA"
7491,"temperate.deciduous.HPDA"
7492,"semiarid.grassland_HPDA"
7493,"semiarid.grassland_HPDA"
7494,"temperate.deciduous.HPDA"
7495,"boreal.coniferous"
7496,"temperate.deciduous.HPDA"
7497,"semiarid.grassland_HPDA"
7498,"semiarid.grassland_HPDA"
7499,"semiarid.grassland_HPDA"
7500,"boreal.coniferous"
7501,"temperate.deciduous.HPDA"
7502,"semiarid.grassland_HPDA"
7503,"boreal.coniferous"
7504,"temperate.deciduous.HPDA"
7505,"temperate.deciduous.HPDA"
7506,"temperate.deciduous.HPDA"
7507,"semiarid.grassland_HPDA"
7508,"temperate.deciduous.HPDA"
7509,"semiarid.grassland_HPDA"
7510,"boreal.coniferous"
7511,"semiarid.grassland_HPDA"
7512,"boreal.coniferous"
7513,"semiarid.grassland_HPDA"
7514,"temperate.deciduous.HPDA"
7515,"boreal.coniferous"
7516,"temperate.deciduous.HPDA"
7517,"semiarid.grassland_HPDA"
7518,"temperate.deciduous.HPDA"
7519,"temperate.deciduous.HPDA"
7520,"temperate.deciduous.HPDA"
7521,"semiarid.grassland_HPDA"
7522,"temperate.deciduous.HPDA"
7523,"temperate.deciduous.HPDA"
7524,"boreal.coniferous"
7525,"temperate.deciduous.HPDA"
7526,"temperate.deciduous.HPDA"
7527,"temperate.deciduous.HPDA"
7528,"semiarid.grassland_HPDA"
7529,"temperate.deciduous.HPDA"
7530,"semiarid.grassland_HPDA"
7531,"semiarid.grassland_HPDA"
7532,"temperate.deciduous.HPDA"
7533,"semiarid.grassland_HPDA"
7534,"temperate.deciduous.HPDA"
7535,"semiarid.grassland_HPDA"
7536,"temperate.deciduous.HPDA"
7537,"semiarid.grassland_HPDA"
7538,"semiarid.grassland_HPDA"
7539,"semiarid.grassland_HPDA"
7540,"semiarid.grassland_HPDA"
7541,"temperate.deciduous.HPDA"
7542,"semiarid.grassland_HPDA"
7543,"semiarid.grassland_HPDA"
7544,"semiarid.grassland_HPDA"
7545,"semiarid.grassland_HPDA"
7546,"semiarid.grassland_HPDA"
7547,"boreal.coniferous"
7548,"semiarid.grassland_HPDA"
7549,"temperate.deciduous.HPDA"
7550,"temperate.deciduous.HPDA"
7551,"semiarid.grassland_HPDA"
7552,"temperate.deciduous.HPDA"
7553,"semiarid.grassland_HPDA"
7554,"temperate.deciduous.HPDA"
7555,"semiarid.grassland_HPDA"
7556,"semiarid.grassland_HPDA"
7557,"boreal.coniferous"
7558,"boreal.coniferous"
7559,"temperate.deciduous.HPDA"
7560,"semiarid.grassland_HPDA"
7561,"semiarid.grassland_HPDA"
7562,"semiarid.grassland_HPDA"
7563,"boreal.coniferous"
7564,"boreal.coniferous"
7565,"semiarid.grassland_HPDA"
7566,"temperate.deciduous.HPDA"
7567,"semiarid.grassland_HPDA"
7568,"boreal.coniferous"
7569,"boreal.coniferous"
7570,"boreal.coniferous"
7571,"boreal.coniferous"
7572,"boreal.coniferous"
7573,"semiarid.grassland_HPDA"
7574,"semiarid.grassland_HPDA"
7575,"semiarid.grassland_HPDA"
7576,"semiarid.grassland_HPDA"
7577,"semiarid.grassland_HPDA"
7578,"boreal.coniferous"
7579,"temperate.deciduous.HPDA"
7580,"semiarid.grassland_HPDA"
7581,"temperate.deciduous.HPDA"
7582,"temperate.deciduous.HPDA"
7583,"temperate.deciduous.HPDA"
7584,"boreal.coniferous"
7585,"semiarid.grassland_HPDA"
7586,"boreal.coniferous"
7587,"temperate.deciduous.HPDA"
7588,"boreal.coniferous"
7589,"semiarid.grassland_HPDA"
7590,"semiarid.grassland_HPDA"
7591,"semiarid.grassland_HPDA"
7592,"boreal.coniferous"
7593,"semiarid.grassland_HPDA"
7594,"semiarid.grassland_HPDA"
7595,"semiarid.grassland_HPDA"
7596,"temperate.deciduous.HPDA"
7597,"semiarid.grassland_HPDA"
7598,"boreal.coniferous"
7599,"semiarid.grassland_HPDA"
7600,"semiarid.grassland_HPDA"
7601,"semiarid.grassland_HPDA"
7602,"temperate.deciduous.HPDA"
7603,"semiarid.grassland_HPDA"
7604,"temperate.deciduous.HPDA"
7605,"temperate.deciduous.HPDA"
7606,"semiarid.grassland_HPDA"
7607,"semiarid.grassland_HPDA"
7608,"temperate.deciduous.HPDA"
7609,"boreal.coniferous"
7610,"boreal.coniferous"
7611,"boreal.coniferous"
7612,"semiarid.grassland_HPDA"
7613,"semiarid.grassland_HPDA"
7614,"temperate.deciduous.HPDA"
7615,"temperate.deciduous.HPDA"
7616,"semiarid.grassland_HPDA"
7617,"semiarid.grassland_HPDA"
7618,"semiarid.grassland_HPDA"
7619,"temperate.deciduous.HPDA"
7620,"temperate.deciduous.HPDA"
7621,"semiarid.grassland_HPDA"
7622,"boreal.coniferous"
7623,"boreal.coniferous"
7624,"semiarid.grassland_HPDA"
7625,"boreal.coniferous"
7626,"temperate.deciduous.HPDA"
7627,"boreal.coniferous"
7628,"semiarid.grassland_HPDA"
7629,"boreal.coniferous"
7630,"semiarid.grassland_HPDA"
7631,"semiarid.grassland_HPDA"
7632,"temperate.deciduous.HPDA"
7633,"semiarid.grassland_HPDA"
7634,"boreal.coniferous"
7635,"semiarid.grassland_HPDA"
7636,"temperate.deciduous.HPDA"
7637,"temperate.deciduous.HPDA"
7638,"boreal.coniferous"
7639,"semiarid.grassland_HPDA"
7640,"semiarid.grassland_HPDA"
7641,"temperate.deciduous.HPDA"
7642,"semiarid.grassland_HPDA"
7643,"boreal.coniferous"
7644,"temperate.deciduous.HPDA"
7645,"boreal.coniferous"
7646,"semiarid.grassland_HPDA"
7647,"temperate.deciduous.HPDA"
7648,"semiarid.grassland_HPDA"
7649,"temperate.deciduous.HPDA"
7650,"boreal.coniferous"
7651,"semiarid.grassland_HPDA"
7652,"boreal.coniferous"
7653,"temperate.deciduous.HPDA"
7654,"boreal.coniferous"
7655,"boreal.coniferous"
7656,"semiarid.grassland_HPDA"
7657,"boreal.coniferous"
7658,"semiarid.grassland_HPDA"
7659,"semiarid.grassland_HPDA"
7660,"semiarid.grassland_HPDA"
7661,"temperate.deciduous.HPDA"
7662,"boreal.coniferous"
7663,"semiarid.grassland_HPDA"
7664,"boreal.coniferous"
7665,"semiarid.grassland_HPDA"
7666,"semiarid.grassland_HPDA"
7667,"boreal.coniferous"
7668,"temperate.deciduous.HPDA"
7669,"semiarid.grassland_HPDA"
7670,"boreal.coniferous"
7671,"boreal.coniferous"
7672,"boreal.coniferous"
7673,"boreal.coniferous"
7674,"boreal.coniferous"
7675,"boreal.coniferous"
7676,"boreal.coniferous"
7677,"boreal.coniferous"
7678,"temperate.deciduous.HPDA"
7679,"boreal.coniferous"
7680,"boreal.coniferous"
7681,"temperate.deciduous.HPDA"
7682,"boreal.coniferous"
7683,"boreal.coniferous"
7684,"boreal.coniferous"
7685,"boreal.coniferous"
7686,"temperate.deciduous.HPDA"
7687,"boreal.coniferous"
7688,"semiarid.grassland_HPDA"
7689,"boreal.coniferous"
7690,"semiarid.grassland_HPDA"
7691,"boreal.coniferous"
7692,"boreal.coniferous"
7693,"boreal.coniferous"
7694,"boreal.coniferous"
7695,"boreal.coniferous"
7696,"temperate.deciduous.HPDA"
7697,"boreal.coniferous"
7698,"boreal.coniferous"
7699,"boreal.coniferous"
7700,"boreal.coniferous"
7701,"boreal.coniferous"
7702,"boreal.coniferous"
7703,"semiarid.grassland_HPDA"
7704,"semiarid.grassland_HPDA"
7705,"boreal.coniferous"
7706,"boreal.coniferous"
7707,"boreal.coniferous"
7708,"boreal.coniferous"
7709,"boreal.coniferous"
7710,"temperate.deciduous.HPDA"
7711,"boreal.coniferous"
7712,"semiarid.grassland_HPDA"
7713,"semiarid.grassland_HPDA"
7714,"boreal.coniferous"
7715,"temperate.deciduous.HPDA"
7716,"boreal.coniferous"
7717,"boreal.coniferous"
7718,"boreal.coniferous"
7719,"boreal.coniferous"
7720,"boreal.coniferous"
7721,"temperate.deciduous.HPDA"
7722,"boreal.coniferous"
7723,"boreal.coniferous"
7724,"temperate.deciduous.HPDA"
7725,"boreal.coniferous"
7726,"temperate.deciduous.HPDA"
7727,"temperate.deciduous.HPDA"
7728,"boreal.coniferous"
7729,"boreal.coniferous"
7730,"boreal.coniferous"
7731,"semiarid.grassland_HPDA"
7732,"semiarid.grassland_HPDA"
7733,"boreal.coniferous"
7734,"semiarid.grassland_HPDA"
7735,"temperate.deciduous.HPDA"
7736,"boreal.coniferous"
7737,"semiarid.grassland_HPDA"
7738,"temperate.deciduous.HPDA"
7739,"semiarid.grassland_HPDA"
7740,"boreal.coniferous"
7741,"semiarid.grassland_HPDA"
7742,"semiarid.grassland_HPDA"
7743,"temperate.deciduous.HPDA"
7744,"boreal.coniferous"
7745,"boreal.coniferous"
7746,"boreal.coniferous"
7747,"boreal.coniferous"
7748,"boreal.coniferous"
7749,"temperate.deciduous.HPDA"
7750,"boreal.coniferous"
7751,"semiarid.grassland_HPDA"
7752,"semiarid.grassland_HPDA"
7753,"temperate.deciduous.HPDA"
7754,"boreal.coniferous"
7755,"boreal.coniferous"
7756,"semiarid.grassland_HPDA"
7757,"semiarid.grassland_HPDA"
7758,"semiarid.grassland_HPDA"
7759,"boreal.coniferous"
7760,"temperate.deciduous.HPDA"
7761,"boreal.coniferous"
7762,"temperate.deciduous.HPDA"
7763,"semiarid.grassland_HPDA"
7764,"boreal.coniferous"
7765,"boreal.coniferous"
7766,"boreal.coniferous"
7767,"temperate.deciduous.HPDA"
7768,"boreal.coniferous"
7769,"temperate.deciduous.HPDA"
7770,"boreal.coniferous"
7771,"boreal.coniferous"
7772,"semiarid.grassland_HPDA"
7773,"temperate.deciduous.HPDA"
7774,"temperate.deciduous.HPDA"
7775,"temperate.deciduous.HPDA"
7776,"temperate.deciduous.HPDA"
7777,"boreal.coniferous"
7778,"boreal.coniferous"
7779,"temperate.deciduous.HPDA"
7780,"semiarid.grassland_HPDA"
7781,"temperate.deciduous.HPDA"
7782,"semiarid.grassland_HPDA"
7783,"semiarid.grassland_HPDA"
7784,"semiarid.grassland_HPDA"
7785,"semiarid.grassland_HPDA"
7786,"semiarid.grassland_HPDA"
7787,"semiarid.grassland_HPDA"
7788,"boreal.coniferous"
7789,"temperate.deciduous.HPDA"
7790,"boreal.coniferous"
7791,"temperate.deciduous.HPDA"
7792,"boreal.coniferous"
7793,"boreal.coniferous"
7794,"semiarid.grassland_HPDA"
7795,"boreal.coniferous"
7796,"semiarid.grassland_HPDA"
7797,"temperate.deciduous.HPDA"
7798,"semiarid.grassland_HPDA"
7799,"semiarid.grassland_HPDA"
7800,"boreal.coniferous"
7801,"boreal.coniferous"
7802,"semiarid.grassland_HPDA"
7803,"boreal.coniferous"
7804,"boreal.coniferous"
7805,"boreal.coniferous"
7806,"boreal.coniferous"
7807,"boreal.coniferous"
7808,"boreal.coniferous"
7809,"semiarid.grassland_HPDA"
7810,"temperate.deciduous.HPDA"
7811,"boreal.coniferous"
7812,"boreal.coniferous"
7813,"temperate.deciduous.HPDA"
7814,"boreal.coniferous"
7815,"boreal.coniferous"
7816,"boreal.coniferous"
7817,"temperate.deciduous.HPDA"
7818,"boreal.coniferous"
7819,"temperate.deciduous.HPDA"
7820,"boreal.coniferous"
7821,"boreal.coniferous"
7822,"boreal.coniferous"
7823,"boreal.coniferous"
7824,"temperate.deciduous.HPDA"
7825,"boreal.coniferous"
7826,"temperate.deciduous.HPDA"
7827,"boreal.coniferous"
7828,"boreal.coniferous"
7829,"boreal.coniferous"
7830,"boreal.coniferous"
7831,"boreal.coniferous"
7832,"boreal.coniferous"
7833,"semiarid.grassland_HPDA"
7834,"boreal.coniferous"
7835,"semiarid.grassland_HPDA"
7836,"semiarid.grassland_HPDA"
7837,"semiarid.grassland_HPDA"
7838,"boreal.coniferous"
7839,"semiarid.grassland_HPDA"
7840,"boreal.coniferous"
7841,"temperate.deciduous.HPDA"
7842,"boreal.coniferous"
7843,"boreal.coniferous"
7844,"boreal.coniferous"
7845,"boreal.coniferous"
7846,"boreal.coniferous"
7847,"temperate.deciduous.HPDA"
7848,"semiarid.grassland_HPDA"
7849,"semiarid.grassland_HPDA"
7850,"boreal.coniferous"
7851,"boreal.coniferous"
7852,"semiarid.grassland_HPDA"
7853,"boreal.coniferous"
7854,"boreal.coniferous"
7855,"boreal.coniferous"
7856,"temperate.deciduous.HPDA"
7857,"boreal.coniferous"
7858,"boreal.coniferous"
7859,"semiarid.grassland_HPDA"
7860,"semiarid.grassland_HPDA"
7861,"boreal.coniferous"
7862,"semiarid.grassland_HPDA"
7863,"boreal.coniferous"
7864,"semiarid.grassland_HPDA"
7865,"semiarid.grassland_HPDA"
7866,"semiarid.grassland_HPDA"
7867,"boreal.coniferous"
7868,"boreal.coniferous"
7869,"semiarid.grassland_HPDA"
7870,"semiarid.grassland_HPDA"
7871,"boreal.coniferous"
7872,"semiarid.grassland_HPDA"
7873,"boreal.coniferous"
7874,"boreal.coniferous"
7875,"boreal.coniferous"
7876,"semiarid.grassland_HPDA"
7877,"semiarid.grassland_HPDA"
7878,"semiarid.grassland_HPDA"
7879,"semiarid.grassland_HPDA"
7880,"boreal.coniferous"
7881,"semiarid.grassland_HPDA"
7882,"boreal.coniferous"
7883,"boreal.coniferous"
7884,"temperate.deciduous.HPDA"
7885,"semiarid.grassland_HPDA"
7886,"semiarid.grassland_HPDA"
7887,"semiarid.grassland_HPDA"
7888,"semiarid.grassland_HPDA"
7889,"semiarid.grassland_HPDA"
7890,"boreal.coniferous"
7891,"semiarid.grassland_HPDA"
7892,"boreal.coniferous"
7893,"semiarid.grassland_HPDA"
7894,"boreal.coniferous"
7895,"semiarid.grassland_HPDA"
7896,"semiarid.grassland_HPDA"
7897,"semiarid.grassland_HPDA"
7898,"semiarid.grassland_HPDA"
7899,"semiarid.grassland_HPDA"
7900,"semiarid.grassland_HPDA"
7901,"semiarid.grassland_HPDA"
7902,"semiarid.grassland_HPDA"
7903,"boreal.coniferous"
7904,"semiarid.grassland_HPDA"
7905,"boreal.coniferous"
7906,"semiarid.grassland_HPDA"
7907,"boreal.coniferous"
7908,"semiarid.grassland_HPDA"
7909,"boreal.coniferous"
7910,"semiarid.grassland_HPDA"
7911,"boreal.coniferous"
7912,"boreal.coniferous"
7913,"boreal.coniferous"
7914,"semiarid.grassland_HPDA"
7915,"semiarid.grassland_HPDA"
7916,"boreal.coniferous"
7917,"boreal.coniferous"
7918,"boreal.coniferous"
7919,"boreal.coniferous"
7920,"boreal.coniferous"
7921,"boreal.coniferous"
7922,"boreal.coniferous"
7923,"boreal.coniferous"
7924,"boreal.coniferous"
7925,"boreal.coniferous"
7926,"boreal.coniferous"
7927,"boreal.coniferous"
7928,"boreal.coniferous"
7929,"boreal.coniferous"
7930,"boreal.coniferous"
7931,"boreal.coniferous"
7932,"boreal.coniferous"
7933,"semiarid.grassland_HPDA"
7934,"boreal.coniferous"
7935,"boreal.coniferous"
7936,"semiarid.grassland_HPDA"
7937,"boreal.coniferous"
7938,"boreal.coniferous"
7939,"boreal.coniferous"
7940,"boreal.coniferous"
7941,"boreal.coniferous"
7942,"boreal.coniferous"
7943,"boreal.coniferous"
7944,"boreal.coniferous"
7945,"boreal.coniferous"
7946,"boreal.coniferous"
7947,"boreal.coniferous"
7948,"boreal.coniferous"
7949,"boreal.coniferous"
7950,"boreal.coniferous"
7951,"boreal.coniferous"
7952,"boreal.coniferous"
7953,"boreal.coniferous"
7954,"boreal.coniferous"
7955,"boreal.coniferous"
7956,"semiarid.grassland_HPDA"
7957,"boreal.coniferous"
7958,"boreal.coniferous"
7959,"boreal.coniferous"
7960,"boreal.coniferous"
7961,"boreal.coniferous"
7962,"boreal.coniferous"
7963,"boreal.coniferous"
7964,"boreal.coniferous"
7965,"boreal.coniferous"
7966,"boreal.coniferous"
7967,"boreal.coniferous"
7968,"boreal.coniferous"
7969,"boreal.coniferous"
7970,"boreal.coniferous"
7971,"boreal.coniferous"
7972,"boreal.coniferous"
7973,"boreal.coniferous"
7974,"boreal.coniferous"
7975,"boreal.coniferous"
7976,"boreal.coniferous"
7977,"boreal.coniferous"
7978,"boreal.coniferous"
7979,"boreal.coniferous"
7980,"boreal.coniferous"
7981,"boreal.coniferous"
7982,"boreal.coniferous"
7983,"semiarid.grassland_HPDA"
7984,"boreal.coniferous"
7985,"boreal.coniferous"
7986,"boreal.coniferous"
7987,"boreal.coniferous"
7988,"boreal.coniferous"
7989,"boreal.coniferous"
7990,"boreal.coniferous"
7991,"boreal.coniferous"
7992,"boreal.coniferous"
7993,"boreal.coniferous"
7994,"boreal.coniferous"
7995,"boreal.coniferous"
7996,"boreal.coniferous"
7997,"boreal.coniferous"
7998,"boreal.coniferous"
7999,"boreal.coniferous"
8000,"boreal.coniferous"
