site_id,lon,lat,site_name
1,-24.5625010172526,82.5458343505859,weighted_sample
2,-22.6625010172526,82.5375010172526,weighted_sample
3,-27.170834350586,82.4458343505859,weighted_sample
4,-26.2791676839193,82.4291676839193,weighted_sample
5,-80.8625010172526,82.1791676839193,weighted_sample
6,-66.8375010172526,82.0958343505859,weighted_sample
7,-52.9791676839193,81.8125010172526,weighted_sample
8,-70.1625010172526,81.6875010172526,weighted_sample
9,-58.7041676839193,81.6541676839193,weighted_sample
10,-68.6291676839193,81.5791676839193,weighted_sample
11,-69.2125010172526,81.4375010172526,weighted_sample
12,-65.4041676839193,81.4041676839193,weighted_sample
13,-87.6125010172526,81.2791676839193,weighted_sample
14,-86.1875010172526,81.2125010172526,weighted_sample
15,-89.9125010172526,81.0875010172526,weighted_sample
16,-85.8791676839193,81.0375010172526,weighted_sample
17,-79.9041676839193,81.0125010172526,weighted_sample
18,-93.2875010172526,80.9291676839193,weighted_sample
19,-92.6375010172526,80.9291676839193,weighted_sample
20,-88.2458343505859,80.9291676839193,weighted_sample
21,-86.3708343505859,80.8958343505859,weighted_sample
22,-88.3875010172526,80.8625010172526,weighted_sample
23,-85.2041676839193,80.7791676839193,weighted_sample
24,-82.2625010172526,80.7625010172526,weighted_sample
25,-94.1291676839193,80.7291676839193,weighted_sample
26,-91.8375010172526,80.6375010172526,weighted_sample
27,-78.5958343505859,80.6125010172526,weighted_sample
28,-92.5125010172526,80.5708343505859,weighted_sample
29,-85.3708343505859,80.5208343505859,weighted_sample
30,-91.3875010172526,80.445834350586,weighted_sample
31,-23.9958343505859,80.4041676839193,weighted_sample
32,-90.3708343505859,80.3458343505859,weighted_sample
33,-81.1541676839193,80.2875010172526,weighted_sample
34,-62.320834350586,80.1625010172526,weighted_sample
35,-89.4208343505859,80.0875010172526,weighted_sample
36,-88.9541676839193,80.0041676839193,weighted_sample
37,-89.5541676839193,79.8458343505859,weighted_sample
38,-83.0791676839193,79.8125010172526,weighted_sample
39,-84.5625010172526,79.7875010172526,weighted_sample
40,-89.1791676839193,79.7791676839193,weighted_sample
41,-81.6041676839193,79.5541676839193,weighted_sample
42,-88.745834350586,79.5291676839193,weighted_sample
43,-75.0208343505859,79.5208343505859,weighted_sample
44,-86.3291676839193,79.5125010172526,weighted_sample
45,-84.7041676839193,79.5125010172526,weighted_sample
46,-94.4708343505859,79.4541676839193,weighted_sample
47,-85.3708343505859,79.4291676839193,weighted_sample
48,-90.8875010172526,79.4041676839193,weighted_sample
49,-81.1125010172526,79.3875010172526,weighted_sample
50,-86.2125010172526,79.3625010172526,weighted_sample
51,-84.1458343505859,79.2791676839193,weighted_sample
52,-89.7791676839193,79.1791676839193,weighted_sample
53,-83.195834350586,79.1791676839193,weighted_sample
54,-67.0958343505859,78.9708343505859,weighted_sample
55,-82.7375010172526,78.8291676839193,weighted_sample
56,-85.4625010172526,78.7791676839193,weighted_sample
57,-100.912501017253,78.6541676839193,weighted_sample
58,-69.2791676839193,78.6291676839193,weighted_sample
59,-83.4875010172526,78.6041676839193,weighted_sample
60,-84.2791676839193,78.5541676839193,weighted_sample
61,-71.6041676839193,78.5458343505859,weighted_sample
62,-71.9708343505859,78.4791676839193,weighted_sample
63,-110.420834350586,78.4375010172526,weighted_sample
64,-85.6541676839193,78.4375010172526,weighted_sample
65,-71.4958343505859,78.4375010172526,weighted_sample
66,-69.9375010172526,78.4125010172526,weighted_sample
67,-103.045834350586,78.3958343505859,weighted_sample
68,-71.3875010172526,78.3958343505859,weighted_sample
69,-69.5291676839193,78.3958343505859,weighted_sample
70,-110.770834350586,78.3875010172526,weighted_sample
71,-83.3875010172526,78.3875010172526,weighted_sample
72,-102.987501017253,78.3791676839193,weighted_sample
73,-90.0375010172526,78.3625010172526,weighted_sample
74,-92.2958343505859,78.2875010172526,weighted_sample
75,-83.2875010172526,78.2875010172526,weighted_sample
76,-96.7125010172526,78.2791676839193,weighted_sample
77,-97.6208343505859,78.2458343505859,weighted_sample
78,-81.8625010172526,78.2458343505859,weighted_sample
79,-96.2625010172526,78.2208343505859,weighted_sample
80,-100.612501017253,78.2125010172526,weighted_sample
81,-81.9791676839193,78.1291676839193,weighted_sample
82,-100.562501017253,78.0625010172526,weighted_sample
83,-95.5125010172526,78.0625010172526,weighted_sample
84,-100.329167683919,78.0375010172526,weighted_sample
85,-83.9458343505859,78.0291676839193,weighted_sample
86,-111.337501017253,77.9791676839193,weighted_sample
87,-85.2041676839193,77.9791676839193,weighted_sample
88,-85.1791676839193,77.9208343505859,weighted_sample
89,-111.670834350586,77.9125010172526,weighted_sample
90,-82.0291676839193,77.8958343505859,weighted_sample
91,-111.237501017253,77.8875010172526,weighted_sample
92,-82.0375010172526,77.8875010172526,weighted_sample
93,-111.095834350586,77.8708343505859,weighted_sample
94,-110.945834350586,77.8625010172526,weighted_sample
95,-83.4041676839193,77.8625010172526,weighted_sample
96,-87.0375010172526,77.7541676839193,weighted_sample
97,-84.2375010172526,77.6958343505859,weighted_sample
98,-95.8791676839193,77.6208343505859,weighted_sample
99,-82.8208343505859,77.6208343505859,weighted_sample
100,-90.8291676839193,77.6041676839193,weighted_sample
101,-110.654167683919,77.5791676839193,weighted_sample
102,-110.904167683919,77.5708343505859,weighted_sample
103,-87.2708343505859,77.5625010172526,weighted_sample
104,-94.1208343505859,77.5458343505859,weighted_sample
105,-82.6875010172526,77.5458343505859,weighted_sample
106,-82.6541676839193,77.5208343505859,weighted_sample
107,-95.9041676839193,77.4875010172526,weighted_sample
108,-87.2875010172526,77.4291676839193,weighted_sample
109,-90.3708343505859,77.4041676839193,weighted_sample
110,-85.3041676839193,77.2875010172526,weighted_sample
111,-68.4041676839193,77.2208343505859,weighted_sample
112,-86.2208343505859,77.2125010172526,weighted_sample
113,-91.0791676839193,77.1875010172526,weighted_sample
114,-84.0958343505859,77.1541676839193,weighted_sample
115,-20.0125010172526,77.0875010172526,weighted_sample
116,-88.4958343505859,76.9791676839193,weighted_sample
117,-87.9625010172526,76.9791676839193,weighted_sample
118,-118.029167683919,76.9458343505859,weighted_sample
119,-117.754167683919,76.9125010172526,weighted_sample
120,-21.3041676839193,76.8875010172526,weighted_sample
121,-117.287501017253,76.8625010172526,weighted_sample
122,-119.645834350586,76.8041676839193,weighted_sample
123,-116.837501017253,76.7708343505859,weighted_sample
124,-119.520834350586,76.7125010172526,weighted_sample
125,-116.687501017253,76.7125010172526,weighted_sample
126,-68.1041676839193,76.7125010172526,weighted_sample
127,-119.162501017253,76.6791676839193,weighted_sample
128,-116.837501017253,76.6708343505859,weighted_sample
129,-120.329167683919,76.6125010172526,weighted_sample
130,-119.820834350586,76.6125010172526,weighted_sample
131,-92.0541676839193,76.6125010172526,weighted_sample
132,-92.6541676839193,76.5708343505859,weighted_sample
133,-108.812501017253,76.5375010172526,weighted_sample
134,-109.204167683919,76.5208343505859,weighted_sample
135,-86.7458343505859,76.4625010172526,weighted_sample
136,-120.554167683919,76.4541676839193,weighted_sample
137,-99.9791676839193,76.4541676839193,weighted_sample
138,-120.545834350586,76.4375010172526,weighted_sample
139,-120.787501017253,76.4125010172526,weighted_sample
140,-100.345834350586,76.4125010172526,weighted_sample
141,-97.7541676839193,76.4125010172526,weighted_sample
142,-109.354167683919,76.3791676839193,weighted_sample
143,-100.012501017253,76.3541676839193,weighted_sample
144,-115.370834350586,76.3208343505859,weighted_sample
145,-99.7291676839193,76.3125010172526,weighted_sample
146,-120.337501017253,76.2791676839193,weighted_sample
147,-115.704167683919,76.2791676839193,weighted_sample
148,-98.5208343505859,76.2708343505859,weighted_sample
149,-121.204167683919,76.2291676839193,weighted_sample
150,-103.887501017253,76.2041676839193,weighted_sample
151,-103.337501017253,76.2041676839193,weighted_sample
152,-97.8875010172526,76.1458343505859,weighted_sample
153,-99.8291676839193,76.1375010172526,weighted_sample
154,-98.7041676839193,76.1291676839193,weighted_sample
155,-114.145834350586,76.1208343505859,weighted_sample
156,-113.254167683919,76.0791676839193,weighted_sample
157,-102.779167683919,76.0541676839193,weighted_sample
158,-99.9708343505859,76.0375010172526,weighted_sample
159,-100.770834350586,76.0208343505859,weighted_sample
160,-100.637501017253,76.0208343505859,weighted_sample
161,-101.012501017253,76.0041676839193,weighted_sample
162,-101.045834350586,75.9875010172526,weighted_sample
163,-118.079167683919,75.9625010172526,weighted_sample
164,-103.204167683919,75.9625010172526,weighted_sample
165,-116.437501017253,75.9375010172526,weighted_sample
166,-102.704167683919,75.9208343505859,weighted_sample
167,-92.2625010172526,75.9208343505859,weighted_sample
168,-98.1458343505859,75.8958343505859,weighted_sample
169,-99.8791676839193,75.8875010172526,weighted_sample
170,-117.895834350586,75.8791676839193,weighted_sample
171,-99.1541676839193,75.8708343505859,weighted_sample
172,-106.720834350586,75.8458343505859,weighted_sample
173,-97.9875010172526,75.8375010172526,weighted_sample
174,-115.704167683919,75.8041676839193,weighted_sample
175,-105.737501017253,75.7875010172526,weighted_sample
176,-113.995834350586,75.7708343505859,weighted_sample
177,-20.2125010172526,75.7541676839193,weighted_sample
178,-118.454167683919,75.7458343505859,weighted_sample
179,-118.645834350586,75.6708343505859,weighted_sample
180,-112.204167683919,75.6541676839193,weighted_sample
181,-106.670834350586,75.6541676839193,weighted_sample
182,-116.120834350586,75.6375010172526,weighted_sample
183,-102.379167683919,75.5625010172526,weighted_sample
184,-118.645834350586,75.5208343505859,weighted_sample
185,-100.104167683919,75.5208343505859,weighted_sample
186,-106.162501017253,75.4958343505859,weighted_sample
187,-94.2291676839193,75.4708343505859,weighted_sample
188,-98.2041676839193,75.4625010172526,weighted_sample
189,-98.9791676839193,75.4125010172526,weighted_sample
190,-112.645834350586,75.3125010172526,weighted_sample
191,-108.795834350586,75.3041676839193,weighted_sample
192,-98.2125010172526,75.3041676839193,weighted_sample
193,-95.8791676839193,75.3041676839193,weighted_sample
194,-117.412501017253,75.2958343505859,weighted_sample
195,-117.162501017253,75.1708343505859,weighted_sample
196,-113.454167683919,75.1541676839193,weighted_sample
197,-107.245834350586,75.1125010172526,weighted_sample
198,-108.912501017253,75.0958343505859,weighted_sample
199,-116.037501017253,75.0875010172526,weighted_sample
200,-96.4375010172526,75.0625010172526,weighted_sample
201,-112.062501017253,74.9208343505859,weighted_sample
202,-112.187501017253,74.7708343505859,weighted_sample
203,-114.020834350586,74.6041676839193,weighted_sample
204,-56.4375010172526,74.4291676839193,weighted_sample
205,-122.387501017253,74.3625010172526,weighted_sample
206,-121.087501017253,74.3125010172526,weighted_sample
207,-123.054167683919,74.1958343505859,weighted_sample
208,-121.120834350586,74.0875010172526,weighted_sample
209,-118.579167683919,74.0125010172526,weighted_sample
210,-123.179167683919,73.9875010172526,weighted_sample
211,-98.3041676839193,73.9375010172526,weighted_sample
212,-56.3375010172526,73.9291676839193,weighted_sample
213,-56.1875010172526,73.8375010172526,weighted_sample
214,-118.004167683919,73.7791676839193,weighted_sample
215,-100.279167683919,73.7208343505859,weighted_sample
216,-98.2041676839193,73.6708343505859,weighted_sample
217,-120.754167683919,73.6458343505859,weighted_sample
218,-94.5541676839193,73.5708343505859,weighted_sample
219,-22.8041676839193,73.5708343505859,weighted_sample
220,-23.1458343505859,73.4958343505859,weighted_sample
221,-116.012501017253,73.4875010172526,weighted_sample
222,-119.745834350586,73.4708343505859,weighted_sample
223,-115.987501017253,73.4458343505859,weighted_sample
224,-101.454167683919,73.4375010172526,weighted_sample
225,-97.2708343505859,73.3958343505859,weighted_sample
226,-98.1458343505859,73.3291676839193,weighted_sample
227,-123.620834350586,73.3125010172526,weighted_sample
228,-95.5708343505859,73.3125010172526,weighted_sample
229,-94.3541676839193,73.2708343505859,weighted_sample
230,-118.379167683919,73.2375010172526,weighted_sample
231,-120.204167683919,73.2041676839193,weighted_sample
232,-119.554167683919,73.1958343505859,weighted_sample
233,-84.0958343505859,73.1625010172526,weighted_sample
234,-24.5041676839193,73.1291676839193,weighted_sample
235,-82.9708343505859,73.0791676839193,weighted_sample
236,-23.2875010172526,73.0291676839193,weighted_sample
237,-93.7041676839193,73.0125010172526,weighted_sample
238,-124.070834350586,72.9791676839193,weighted_sample
239,-114.779167683919,72.9708343505859,weighted_sample
240,-114.345834350586,72.9541676839193,weighted_sample
241,-119.387501017253,72.9375010172526,weighted_sample
242,-117.962501017253,72.9291676839193,weighted_sample
243,-84.6541676839193,72.9208343505859,weighted_sample
244,-119.979167683919,72.9125010172526,weighted_sample
245,-93.5458343505859,72.8958343505859,weighted_sample
246,-114.262501017253,72.8875010172526,weighted_sample
247,-23.6541676839193,72.8875010172526,weighted_sample
248,-120.145834350586,72.8541676839193,weighted_sample
249,-116.837501017253,72.8375010172526,weighted_sample
250,-121.745834350586,72.8291676839193,weighted_sample
251,-118.745834350586,72.8291676839193,weighted_sample
252,-106.037501017253,72.8208343505859,weighted_sample
253,-114.429167683919,72.7875010172526,weighted_sample
254,-111.904167683919,72.7541676839193,weighted_sample
255,-88.3708343505859,72.7375010172526,weighted_sample
256,-98.2041676839193,72.7291676839193,weighted_sample
257,-83.3708343505859,72.7291676839193,weighted_sample
258,-111.637501017253,72.7125010172526,weighted_sample
259,-105.937501017253,72.7125010172526,weighted_sample
260,-124.654167683919,72.7041676839193,weighted_sample
261,-88.8708343505859,72.6708343505859,weighted_sample
262,-77.9958343505859,72.6708343505859,The University of Kansas Field Station (NEON-D06-UKFS)
263,-88.5791676839193,72.6541676839193,weighted_sample
264,-100.245834350586,72.6375010172526,weighted_sample
265,-109.037501017253,72.5791676839193,weighted_sample
266,-123.720834350586,72.5458343505859,weighted_sample
267,-94.7875010172526,72.5125010172526,weighted_sample
268,-54.9541676839193,72.5125010172526,weighted_sample
269,-95.1708343505859,72.5041676839193,weighted_sample
270,-120.762501017253,72.4875010172526,weighted_sample
271,-97.1291676839193,72.4791676839193,weighted_sample
272,-113.870834350586,72.4708343505859,weighted_sample
273,-100.579167683919,72.4375010172526,weighted_sample
274,-100.279167683919,72.4375010172526,weighted_sample
275,-53.5125010172526,72.3958343505859,weighted_sample
276,-86.3958343505859,72.3708343505859,weighted_sample
277,-89.7208343505859,72.3625010172526,weighted_sample
278,-77.9708343505859,72.3625010172526,weighted_sample
279,-94.8875010172526,72.3458343505859,weighted_sample
280,-81.7541676839193,72.2875010172526,weighted_sample
281,-120.787501017253,72.2708343505859,weighted_sample
282,-122.754167683919,72.2625010172526,weighted_sample
283,-93.9708343505859,72.2625010172526,weighted_sample
284,-53.9875010172526,72.2125010172526,weighted_sample
285,-112.004167683919,72.1791676839193,weighted_sample
286,-94.2875010172526,72.1541676839193,weighted_sample
287,-121.879167683919,72.1291676839193,weighted_sample
288,-124.687501017253,72.1208343505859,weighted_sample
289,-122.137501017253,72.1208343505859,weighted_sample
290,-106.754167683919,72.0708343505859,weighted_sample
291,-110.862501017253,72.0375010172526,weighted_sample
292,-107.162501017253,72.0375010172526,weighted_sample
293,-108.687501017253,72.0291676839193,weighted_sample
294,-122.529167683919,72.0208343505859,weighted_sample
295,-99.4875010172526,71.9958343505859,weighted_sample
296,-115.804167683919,71.9875010172526,weighted_sample
297,-113.720834350586,71.9625010172526,weighted_sample
298,-87.6791676839193,71.9625010172526,weighted_sample
299,-115.329167683919,71.9541676839193,weighted_sample
300,-79.695834350586,71.9541676839193,weighted_sample
301,-115.212501017253,71.9458343505859,weighted_sample
302,-124.337501017253,71.9125010172526,weighted_sample
303,-77.8875010172526,71.9125010172526,weighted_sample
304,-88.1291676839193,71.8541676839193,weighted_sample
305,-111.354167683919,71.8458343505859,weighted_sample
306,-88.1041676839193,71.8458343505859,weighted_sample
307,-123.145834350586,71.8291676839193,weighted_sample
308,-77.5625010172526,71.8291676839193,weighted_sample
309,-54.6541676839193,71.8041676839193,weighted_sample
310,-23.4458343505859,71.8041676839193,weighted_sample
311,-110.762501017253,71.7708343505859,weighted_sample
312,-112.137501017253,71.7625010172526,weighted_sample
313,-82.1541676839193,71.7625010172526,weighted_sample
314,-118.220834350586,71.7375010172526,weighted_sample
315,-111.504167683919,71.7291676839193,weighted_sample
316,-122.437501017253,71.7041676839193,weighted_sample
317,-118.712501017253,71.6791676839193,weighted_sample
318,-115.204167683919,71.6791676839193,weighted_sample
319,-120.937501017253,71.6208343505859,weighted_sample
320,-98.6208343505859,71.6041676839193,weighted_sample
321,-88.4708343505859,71.6041676839193,weighted_sample
322,-122.462501017253,71.5708343505859,weighted_sample
323,-95.8291676839193,71.5458343505859,weighted_sample
324,-82.3041676839193,71.5208343505859,weighted_sample
325,-54.0208343505859,71.5208343505859,weighted_sample
326,-111.370834350586,71.5125010172526,weighted_sample
327,-81.2041676839193,71.5125010172526,weighted_sample
328,-83.3208343505859,71.4791676839193,weighted_sample
329,-105.929167683919,71.4708343505859,weighted_sample
330,-113.595834350586,71.4208343505859,weighted_sample
331,-82.8541676839193,71.4125010172526,weighted_sample
332,-113.120834350586,71.3958343505859,weighted_sample
333,-178.470834350586,71.3875010172526,weighted_sample
334,-111.337501017253,71.3541676839193,weighted_sample
335,-106.170834350586,71.3541676839193,weighted_sample
336,-112.462501017253,71.3291676839193,weighted_sample
337,-24.8041676839193,71.3291676839193,weighted_sample
338,-177.804167683919,71.3208343505859,weighted_sample
339,-156.629167683919,71.3208343505859,UCI-1998 burn site (CA-NS7)
340,-96.2458343505859,71.3041676839193,weighted_sample
341,-156.620834350586,71.2791676839193,Nebraska SandHills Dry Valley (US-SdH)
342,-156.595834350586,71.2791676839193,Red pine clearcut (RPCC) (US-Wi7)
343,-106.954167683919,71.2708343505859,weighted_sample
344,-156.354167683919,71.2458343505859,weighted_sample
345,-107.762501017253,71.2458343505859,weighted_sample
346,-156.887501017253,71.2291676839193,weighted_sample
347,-110.962501017253,71.2125010172526,weighted_sample
348,-178.237501017253,71.2041676839193,weighted_sample
349,-94.3291676839193,71.1875010172526,weighted_sample
350,-28.5208343505859,71.1625010172526,weighted_sample
351,-111.687501017253,71.1541676839193,weighted_sample
352,-96.0125010172526,71.1541676839193,weighted_sample
353,-157.045834350586,71.1375010172526,weighted_sample
354,-156.345834350586,71.1125010172526,weighted_sample
355,-155.620834350586,71.0958343505859,weighted_sample
356,-156.229167683919,71.0875010172526,weighted_sample
357,-111.804167683919,71.0875010172526,weighted_sample
358,-92.9791676839193,71.0041676839193,weighted_sample
359,-88.7041676839193,71.0041676839193,weighted_sample
360,-28.0125010172526,70.9875010172526,weighted_sample
361,-24.0041676839193,70.9791676839193,weighted_sample
362,-155.354167683919,70.9458343505859,weighted_sample
363,-156.370834350586,70.9375010172526,weighted_sample
364,-156.062501017253,70.9375010172526,weighted_sample
365,-156.070834350586,70.9291676839193,weighted_sample
366,-115.904167683919,70.9291676839193,weighted_sample
367,-109.487501017253,70.9208343505859,weighted_sample
368,-112.695834350586,70.9125010172526,weighted_sample
369,-76.2625010172526,70.9125010172526,weighted_sample
370,-157.279167683919,70.9041676839193,weighted_sample
371,-107.112501017253,70.8708343505859,weighted_sample
372,-95.695834350586,70.8708343505859,weighted_sample
373,-156.695834350586,70.8625010172526,weighted_sample
374,-156.312501017253,70.8541676839193,weighted_sample
375,-153.737501017253,70.8541676839193,weighted_sample
376,-152.995834350586,70.8458343505859,weighted_sample
377,-89.3041676839193,70.8208343505859,weighted_sample
378,-113.545834350586,70.8125010172526,weighted_sample
379,-157.762501017253,70.7875010172526,weighted_sample
380,-77.1208343505859,70.7875010172526,weighted_sample
381,-92.8041676839193,70.7708343505859,weighted_sample
382,-157.695834350586,70.7458343505859,weighted_sample
383,-28.0541676839193,70.7375010172526,weighted_sample
384,-115.112501017253,70.7208343505859,weighted_sample
385,-115.887501017253,70.7041676839193,weighted_sample
386,-158.754167683919,70.6791676839193,weighted_sample
387,-93.3625010172526,70.6625010172526,weighted_sample
388,-104.362501017253,70.6541676839193,weighted_sample
389,-92.9375010172526,70.6208343505859,weighted_sample
390,-82.2208343505859,70.5708343505859,weighted_sample
391,-152.687501017253,70.5625010172526,weighted_sample
392,-151.854167683919,70.5291676839193,weighted_sample
393,-160.129167683919,70.5208343505859,weighted_sample
394,-154.762501017253,70.5208343505859,weighted_sample
395,-152.637501017253,70.5125010172526,weighted_sample
396,-149.879167683919,70.4958343505859,Saratoga (US-Sta)
397,-79.8958343505859,70.4791676839193,weighted_sample
398,-157.412501017253,70.4708343505859,Park Falls WLEF (US-PFa)
399,-105.195834350586,70.4125010172526,weighted_sample
400,-86.8875010172526,70.4041676839193,weighted_sample
401,-69.6625010172526,70.4041676839193,weighted_sample
402,-153.137501017253,70.3958343505859,weighted_sample
403,-152.895834350586,70.3958343505859,weighted_sample
404,-110.570834350586,70.3875010172526,weighted_sample
405,-154.112501017253,70.3791676839193,weighted_sample
406,-159.537501017253,70.3708343505859,weighted_sample
407,-96.2791676839193,70.3625010172526,weighted_sample
408,-160.195834350586,70.3375010172526,weighted_sample
409,-86.2125010172526,70.3375010172526,weighted_sample
410,-75.4541676839193,70.3375010172526,weighted_sample
411,-106.829167683919,70.3208343505859,weighted_sample
412,-26.8625010172526,70.3208343505859,weighted_sample
413,-155.812501017253,70.3125010172526,weighted_sample
414,-153.854167683919,70.3041676839193,weighted_sample
415,-94.2708343505859,70.3041676839193,weighted_sample
416,-157.562501017253,70.2875010172526,weighted_sample
417,-151.462501017253,70.2875010172526,weighted_sample
418,-154.820834350586,70.2791676839193,weighted_sample
419,-148.887501017253,70.2791676839193,Anaktuvuk River Severe Burn (US-An1)
420,-103.829167683919,70.2708343505859,weighted_sample
421,-77.2791676839193,70.2708343505859,weighted_sample
422,-76.3125010172526,70.2708343505859,weighted_sample
423,-52.2291676839193,70.2708343505859,weighted_sample
424,-161.779167683919,70.2541676839193,weighted_sample
425,-114.270834350586,70.2541676839193,weighted_sample
426,-82.945834350586,70.2541676839193,weighted_sample
427,-148.137501017253,70.2458343505859,weighted_sample
428,-84.1125010172526,70.2458343505859,weighted_sample
429,-154.712501017253,70.2375010172526,weighted_sample
430,-149.654167683919,70.2375010172526,weighted_sample
431,-110.437501017253,70.2375010172526,weighted_sample
432,-115.229167683919,70.2208343505859,weighted_sample
433,-156.445834350586,70.1958343505859,weighted_sample
434,-152.095834350586,70.1875010172526,weighted_sample
435,-147.712501017253,70.1875010172526,weighted_sample
436,-111.487501017253,70.1875010172526,weighted_sample
437,-154.579167683919,70.1791676839193,weighted_sample
438,-152.745834350586,70.1791676839193,weighted_sample
439,-147.287501017253,70.1791676839193,weighted_sample
440,-160.945834350586,70.1625010172526,weighted_sample
441,-151.804167683919,70.1625010172526,weighted_sample
442,-157.404167683919,70.1458343505859,weighted_sample
443,-110.854167683919,70.1458343505859,weighted_sample
444,-75.5291676839193,70.1458343505859,weighted_sample
445,-158.812501017253,70.1291676839193,weighted_sample
446,-155.512501017253,70.1291676839193,weighted_sample
447,-147.029167683919,70.1291676839193,weighted_sample
448,-146.162501017253,70.1291676839193,weighted_sample
449,-75.2625010172526,70.1291676839193,weighted_sample
450,-71.3208343505859,70.1208343505859,weighted_sample
451,-51.3291676839193,70.1208343505859,weighted_sample
452,-105.587501017253,70.1125010172526,weighted_sample
453,-79.195834350586,70.1125010172526,weighted_sample
454,-148.020834350586,70.0958343505859,weighted_sample
455,-147.312501017253,70.0958343505859,weighted_sample
456,-67.8708343505859,70.0958343505859,weighted_sample
457,-148.570834350586,70.0875010172526,Slashpine-Austin Cary- 65yrs nat regen (US-SP1)
458,-153.454167683919,70.0791676839193,weighted_sample
459,-95.2625010172526,70.0791676839193,weighted_sample
460,-67.4958343505859,70.0791676839193,weighted_sample
461,-162.220834350586,70.0708343505859,weighted_sample
462,-156.479167683919,70.0708343505859,weighted_sample
463,-150.304167683919,70.0625010172526,weighted_sample
464,-148.737501017253,70.0541676839193,weighted_sample
465,-101.387501017253,70.0458343505859,weighted_sample
466,-79.7625010172526,70.0458343505859,weighted_sample
467,-27.6625010172526,70.0375010172526,weighted_sample
468,-161.937501017253,70.0208343505859,weighted_sample
469,-148.662501017253,70.0208343505859,Wisconsin Wilson Flowage Sedge Marsh (US-WFL-fen)
470,-28.045834350586,70.0208343505859,weighted_sample
471,-147.312501017253,70.0125010172526,weighted_sample
472,-113.795834350586,70.0125010172526,weighted_sample
473,-153.004167683919,70.0041676839193,weighted_sample
474,-146.379167683919,70.0041676839193,weighted_sample
475,-52.9708343505859,70.0041676839193,weighted_sample
476,-143.162501017253,69.9791676839193,weighted_sample
477,-105.404167683919,69.9791676839193,weighted_sample
478,-127.554167683919,69.9708343505859,weighted_sample
479,-143.120834350586,69.9541676839193,weighted_sample
480,-93.5875010172526,69.9458343505859,weighted_sample
481,-162.062501017253,69.9375010172526,weighted_sample
482,-156.737501017253,69.9291676839193,weighted_sample
483,-112.654167683919,69.9125010172526,weighted_sample
484,-150.862501017253,69.9041676839193,weighted_sample
485,-144.445834350586,69.9041676839193,weighted_sample
486,-108.679167683919,69.9041676839193,weighted_sample
487,-148.695834350586,69.8958343505859,weighted_sample
488,-102.120834350586,69.8875010172526,weighted_sample
489,-105.029167683919,69.8625010172526,weighted_sample
490,-156.262501017253,69.8541676839193,weighted_sample
491,-155.837501017253,69.8541676839193,weighted_sample
492,-110.895834350586,69.8375010172526,weighted_sample
493,-153.887501017253,69.8291676839193,weighted_sample
494,-69.1375010172526,69.8208343505859,weighted_sample
495,-105.545834350586,69.8125010172526,weighted_sample
496,-144.104167683919,69.8041676839193,weighted_sample
497,-155.562501017253,69.7958343505859,weighted_sample
498,-75.5958343505859,69.7958343505859,weighted_sample
499,-103.662501017253,69.7791676839193,weighted_sample
500,-82.5958343505859,69.7625010172526,weighted_sample
501,-149.362501017253,69.7541676839193,weighted_sample
502,-74.4291676839193,69.7541676839193,weighted_sample
503,-162.595834350586,69.7458343505859,weighted_sample
504,-158.229167683919,69.7458343505859,weighted_sample
505,-162.279167683919,69.7291676839193,weighted_sample
506,-127.554167683919,69.7208343505859,weighted_sample
507,-93.2625010172526,69.7208343505859,weighted_sample
508,-115.770834350586,69.7125010172526,weighted_sample
509,-115.070834350586,69.7125010172526,weighted_sample
510,-93.9291676839193,69.7125010172526,weighted_sample
511,-157.887501017253,69.7041676839193,weighted_sample
512,-155.929167683919,69.7041676839193,weighted_sample
513,-156.545834350586,69.6958343505859,weighted_sample
514,-115.437501017253,69.6958343505859,weighted_sample
515,-151.454167683919,69.6791676839193,weighted_sample
516,-80.5125010172526,69.6708343505859,weighted_sample
517,-107.720834350586,69.6625010172526,weighted_sample
518,-92.4125010172526,69.6541676839193,weighted_sample
519,-105.179167683919,69.6458343505859,weighted_sample
520,-159.437501017253,69.6375010172526,weighted_sample
521,-142.612501017253,69.6375010172526,weighted_sample
522,-130.887501017253,69.6375010172526,weighted_sample
523,-129.695834350586,69.6375010172526,weighted_sample
524,-98.1041676839193,69.6375010172526,weighted_sample
525,-54.0875010172526,69.6375010172526,weighted_sample
526,-120.987501017253,69.6291676839193,weighted_sample
527,-140.904167683919,69.6208343505859,weighted_sample
528,-97.6125010172526,69.6208343505859,weighted_sample
529,-122.945834350586,69.6125010172526,weighted_sample
530,-114.954167683919,69.6125010172526,weighted_sample
531,-159.187501017253,69.6041676839193,weighted_sample
532,-161.987501017253,69.5958343505859,weighted_sample
533,-141.279167683919,69.5875010172526,weighted_sample
534,-131.029167683919,69.5875010172526,weighted_sample
535,-85.1125010172526,69.5875010172526,weighted_sample
536,-108.487501017253,69.5708343505859,weighted_sample
537,-74.0458343505859,69.5458343505859,weighted_sample
538,-161.354167683919,69.5291676839193,weighted_sample
539,-147.354167683919,69.5291676839193,weighted_sample
540,-154.520834350586,69.5208343505859,weighted_sample
541,-140.979167683919,69.5208343505859,weighted_sample
542,-98.0791676839193,69.5208343505859,weighted_sample
543,-153.504167683919,69.5125010172526,weighted_sample
544,-145.745834350586,69.5125010172526,weighted_sample
545,-103.445834350586,69.5125010172526,weighted_sample
546,-121.287501017253,69.4958343505859,weighted_sample
547,-83.0041676839193,69.4958343505859,weighted_sample
548,-144.162501017253,69.4875010172526,weighted_sample
549,-142.137501017253,69.4875010172526,weighted_sample
550,-108.520834350586,69.4791676839193,weighted_sample
551,-145.412501017253,69.4541676839193,weighted_sample
552,-139.512501017253,69.4541676839193,weighted_sample
553,-140.720834350586,69.4375010172526,weighted_sample
554,-112.829167683919,69.4375010172526,weighted_sample
555,-162.987501017253,69.4291676839193,weighted_sample
556,-75.5041676839193,69.4291676839193,weighted_sample
557,-143.845834350586,69.4208343505859,weighted_sample
558,-142.504167683919,69.4208343505859,weighted_sample
559,-70.4791676839193,69.4208343505859,weighted_sample
560,-52.9625010172526,69.4125010172526,weighted_sample
561,-142.429167683919,69.4041676839193,weighted_sample
562,-121.129167683919,69.4041676839193,weighted_sample
563,-113.454167683919,69.4041676839193,weighted_sample
564,-140.554167683919,69.3958343505859,weighted_sample
565,-91.4625010172526,69.3958343505859,weighted_sample
566,-140.920834350586,69.3791676839193,weighted_sample
567,-85.0625010172526,69.3708343505859,weighted_sample
568,-92.5375010172526,69.3458343505859,weighted_sample
569,-145.354167683919,69.3375010172526,weighted_sample
570,-144.629167683919,69.3375010172526,weighted_sample
571,-123.712501017253,69.3208343505859,weighted_sample
572,-97.8791676839193,69.3208343505859,weighted_sample
573,-130.404167683919,69.3125010172526,weighted_sample
574,-68.1041676839193,69.3041676839193,weighted_sample
575,-141.362501017253,69.2875010172526,weighted_sample
576,-153.229167683919,69.2791676839193,weighted_sample
577,-150.029167683919,69.2791676839193,weighted_sample
578,-128.762501017253,69.2625010172526,weighted_sample
579,-157.562501017253,69.2541676839193,weighted_sample
580,-146.337501017253,69.2541676839193,weighted_sample
581,-159.895834350586,69.2458343505859,weighted_sample
582,-149.812501017253,69.2375010172526,weighted_sample
583,-146.337501017253,69.2375010172526,weighted_sample
584,-140.862501017253,69.2375010172526,weighted_sample
585,-145.629167683919,69.2208343505859,weighted_sample
586,-145.495834350586,69.2208343505859,weighted_sample
587,-138.387501017253,69.2208343505859,weighted_sample
588,-158.045834350586,69.2125010172526,weighted_sample
589,-162.787501017253,69.2041676839193,weighted_sample
590,-151.662501017253,69.2041676839193,weighted_sample
591,-121.704167683919,69.2041676839193,weighted_sample
592,-124.404167683919,69.1958343505859,weighted_sample
593,-110.995834350586,69.1958343505859,weighted_sample
594,-102.829167683919,69.1958343505859,weighted_sample
595,-119.979167683919,69.1875010172526,weighted_sample
596,-154.487501017253,69.1791676839193,weighted_sample
597,-138.320834350586,69.1625010172526,weighted_sample
598,-156.779167683919,69.1541676839193,weighted_sample
599,-147.562501017253,69.1541676839193,weighted_sample
600,-102.854167683919,69.1541676839193,weighted_sample
601,-97.5541676839193,69.1541676839193,weighted_sample
602,-131.495834350586,69.1375010172526,weighted_sample
603,-97.9625010172526,69.1375010172526,weighted_sample
604,-148.829167683919,69.1291676839193,Wabikon Lake Forest
605,-99.0208343505859,69.1291676839193,weighted_sample
606,-84.5458343505859,69.1291676839193,weighted_sample
607,-155.095834350586,69.1208343505859,weighted_sample
608,-144.712501017253,69.1208343505859,weighted_sample
609,-143.262501017253,69.1125010172526,weighted_sample
610,-141.712501017253,69.1125010172526,weighted_sample
611,-155.870834350586,69.0875010172526,weighted_sample
612,-99.2041676839193,69.0875010172526,weighted_sample
613,-83.5625010172526,69.0875010172526,weighted_sample
614,-159.904167683919,69.0791676839193,weighted_sample
615,-50.3875010172526,69.0791676839193,weighted_sample
616,-141.762501017253,69.0708343505859,weighted_sample
617,-121.845834350586,69.0541676839193,weighted_sample
618,-74.070834350586,69.0541676839193,weighted_sample
619,-71.7375010172526,69.0458343505859,weighted_sample
620,-132.629167683919,69.0291676839193,weighted_sample
621,-127.262501017253,69.0125010172526,weighted_sample
622,-141.029167683919,69.0041676839193,weighted_sample
623,-141.870834350586,68.9958343505859,weighted_sample
624,-126.695834350586,68.9958343505859,weighted_sample
625,-150.279167683919,68.9875010172526,Santa Rita Mesquite (US-SRM)
626,-154.429167683919,68.9791676839193,weighted_sample
627,-144.795834350586,68.9791676839193,weighted_sample
628,-151.787501017253,68.9708343505859,weighted_sample
629,-128.404167683919,68.9708343505859,weighted_sample
630,-125.454167683919,68.9625010172526,weighted_sample
631,-150.212501017253,68.9458343505859,CRP Minimum-Till site (US-Co2)
632,-163.254167683919,68.9375010172526,weighted_sample
633,-146.579167683919,68.9375010172526,weighted_sample
634,-150.270834350586,68.9291676839193,Mixed young jack pine (MYJP) (US-Wi5)
635,-138.212501017253,68.9291676839193,weighted_sample
636,-163.862501017253,68.9208343505859,weighted_sample
637,-139.254167683919,68.9208343505859,weighted_sample
638,-126.695834350586,68.9208343505859,weighted_sample
639,-71.2125010172526,68.9208343505859,weighted_sample
640,-155.762501017253,68.9125010172526,weighted_sample
641,-76.570834350586,68.9125010172526,weighted_sample
642,-117.379167683919,68.9041676839193,weighted_sample
643,-145.329167683919,68.8958343505859,weighted_sample
644,-124.670834350586,68.8958343505859,weighted_sample
645,-118.137501017253,68.8958343505859,weighted_sample
646,-159.695834350586,68.8875010172526,weighted_sample
647,-110.954167683919,68.8875010172526,weighted_sample
648,-134.745834350586,68.8791676839193,weighted_sample
649,-136.337501017253,68.8708343505859,weighted_sample
650,-153.154167683919,68.8625010172526,weighted_sample
651,-134.720834350586,68.8625010172526,weighted_sample
652,-112.712501017253,68.8541676839193,weighted_sample
653,-151.312501017253,68.8375010172526,weighted_sample
654,-118.154167683919,68.8375010172526,weighted_sample
655,-111.587501017253,68.8291676839193,weighted_sample
656,-84.1708343505859,68.8291676839193,weighted_sample
657,-151.270834350586,68.8208343505859,weighted_sample
658,-134.854167683919,68.8208343505859,weighted_sample
659,-72.2958343505859,68.8208343505859,weighted_sample
660,-155.987501017253,68.8125010172526,weighted_sample
661,-134.570834350586,68.8125010172526,weighted_sample
662,-147.045834350586,68.8041676839193,weighted_sample
663,-140.370834350586,68.7958343505859,weighted_sample
664,-134.529167683919,68.7958343505859,weighted_sample
665,-127.604167683919,68.7958343505859,weighted_sample
666,-76.1958343505859,68.7958343505859,weighted_sample
667,-144.854167683919,68.7875010172526,weighted_sample
668,-142.954167683919,68.7875010172526,weighted_sample
669,-130.670834350586,68.7875010172526,weighted_sample
670,-101.845834350586,68.7875010172526,weighted_sample
671,-140.304167683919,68.7708343505859,weighted_sample
672,-109.795834350586,68.7708343505859,weighted_sample
673,-157.129167683919,68.7541676839193,weighted_sample
674,-150.995834350586,68.7541676839193,weighted_sample
675,-127.070834350586,68.7541676839193,weighted_sample
676,-111.062501017253,68.7541676839193,weighted_sample
677,-133.504167683919,68.7458343505859,Santa Rita Grassland (US-SRG)
678,-150.679167683919,68.7375010172526,weighted_sample
679,-165.462501017253,68.7208343505859,weighted_sample
680,-141.787501017253,68.7208343505859,weighted_sample
681,-135.654167683919,68.7208343505859,weighted_sample
682,-157.454167683919,68.7125010172526,weighted_sample
683,-162.770834350586,68.7041676839193,weighted_sample
684,-134.720834350586,68.7041676839193,weighted_sample
685,-135.837501017253,68.6958343505859,weighted_sample
686,-112.462501017253,68.6958343505859,weighted_sample
687,-139.537501017253,68.6875010172526,weighted_sample
688,-135.612501017253,68.6875010172526,weighted_sample
689,-130.154167683919,68.6875010172526,weighted_sample
690,-159.795834350586,68.6791676839193,weighted_sample
691,-120.170834350586,68.6791676839193,weighted_sample
692,-153.920834350586,68.6708343505859,weighted_sample
693,-147.829167683919,68.6708343505859,weighted_sample
694,-132.354167683919,68.6708343505859,weighted_sample
695,-149.370834350586,68.6625010172526,California UC ANR Desert Research and Extension Center Alfalfa (US-Dea)
696,-72.1541676839193,68.6458343505859,weighted_sample
697,-71.7375010172526,68.6458343505859,weighted_sample
698,-155.945834350586,68.6375010172526,weighted_sample
699,-128.420834350586,68.6291676839193,weighted_sample
700,-149.595834350586,68.6208343505859,BOREAS SSA Old Aspen (CA-Oas)
701,-135.862501017253,68.6125010172526,weighted_sample
702,-134.854167683919,68.6125010172526,weighted_sample
703,-123.520834350586,68.6125010172526,weighted_sample
704,-114.837501017253,68.6125010172526,weighted_sample
705,-149.312501017253,68.6041676839193,Niwot Ridge Forest/LTER NWT1 (US-NR1)
706,-149.304167683919,68.6041676839193,ARM Southern Great Plains site- Lamont (US-ARM)
707,-149.295834350586,68.6041676839193,Metolius - Eyerly burn (US-Me1)
708,-145.387501017253,68.6041676839193,weighted_sample
709,-145.354167683919,68.5958343505859,weighted_sample
710,-144.920834350586,68.5875010172526,weighted_sample
711,-165.362501017253,68.5791676839193,weighted_sample
712,-92.0625010172526,68.5791676839193,weighted_sample
713,-157.504167683919,68.5708343505859,weighted_sample
714,-155.454167683919,68.5708343505859,weighted_sample
715,-138.004167683919,68.5708343505859,weighted_sample
716,-135.804167683919,68.5625010172526,weighted_sample
717,-135.729167683919,68.5625010172526,weighted_sample
718,-135.045834350586,68.5625010172526,weighted_sample
719,-138.479167683919,68.5541676839193,weighted_sample
720,-72.820834350586,68.5541676839193,weighted_sample
721,-135.720834350586,68.5458343505859,weighted_sample
722,-164.262501017253,68.5375010172526,weighted_sample
723,-144.695834350586,68.5375010172526,weighted_sample
724,-144.687501017253,68.5375010172526,weighted_sample
725,-125.354167683919,68.5375010172526,weighted_sample
726,-145.379167683919,68.5291676839193,weighted_sample
727,-135.495834350586,68.5291676839193,weighted_sample
728,-164.412501017253,68.5208343505859,weighted_sample
729,-144.737501017253,68.5208343505859,weighted_sample
730,-135.487501017253,68.5208343505859,weighted_sample
731,-178.754167683919,68.5125010172526,weighted_sample
732,-141.645834350586,68.5125010172526,weighted_sample
733,-126.029167683919,68.5125010172526,weighted_sample
734,-147.462501017253,68.5041676839193,weighted_sample
735,-143.604167683919,68.5041676839193,weighted_sample
736,-136.529167683919,68.5041676839193,weighted_sample
737,-157.262501017253,68.4958343505859,weighted_sample
738,-157.562501017253,68.4875010172526,weighted_sample
739,-155.745834350586,68.4875010172526,Metolius Young Pine Burn (US-Me6)
740,-133.345834350586,68.4875010172526,weighted_sample
741,-158.587501017253,68.4791676839193,weighted_sample
742,-117.279167683919,68.4791676839193,weighted_sample
743,-132.495834350586,68.4708343505859,weighted_sample
744,-92.2958343505859,68.4708343505859,weighted_sample
745,-165.370834350586,68.4625010172526,weighted_sample
746,-135.320834350586,68.4625010172526,weighted_sample
747,-153.654167683919,68.4541676839193,weighted_sample
748,-157.229167683919,68.4458343505859,weighted_sample
749,-88.4458343505859,68.4375010172526,weighted_sample
750,-125.045834350586,68.4208343505859,weighted_sample
751,-152.537501017253,68.3958343505859,weighted_sample
752,-143.545834350586,68.3958343505859,weighted_sample
753,-137.937501017253,68.3958343505859,weighted_sample
754,-134.104167683919,68.3958343505859,weighted_sample
755,-108.595834350586,68.3791676839193,weighted_sample
756,-135.445834350586,68.3708343505859,weighted_sample
757,-134.562501017253,68.3541676839193,weighted_sample
758,-144.095834350586,68.3458343505859,weighted_sample
759,-85.545834350586,68.3458343505859,weighted_sample
760,-163.579167683919,68.3375010172526,weighted_sample
761,-150.587501017253,68.3375010172526,weighted_sample
762,-114.545834350586,68.3375010172526,weighted_sample
763,-92.2208343505859,68.3375010172526,weighted_sample
764,-135.254167683919,68.3291676839193,weighted_sample
765,-134.887501017253,68.3208343505859,weighted_sample
766,-133.520834350586,68.3208343505859,Michigan Big Woods
767,-149.704167683919,68.2875010172526,weighted_sample
768,-117.004167683919,68.2875010172526,weighted_sample
769,-115.062501017253,68.2875010172526,weighted_sample
770,-78.8125010172526,68.2791676839193,weighted_sample
771,-148.729167683919,68.2708343505859,weighted_sample
772,-152.179167683919,68.2625010172526,weighted_sample
773,-135.145834350586,68.2625010172526,weighted_sample
774,-82.9375010172526,68.2625010172526,weighted_sample
775,-155.204167683919,68.2541676839193,weighted_sample
776,-147.912501017253,68.2541676839193,weighted_sample
777,-97.4208343505859,68.2541676839193,weighted_sample
778,-165.795834350586,68.2458343505859,weighted_sample
779,-150.945834350586,68.2458343505859,weighted_sample
780,-142.987501017253,68.2375010172526,weighted_sample
781,-124.287501017253,68.2375010172526,weighted_sample
782,-157.054167683919,68.2291676839193,weighted_sample
783,-140.554167683919,68.2291676839193,weighted_sample
784,-116.987501017253,68.2291676839193,weighted_sample
785,-123.779167683919,68.2208343505859,weighted_sample
786,-160.179167683919,68.2125010172526,weighted_sample
787,-148.120834350586,68.2041676839193,weighted_sample
788,-128.387501017253,68.2041676839193,weighted_sample
789,-145.120834350586,68.1958343505859,weighted_sample
790,-143.470834350586,68.1958343505859,weighted_sample
791,-143.154167683919,68.1958343505859,weighted_sample
792,-132.929167683919,68.1958343505859,weighted_sample
793,-128.837501017253,68.1958343505859,weighted_sample
794,-122.954167683919,68.1958343505859,weighted_sample
795,-159.604167683919,68.1875010172526,weighted_sample
796,-142.704167683919,68.1875010172526,weighted_sample
797,-134.745834350586,68.1875010172526,weighted_sample
798,-70.5708343505859,68.1875010172526,weighted_sample
799,-134.820834350586,68.1791676839193,weighted_sample
800,-135.279167683919,68.1625010172526,weighted_sample
801,-117.879167683919,68.1625010172526,weighted_sample
802,-138.579167683919,68.1541676839193,weighted_sample
803,-159.012501017253,68.1458343505859,weighted_sample
804,-125.345834350586,68.1458343505859,weighted_sample
805,-157.754167683919,68.1375010172526,weighted_sample
806,-124.112501017253,68.1375010172526,weighted_sample
807,-93.1458343505859,68.1375010172526,weighted_sample
808,-92.2125010172526,68.1375010172526,weighted_sample
809,-135.337501017253,68.1208343505859,weighted_sample
810,-137.595834350586,68.1125010172526,weighted_sample
811,-127.845834350586,68.1125010172526,weighted_sample
812,-105.104167683919,68.1125010172526,weighted_sample
813,-152.920834350586,68.1041676839193,weighted_sample
814,-152.529167683919,68.1041676839193,weighted_sample
815,-75.2125010172526,68.1041676839193,weighted_sample
816,-152.795834350586,68.0708343505859,weighted_sample
817,-139.795834350586,68.0708343505859,weighted_sample
818,-150.554167683919,68.0625010172526,weighted_sample
819,-148.329167683919,68.0625010172526,weighted_sample
820,-143.529167683919,68.0625010172526,weighted_sample
821,-135.912501017253,68.0625010172526,weighted_sample
822,-120.637501017253,68.0625010172526,weighted_sample
823,-177.712501017253,68.0375010172526,weighted_sample
824,-123.020834350586,68.0208343505859,weighted_sample
825,-70.4208343505859,68.0208343505859,weighted_sample
826,-52.7291676839193,68.0125010172526,weighted_sample
827,-154.570834350586,68.0041676839193,weighted_sample
828,-146.187501017253,67.9958343505859,weighted_sample
829,-90.9458343505859,67.9958343505859,weighted_sample
830,-157.095834350586,67.9875010172526,weighted_sample
831,-143.054167683919,67.9875010172526,weighted_sample
832,-144.962501017253,67.9708343505859,weighted_sample
833,-135.304167683919,67.9708343505859,weighted_sample
834,-150.695834350586,67.9625010172526,weighted_sample
835,-106.545834350586,67.9458343505859,weighted_sample
836,-65.6708343505859,67.9458343505859,weighted_sample
837,-65.6458343505859,67.9458343505859,weighted_sample
838,-176.712501017253,67.9375010172526,weighted_sample
839,-132.787501017253,67.9375010172526,weighted_sample
840,-150.854167683919,67.9291676839193,weighted_sample
841,-135.295834350586,67.9208343505859,weighted_sample
842,-91.4625010172526,67.9208343505859,weighted_sample
843,-126.545834350586,67.9125010172526,weighted_sample
844,-162.879167683919,67.9041676839193,weighted_sample
845,-136.470834350586,67.9041676839193,weighted_sample
846,-123.195834350586,67.9041676839193,weighted_sample
847,-104.570834350586,67.9041676839193,weighted_sample
848,-90.1625010172526,67.8791676839193,weighted_sample
849,-150.854167683919,67.8708343505859,weighted_sample
850,-159.587501017253,67.8625010172526,weighted_sample
851,-154.029167683919,67.8625010172526,weighted_sample
852,-150.445834350586,67.8625010172526,weighted_sample
853,-138.312501017253,67.8625010172526,weighted_sample
854,-145.812501017253,67.8541676839193,weighted_sample
855,-126.837501017253,67.8541676839193,weighted_sample
856,-70.4208343505859,67.8541676839193,weighted_sample
857,-164.662501017253,67.8458343505859,weighted_sample
858,-163.954167683919,67.8458343505859,weighted_sample
859,-124.779167683919,67.8458343505859,weighted_sample
860,-159.079167683919,67.8291676839193,weighted_sample
861,-65.3541676839193,67.8208343505859,weighted_sample
862,-144.487501017253,67.8125010172526,weighted_sample
863,-159.404167683919,67.8041676839193,weighted_sample
864,-157.054167683919,67.7958343505859,weighted_sample
865,-135.012501017253,67.7875010172526,weighted_sample
866,-69.5208343505859,67.7875010172526,weighted_sample
867,-153.037501017253,67.7791676839193,weighted_sample
868,-150.554167683919,67.7791676839193,weighted_sample
869,-135.220834350586,67.7791676839193,weighted_sample
870,-161.037501017253,67.7708343505859,weighted_sample
871,-157.495834350586,67.7708343505859,weighted_sample
872,-153.470834350586,67.7708343505859,weighted_sample
873,-163.420834350586,67.7625010172526,weighted_sample
874,-115.887501017253,67.7625010172526,weighted_sample
875,-176.487501017253,67.7541676839193,weighted_sample
876,-163.270834350586,67.7541676839193,weighted_sample
877,-135.254167683919,67.7541676839193,weighted_sample
878,-72.2041676839193,67.7541676839193,weighted_sample
879,-146.012501017253,67.7375010172526,weighted_sample
880,-106.295834350586,67.7375010172526,weighted_sample
881,-115.937501017253,67.7291676839193,weighted_sample
882,-69.3458343505859,67.7291676839193,weighted_sample
883,-71.0958343505859,67.7208343505859,weighted_sample
884,-156.579167683919,67.7125010172526,weighted_sample
885,-105.062501017253,67.7125010172526,weighted_sample
886,-156.262501017253,67.6958343505859,weighted_sample
887,-68.445834350586,67.6958343505859,weighted_sample
888,-163.887501017253,67.6875010172526,weighted_sample
889,-116.620834350586,67.6875010172526,weighted_sample
890,-144.829167683919,67.6708343505859,weighted_sample
891,-134.512501017253,67.6708343505859,weighted_sample
892,-127.129167683919,67.6708343505859,weighted_sample
893,-134.337501017253,67.6625010172526,weighted_sample
894,-52.7541676839193,67.6625010172526,weighted_sample
895,-150.812501017253,67.6541676839193,weighted_sample
896,-149.929167683919,67.6541676839193,weighted_sample
897,-76.3708343505859,67.6541676839193,weighted_sample
898,-84.1375010172526,67.6458343505859,weighted_sample
899,-158.487501017253,67.6375010172526,weighted_sample
900,-146.879167683919,67.6375010172526,weighted_sample
901,-156.479167683919,67.6291676839193,weighted_sample
902,-141.679167683919,67.6291676839193,weighted_sample
903,-85.9375010172526,67.6291676839193,weighted_sample
904,-83.120834350586,67.6291676839193,weighted_sample
905,-99.1208343505859,67.6208343505859,weighted_sample
906,-144.387501017253,67.6125010172526,weighted_sample
907,-141.737501017253,67.6041676839193,weighted_sample
908,-101.462501017253,67.6041676839193,weighted_sample
909,-76.4958343505859,67.6041676839193,weighted_sample
910,-152.895834350586,67.5958343505859,weighted_sample
911,-134.720834350586,67.5958343505859,weighted_sample
912,-176.379167683919,67.5791676839193,weighted_sample
913,-122.329167683919,67.5791676839193,weighted_sample
914,-163.845834350586,67.5708343505859,weighted_sample
915,-128.987501017253,67.5708343505859,weighted_sample
916,-106.029167683919,67.5625010172526,weighted_sample
917,-153.937501017253,67.5541676839193,weighted_sample
918,-52.4708343505859,67.5541676839193,weighted_sample
919,-114.029167683919,67.5458343505859,weighted_sample
920,-64.3041676839193,67.5458343505859,weighted_sample
921,-157.262501017253,67.5375010172526,weighted_sample
922,-157.987501017253,67.5208343505859,weighted_sample
923,-153.870834350586,67.4958343505859,weighted_sample
924,-149.579167683919,67.4875010172526,weighted_sample
925,-160.504167683919,67.4791676839193,weighted_sample
926,-153.270834350586,67.4625010172526,weighted_sample
927,-139.304167683919,67.4541676839193,weighted_sample
928,-120.470834350586,67.4458343505859,weighted_sample
929,-96.7875010172526,67.4375010172526,weighted_sample
930,-163.679167683919,67.4291676839193,weighted_sample
931,-141.829167683919,67.4291676839193,weighted_sample
932,-162.795834350586,67.4208343505859,weighted_sample
933,-107.987501017253,67.4208343505859,weighted_sample
934,-162.954167683919,67.4125010172526,weighted_sample
935,-156.304167683919,67.4125010172526,weighted_sample
936,-70.9291676839193,67.4125010172526,weighted_sample
937,-145.287501017253,67.4041676839193,weighted_sample
938,-150.595834350586,67.3958343505859,weighted_sample
939,-162.220834350586,67.3875010172526,weighted_sample
940,-143.545834350586,67.3875010172526,weighted_sample
941,-142.220834350586,67.3875010172526,weighted_sample
942,-104.670834350586,67.3875010172526,weighted_sample
943,-50.6625010172526,67.3791676839193,weighted_sample
944,-153.354167683919,67.3708343505859,weighted_sample
945,-132.595834350586,67.3708343505859,weighted_sample
946,-83.5791676839193,67.3708343505859,weighted_sample
947,-158.604167683919,67.3625010172526,weighted_sample
948,-145.354167683919,67.3625010172526,weighted_sample
949,-132.595834350586,67.3625010172526,weighted_sample
950,-153.779167683919,67.3541676839193,weighted_sample
951,-146.029167683919,67.3541676839193,weighted_sample
952,-145.787501017253,67.3541676839193,weighted_sample
953,-130.595834350586,67.3541676839193,weighted_sample
954,-129.804167683919,67.3458343505859,weighted_sample
955,-119.887501017253,67.3458343505859,weighted_sample
956,-149.345834350586,67.3375010172526,weighted_sample
957,-145.812501017253,67.3375010172526,weighted_sample
958,-141.654167683919,67.3375010172526,weighted_sample
959,-136.429167683919,67.3375010172526,weighted_sample
960,-158.412501017253,67.3291676839193,weighted_sample
961,-141.737501017253,67.3208343505859,weighted_sample
962,-63.6958343505859,67.3208343505859,weighted_sample
963,-152.662501017253,67.3125010172526,weighted_sample
964,-141.404167683919,67.3125010172526,weighted_sample
965,-141.320834350586,67.3125010172526,weighted_sample
966,-117.370834350586,67.3125010172526,weighted_sample
967,-175.195834350586,67.3041676839193,weighted_sample
968,-105.712501017253,67.3041676839193,weighted_sample
969,-102.695834350586,67.3041676839193,weighted_sample
970,-93.5958343505859,67.3041676839193,weighted_sample
971,-156.220834350586,67.2958343505859,weighted_sample
972,-132.854167683919,67.2958343505859,weighted_sample
973,-132.795834350586,67.2958343505859,weighted_sample
974,-139.670834350586,67.2791676839193,weighted_sample
975,-155.604167683919,67.2708343505859,weighted_sample
976,-107.637501017253,67.2708343505859,weighted_sample
977,-175.904167683919,67.2625010172526,weighted_sample
978,-162.237501017253,67.2625010172526,weighted_sample
979,-118.812501017253,67.2625010172526,weighted_sample
980,-106.654167683919,67.2625010172526,weighted_sample
981,-102.487501017253,67.2625010172526,weighted_sample
982,-175.120834350586,67.2541676839193,weighted_sample
983,-130.029167683919,67.2541676839193,weighted_sample
984,-129.354167683919,67.2541676839193,weighted_sample
985,-70.8208343505859,67.2541676839193,weighted_sample
986,-155.854167683919,67.2375010172526,weighted_sample
987,-151.912501017253,67.2375010172526,weighted_sample
988,-141.787501017253,67.2375010172526,weighted_sample
989,-134.987501017253,67.2375010172526,weighted_sample
990,-115.154167683919,67.2375010172526,weighted_sample
991,-142.654167683919,67.2291676839193,weighted_sample
992,-119.170834350586,67.2208343505859,weighted_sample
993,-132.837501017253,67.2125010172526,weighted_sample
994,-137.245834350586,67.2041676839193,weighted_sample
995,-130.095834350586,67.2041676839193,weighted_sample
996,-121.254167683919,67.2041676839193,weighted_sample
997,-95.0875010172526,67.2041676839193,weighted_sample
998,-125.629167683919,67.1958343505859,weighted_sample
999,-94.4958343505859,67.1958343505859,weighted_sample
1000,-150.804167683919,67.1875010172526,weighted_sample
1001,-129.945834350586,67.1875010172526,weighted_sample
1002,-135.279167683919,67.1791676839193,weighted_sample
1003,-153.504167683919,67.1708343505859,weighted_sample
1004,-135.304167683919,67.1708343505859,weighted_sample
1005,-135.112501017253,67.1708343505859,weighted_sample
1006,-134.995834350586,67.1708343505859,weighted_sample
1007,-105.645834350586,67.1708343505859,weighted_sample
1008,-154.695834350586,67.1541676839193,weighted_sample
1009,-152.454167683919,67.1458343505859,weighted_sample
1010,-138.062501017253,67.1375010172526,weighted_sample
1011,-87.3875010172526,67.1375010172526,weighted_sample
1012,-68.0958343505859,67.1375010172526,weighted_sample
1013,-101.954167683919,67.1125010172526,weighted_sample
1014,-158.045834350586,67.1041676839193,weighted_sample
1015,-153.304167683919,67.0958343505859,weighted_sample
1016,-144.870834350586,67.0958343505859,weighted_sample
1017,-175.462501017253,67.0875010172526,weighted_sample
1018,-160.220834350586,67.0875010172526,weighted_sample
1019,-135.512501017253,67.0875010172526,weighted_sample
1020,-119.112501017253,67.0875010172526,weighted_sample
1021,-110.095834350586,67.0875010172526,weighted_sample
1022,-51.2208343505859,67.0875010172526,weighted_sample
1023,-176.620834350586,67.0791676839193,weighted_sample
1024,-178.629167683919,67.0708343505859,weighted_sample
1025,-156.079167683919,67.0708343505859,weighted_sample
1026,-138.045834350586,67.0708343505859,weighted_sample
1027,-149.212501017253,67.0625010172526,weighted_sample
1028,-147.337501017253,67.0625010172526,weighted_sample
1029,-142.387501017253,67.0625010172526,weighted_sample
1030,-129.862501017253,67.0625010172526,weighted_sample
1031,-154.462501017253,67.0541676839193,weighted_sample
1032,-161.587501017253,67.0458343505859,weighted_sample
1033,-94.6041676839193,67.0458343505859,weighted_sample
1034,-99.4958343505859,67.0375010172526,weighted_sample
1035,-89.4291676839193,67.0375010172526,weighted_sample
1036,-162.495834350586,67.0208343505859,weighted_sample
1037,-158.345834350586,67.0208343505859,weighted_sample
1038,-116.420834350586,67.0208343505859,weighted_sample
1039,-130.170834350586,67.0125010172526,weighted_sample
1040,-94.9208343505859,67.0041676839193,weighted_sample
1041,-105.995834350586,66.9958343505859,weighted_sample
1042,-101.912501017253,66.9958343505859,weighted_sample
1043,-124.204167683919,66.9875010172526,weighted_sample
1044,-50.5625010172526,66.9875010172526,weighted_sample
1045,-177.220834350586,66.9791676839193,weighted_sample
1046,-175.695834350586,66.9791676839193,weighted_sample
1047,-176.187501017253,66.9541676839193,weighted_sample
1048,-135.104167683919,66.9541676839193,weighted_sample
1049,-132.245834350586,66.9541676839193,weighted_sample
1050,-142.537501017253,66.9458343505859,weighted_sample
1051,-172.012501017253,66.9375010172526,weighted_sample
1052,-142.870834350586,66.9375010172526,weighted_sample
1053,-129.895834350586,66.9291676839193,weighted_sample
1054,-155.462501017253,66.9208343505859,weighted_sample
1055,-109.562501017253,66.9208343505859,weighted_sample
1056,-157.129167683919,66.9125010172526,weighted_sample
1057,-155.737501017253,66.9125010172526,weighted_sample
1058,-114.129167683919,66.9041676839193,weighted_sample
1059,-111.179167683919,66.9041676839193,weighted_sample
1060,-92.8291676839193,66.9041676839193,weighted_sample
1061,-176.729167683919,66.8875010172526,weighted_sample
1062,-51.8375010172526,66.8875010172526,weighted_sample
1063,-138.020834350586,66.8791676839193,weighted_sample
1064,-150.279167683919,66.8708343505859,weighted_sample
1065,-148.045834350586,66.8625010172526,weighted_sample
1066,-128.245834350586,66.8625010172526,weighted_sample
1067,-95.4875010172526,66.8625010172526,weighted_sample
1068,-172.820834350586,66.8541676839193,weighted_sample
1069,-89.920834350586,66.8375010172526,weighted_sample
1070,-126.020834350586,66.8291676839193,weighted_sample
1071,-103.970834350586,66.8291676839193,weighted_sample
1072,-86.4375010172526,66.8291676839193,weighted_sample
1073,-91.1875010172526,66.8125010172526,weighted_sample
1074,-95.6375010172526,66.7958343505859,weighted_sample
1075,-173.420834350586,66.7875010172526,weighted_sample
1076,-134.679167683919,66.7708343505859,weighted_sample
1077,-82.6291676839193,66.7708343505859,weighted_sample
1078,-53.2291676839193,66.7708343505859,weighted_sample
1079,-177.029167683919,66.7625010172526,weighted_sample
1080,-158.829167683919,66.7625010172526,weighted_sample
1081,-134.370834350586,66.7625010172526,weighted_sample
1082,-93.9541676839193,66.7541676839193,weighted_sample
1083,-93.7291676839193,66.7541676839193,weighted_sample
1084,-171.845834350586,66.7458343505859,weighted_sample
1085,-85.4875010172526,66.7458343505859,weighted_sample
1086,-83.4125010172526,66.7458343505859,weighted_sample
1087,-175.187501017253,66.7375010172526,weighted_sample
1088,-113.479167683919,66.7375010172526,weighted_sample
1089,-160.620834350586,66.7041676839193,weighted_sample
1090,-119.212501017253,66.7041676839193,weighted_sample
1091,-132.962501017253,66.6958343505859,weighted_sample
1092,-100.612501017253,66.6875010172526,weighted_sample
1093,-139.704167683919,66.6791676839193,weighted_sample
1094,-97.1458343505859,66.6708343505859,weighted_sample
1095,-82.6791676839193,66.6625010172526,weighted_sample
1096,-73.0708343505859,66.6625010172526,weighted_sample
1097,-68.1041676839193,66.6625010172526,weighted_sample
1098,-161.670834350586,66.6458343505859,weighted_sample
1099,-130.662501017253,66.6458343505859,weighted_sample
1100,-94.2458343505859,66.6458343505859,weighted_sample
1101,-152.954167683919,66.6375010172526,weighted_sample
1102,-82.8791676839193,66.6375010172526,weighted_sample
1103,-178.587501017253,66.6041676839193,weighted_sample
1104,-115.120834350586,66.5958343505859,weighted_sample
1105,-143.804167683919,66.5875010172526,weighted_sample
1106,-177.204167683919,66.5791676839193,weighted_sample
1107,-97.5791676839193,66.5708343505859,weighted_sample
1108,-138.587501017253,66.5541676839193,weighted_sample
1109,-109.445834350586,66.5541676839193,weighted_sample
1110,-178.154167683919,66.5458343505859,weighted_sample
1111,-124.087501017253,66.5458343505859,weighted_sample
1112,-163.987501017253,66.5375010172526,weighted_sample
1113,-177.287501017253,66.5291676839193,weighted_sample
1114,-175.587501017253,66.5291676839193,weighted_sample
1115,-172.270834350586,66.5291676839193,weighted_sample
1116,-158.612501017253,66.5291676839193,weighted_sample
1117,-109.320834350586,66.5291676839193,weighted_sample
1118,-173.279167683919,66.5208343505859,weighted_sample
1119,-176.779167683919,66.5125010172526,weighted_sample
1120,-172.970834350586,66.5125010172526,weighted_sample
1121,-52.1458343505859,66.5125010172526,weighted_sample
1122,-138.120834350586,66.5041676839193,weighted_sample
1123,-138.037501017253,66.5041676839193,weighted_sample
1124,-153.004167683919,66.4958343505859,weighted_sample
1125,-152.995834350586,66.4958343505859,weighted_sample
1126,-157.345834350586,66.4708343505859,weighted_sample
1127,-172.262501017253,66.4541676839193,weighted_sample
1128,-124.829167683919,66.4458343505859,weighted_sample
1129,-83.3791676839193,66.4458343505859,weighted_sample
1130,-91.4958343505859,66.4375010172526,weighted_sample
1131,-90.7375010172526,66.4125010172526,weighted_sample
1132,-154.112501017253,66.4041676839193,weighted_sample
1133,-99.2125010172526,66.4041676839193,weighted_sample
1134,-174.770834350586,66.3958343505859,weighted_sample
1135,-87.2541676839193,66.3875010172526,weighted_sample
1136,-153.045834350586,66.3791676839193,weighted_sample
1137,-172.970834350586,66.3708343505859,weighted_sample
1138,-88.5625010172526,66.3625010172526,weighted_sample
1139,-68.3375010172526,66.3625010172526,weighted_sample
1140,-128.195834350586,66.3541676839193,weighted_sample
1141,-176.229167683919,66.3458343505859,weighted_sample
1142,-175.579167683919,66.3458343505859,weighted_sample
1143,-175.462501017253,66.3458343505859,weighted_sample
1144,-158.520834350586,66.3375010172526,weighted_sample
1145,-132.612501017253,66.3375010172526,weighted_sample
1146,-66.7708343505859,66.3375010172526,weighted_sample
1147,-138.695834350586,66.3291676839193,weighted_sample
1148,-66.8041676839193,66.3291676839193,weighted_sample
1149,-176.612501017253,66.3208343505859,weighted_sample
1150,-100.787501017253,66.3125010172526,weighted_sample
1151,-117.562501017253,66.2875010172526,weighted_sample
1152,-171.912501017253,66.2791676839193,weighted_sample
1153,-112.520834350586,66.2791676839193,weighted_sample
1154,-164.637501017253,66.2708343505859,weighted_sample
1155,-174.687501017253,66.2625010172526,weighted_sample
1156,-173.312501017253,66.2625010172526,weighted_sample
1157,-138.004167683919,66.2625010172526,weighted_sample
1158,-156.454167683919,66.2541676839193,weighted_sample
1159,-137.970834350586,66.2458343505859,weighted_sample
1160,-109.987501017253,66.2458343505859,weighted_sample
1161,-170.704167683919,66.2375010172526,weighted_sample
1162,-68.3208343505859,66.2375010172526,weighted_sample
1163,-156.187501017253,66.2291676839193,weighted_sample
1164,-170.762501017253,66.2208343505859,weighted_sample
1165,-102.237501017253,66.2208343505859,weighted_sample
1166,-130.354167683919,66.2125010172526,weighted_sample
1167,-127.687501017253,66.2125010172526,weighted_sample
1168,-89.0958343505859,66.2041676839193,weighted_sample
1169,-64.9791676839193,66.2041676839193,weighted_sample
1170,-171.379167683919,66.1958343505859,weighted_sample
1171,-158.812501017253,66.1958343505859,weighted_sample
1172,-176.712501017253,66.1791676839193,weighted_sample
1173,-122.029167683919,66.1791676839193,weighted_sample
1174,-177.345834350586,66.1708343505859,weighted_sample
1175,-69.6708343505859,66.1708343505859,weighted_sample
1176,-172.104167683919,66.1625010172526,weighted_sample
1177,-158.237501017253,66.1541676839193,weighted_sample
1178,-111.312501017253,66.1458343505859,weighted_sample
1179,-108.787501017253,66.1458343505859,weighted_sample
1180,-171.312501017253,66.1375010172526,weighted_sample
1181,-164.729167683919,66.1375010172526,weighted_sample
1182,-122.712501017253,66.1375010172526,weighted_sample
1183,-95.2375010172526,66.1208343505859,weighted_sample
1184,-170.095834350586,66.1041676839193,weighted_sample
1185,-176.012501017253,66.0958343505859,weighted_sample
1186,-172.837501017253,66.0791676839193,weighted_sample
1187,-111.745834350586,66.0791676839193,weighted_sample
1188,-108.520834350586,66.0791676839193,weighted_sample
1189,-65.3541676839193,66.0791676839193,weighted_sample
1190,-176.195834350586,66.0708343505859,weighted_sample
1191,-171.729167683919,66.0708343505859,weighted_sample
1192,-95.3541676839193,66.0625010172526,weighted_sample
1193,-132.854167683919,66.0458343505859,weighted_sample
1194,-171.620834350586,66.0291676839193,weighted_sample
1195,-177.854167683919,66.0208343505859,weighted_sample
1196,-172.329167683919,66.0208343505859,weighted_sample
1197,-170.345834350586,66.0208343505859,weighted_sample
1198,-171.770834350586,66.0125010172526,weighted_sample
1199,-166.654167683919,66.0125010172526,weighted_sample
1200,-153.054167683919,66.0125010172526,weighted_sample
1201,-91.2541676839193,66.0041676839193,weighted_sample
1202,-140.020834350586,65.9875010172526,weighted_sample
1203,-110.654167683919,65.9791676839193,weighted_sample
1204,-65.4708343505859,65.9791676839193,weighted_sample
1205,-178.720834350586,65.9708343505859,weighted_sample
1206,-160.987501017253,65.9625010172526,weighted_sample
1207,-93.8791676839193,65.9625010172526,weighted_sample
1208,-176.154167683919,65.9541676839193,weighted_sample
1209,-96.2458343505859,65.9541676839193,weighted_sample
1210,-72.2125010172526,65.9375010172526,weighted_sample
1211,-114.462501017253,65.9291676839193,weighted_sample
1212,-110.045834350586,65.9291676839193,weighted_sample
1213,-90.3541676839193,65.9208343505859,weighted_sample
1214,-110.437501017253,65.9041676839193,weighted_sample
1215,-106.845834350586,65.9041676839193,weighted_sample
1216,-68.3708343505859,65.9041676839193,weighted_sample
1217,-68.7125010172526,65.8958343505859,weighted_sample
1218,-137.162501017253,65.8708343505859,weighted_sample
1219,-176.612501017253,65.8625010172526,weighted_sample
1220,-175.112501017253,65.8625010172526,weighted_sample
1221,-115.454167683919,65.8625010172526,weighted_sample
1222,-161.787501017253,65.8541676839193,weighted_sample
1223,-123.029167683919,65.8541676839193,weighted_sample
1224,-113.445834350586,65.8541676839193,weighted_sample
1225,-90.6791676839193,65.8541676839193,weighted_sample
1226,-173.737501017253,65.8458343505859,weighted_sample
1227,-139.937501017253,65.8291676839193,weighted_sample
1228,-71.1291676839193,65.8291676839193,weighted_sample
1229,-174.087501017253,65.8208343505859,weighted_sample
1230,-71.5541676839193,65.8208343505859,weighted_sample
1231,-176.104167683919,65.8125010172526,weighted_sample
1232,-138.437501017253,65.8125010172526,weighted_sample
1233,-110.762501017253,65.8125010172526,weighted_sample
1234,-130.337501017253,65.7958343505859,weighted_sample
1235,-108.879167683919,65.7958343505859,weighted_sample
1236,-108.004167683919,65.7958343505859,weighted_sample
1237,-152.579167683919,65.7875010172526,weighted_sample
1238,-151.112501017253,65.7791676839193,weighted_sample
1239,-137.987501017253,65.7791676839193,weighted_sample
1240,-86.870834350586,65.7791676839193,weighted_sample
1241,-170.879167683919,65.7708343505859,weighted_sample
1242,-138.004167683919,65.7708343505859,weighted_sample
1243,-165.662501017253,65.7625010172526,weighted_sample
1244,-159.204167683919,65.7625010172526,weighted_sample
1245,-150.979167683919,65.7625010172526,weighted_sample
1246,-160.929167683919,65.7458343505859,weighted_sample
1247,-102.945834350586,65.7458343505859,weighted_sample
1248,-166.045834350586,65.7375010172526,weighted_sample
1249,-161.654167683919,65.7375010172526,weighted_sample
1250,-150.912501017253,65.7291676839193,weighted_sample
1251,-175.362501017253,65.7125010172526,weighted_sample
1252,-162.645834350586,65.7041676839193,weighted_sample
1253,-139.870834350586,65.7041676839193,weighted_sample
1254,-128.445834350586,65.7041676839193,weighted_sample
1255,-118.945834350586,65.7041676839193,weighted_sample
1256,-162.304167683919,65.6958343505859,weighted_sample
1257,-150.854167683919,65.6875010172526,weighted_sample
1258,-112.654167683919,65.6875010172526,weighted_sample
1259,-152.254167683919,65.6791676839193,weighted_sample
1260,-174.237501017253,65.6625010172526,weighted_sample
1261,-157.362501017253,65.6625010172526,weighted_sample
1262,-176.904167683919,65.6541676839193,weighted_sample
1263,-174.154167683919,65.6541676839193,weighted_sample
1264,-161.020834350586,65.6541676839193,weighted_sample
1265,-138.779167683919,65.6541676839193,weighted_sample
1266,-166.254167683919,65.6458343505859,weighted_sample
1267,-148.587501017253,65.6375010172526,Harvard Forest (LTER-HFR)
1268,-167.395834350586,65.6291676839193,weighted_sample
1269,-65.1458343505859,65.6291676839193,weighted_sample
1270,-111.512501017253,65.6208343505859,weighted_sample
1271,-73.4125010172526,65.6208343505859,weighted_sample
1272,-51.8125010172526,65.6208343505859,weighted_sample
1273,-161.662501017253,65.6041676839193,weighted_sample
1274,-114.837501017253,65.6041676839193,weighted_sample
1275,-108.070834350586,65.6041676839193,weighted_sample
1276,-167.220834350586,65.5958343505859,weighted_sample
1277,-103.554167683919,65.5958343505859,weighted_sample
1278,-174.662501017253,65.5875010172526,weighted_sample
1279,-173.770834350586,65.5875010172526,weighted_sample
1280,-136.104167683919,65.5875010172526,weighted_sample
1281,-159.170834350586,65.5791676839193,weighted_sample
1282,-131.937501017253,65.5791676839193,weighted_sample
1283,-164.445834350586,65.5708343505859,weighted_sample
1284,-91.7041676839193,65.5708343505859,weighted_sample
1285,-137.562501017253,65.5625010172526,weighted_sample
1286,-128.787501017253,65.5625010172526,weighted_sample
1287,-161.662501017253,65.5541676839193,weighted_sample
1288,-175.112501017253,65.5375010172526,weighted_sample
1289,-23.2458343505859,65.5375010172526,weighted_sample
1290,-157.579167683919,65.5291676839193,weighted_sample
1291,-51.1875010172526,65.5208343505859,weighted_sample
1292,-21.3875010172526,65.5208343505859,weighted_sample
1293,-171.187501017253,65.5125010172526,weighted_sample
1294,-166.979167683919,65.5125010172526,weighted_sample
1295,-146.929167683919,65.5125010172526,weighted_sample
1296,-131.579167683919,65.5125010172526,weighted_sample
1297,-139.220834350586,65.5041676839193,weighted_sample
1298,-174.395834350586,65.4958343505859,weighted_sample
1299,-159.145834350586,65.4958343505859,weighted_sample
1300,-127.970834350586,65.4875010172526,weighted_sample
1301,-177.562501017253,65.4791676839193,weighted_sample
1302,-151.929167683919,65.4791676839193,weighted_sample
1303,-123.679167683919,65.4708343505859,weighted_sample
1304,-173.529167683919,65.4625010172526,weighted_sample
1305,-68.7875010172526,65.4625010172526,weighted_sample
1306,-68.9291676839193,65.4541676839193,weighted_sample
1307,-139.529167683919,65.4291676839193,weighted_sample
1308,-69.5375010172526,65.4291676839193,weighted_sample
1309,-125.995834350586,65.4125010172526,weighted_sample
1310,-109.920834350586,65.4125010172526,weighted_sample
1311,-87.3125010172526,65.4125010172526,weighted_sample
1312,-146.520834350586,65.4041676839193,weighted_sample
1313,-130.687501017253,65.4041676839193,weighted_sample
1314,-148.937501017253,65.3958343505859,Mead - rainfed maize-soybean rotation site (US-Ne3)
1315,-74.1791676839193,65.3958343505859,weighted_sample
1316,-91.2375010172526,65.3875010172526,weighted_sample
1317,-149.787501017253,65.3791676839193,weighted_sample
1318,-147.812501017253,65.3791676839193,weighted_sample
1319,-104.937501017253,65.3791676839193,weighted_sample
1320,-146.362501017253,65.3708343505859,Metolius-old aged ponderosa pine (Us-Me4)
1321,-144.479167683919,65.3625010172526,weighted_sample
1322,-74.7708343505859,65.3625010172526,weighted_sample
1323,-172.954167683919,65.3541676839193,weighted_sample
1324,-140.704167683919,65.3541676839193,weighted_sample
1325,-161.320834350586,65.3458343505859,weighted_sample
1326,-133.045834350586,65.3458343505859,weighted_sample
1327,-174.562501017253,65.3291676839193,weighted_sample
1328,-174.095834350586,65.3291676839193,weighted_sample
1329,-172.254167683919,65.3291676839193,weighted_sample
1330,-147.179167683919,65.3291676839193,weighted_sample
1331,-115.837501017253,65.3291676839193,weighted_sample
1332,-69.6458343505859,65.3291676839193,weighted_sample
1333,-147.929167683919,65.3208343505859,Slashpine-Donaldson-mid-rot- 12yrs (US-SP3)
1334,-175.170834350586,65.3125010172526,weighted_sample
1335,-64.8791676839193,65.3041676839193,weighted_sample
1336,-175.662501017253,65.2958343505859,weighted_sample
1337,-162.245834350586,65.2958343505859,weighted_sample
1338,-104.520834350586,65.2958343505859,weighted_sample
1339,-90.7458343505859,65.2875010172526,weighted_sample
1340,-147.137501017253,65.2625010172526,Metolius-intermediate aged ponderosa pine (US-Me2)
1341,-148.920834350586,65.2458343505859,Little Washita Watershed (US-LWW)
1342,-133.904167683919,65.2458343505859,weighted_sample
1343,-63.7625010172526,65.2458343505859,weighted_sample
1344,-116.587501017253,65.2375010172526,weighted_sample
1345,-101.979167683919,65.2375010172526,weighted_sample
1346,-173.137501017253,65.2291676839193,weighted_sample
1347,-165.979167683919,65.2291676839193,weighted_sample
1348,-165.662501017253,65.2291676839193,weighted_sample
1349,-152.204167683919,65.2291676839193,weighted_sample
1350,-73.9458343505859,65.2291676839193,weighted_sample
1351,-50.0791676839193,65.2208343505859,weighted_sample
1352,-165.495834350586,65.2125010172526,weighted_sample
1353,-128.329167683919,65.2041676839193,weighted_sample
1354,-88.5541676839193,65.2041676839193,weighted_sample
1355,-173.245834350586,65.1875010172526,weighted_sample
1356,-150.054167683919,65.1875010172526,"Bonanza Creek, 1987 Burn site near Delta Junction (US-Bn2)"
1357,-138.204167683919,65.1875010172526,weighted_sample
1358,-22.1875010172526,65.1875010172526,weighted_sample
1359,-175.320834350586,65.1625010172526,weighted_sample
1360,-162.929167683919,65.1625010172526,weighted_sample
1361,-69.070834350586,65.1625010172526,weighted_sample
1362,-165.212501017253,65.1541676839193,weighted_sample
1363,-161.770834350586,65.1541676839193,weighted_sample
1364,-147.504167683919,65.1541676839193,Lost Creek (US-Los)
1365,-151.804167683919,65.1458343505859,Imnavait Creek Watershed Heath Tundra (US-ICh)
1366,-146.995834350586,65.1458343505859,weighted_sample
1367,-144.520834350586,65.1458343505859,weighted_sample
1368,-52.3375010172526,65.1458343505859,weighted_sample
1369,-166.395834350586,65.1375010172526,weighted_sample
1370,-131.087501017253,65.1375010172526,weighted_sample
1371,-106.304167683919,65.1291676839193,weighted_sample
1372,-68.1791676839193,65.1291676839193,weighted_sample
1373,-67.5708343505859,65.1291676839193,weighted_sample
1374,-159.237501017253,65.1208343505859,weighted_sample
1375,-147.487501017253,65.1208343505859,Palamanui
1376,-147.429167683919,65.1208343505859,Poker Flat Research Range Black Spruce Forest (US-Prr)
1377,-83.5625010172526,65.1125010172526,weighted_sample
1378,-174.512501017253,65.1041676839193,weighted_sample
1379,-163.795834350586,65.1041676839193,weighted_sample
1380,-135.045834350586,65.0958343505859,weighted_sample
1381,-73.0208343505859,65.0958343505859,weighted_sample
1382,-142.845834350586,65.0791676839193,weighted_sample
1383,-106.004167683919,65.0791676839193,weighted_sample
1384,-173.945834350586,65.0625010172526,weighted_sample
1385,-138.637501017253,65.0625010172526,weighted_sample
1386,-98.3541676839193,65.0625010172526,weighted_sample
1387,-91.1125010172526,65.0541676839193,weighted_sample
1388,-20.8625010172526,65.0541676839193,weighted_sample
1389,-123.795834350586,65.0375010172526,weighted_sample
1390,-121.687501017253,65.0375010172526,weighted_sample
1391,-161.804167683919,65.0291676839193,weighted_sample
1392,-159.312501017253,65.0291676839193,weighted_sample
1393,-173.979167683919,65.0208343505859,weighted_sample
1394,-174.312501017253,65.0125010172526,weighted_sample
1395,-145.154167683919,65.0125010172526,Valles Caldera National Preserve (Mixed Conifer) (US-Vcm)
1396,-150.979167683919,65.0041676839193,Rannells Ranch (ungrazed) (US-Ra1)
1397,-139.679167683919,65.0041676839193,weighted_sample
1398,-132.012501017253,65.0041676839193,weighted_sample
1399,-150.237501017253,64.9958343505859,weighted_sample
1400,-137.129167683919,64.9958343505859,weighted_sample
1401,-159.620834350586,64.9875010172526,weighted_sample
1402,-153.970834350586,64.9875010172526,weighted_sample
1403,-144.212501017253,64.9875010172526,Little Prospect Hill (US-LPH)
1404,-107.870834350586,64.9791676839193,weighted_sample
1405,-51.9791676839193,64.9791676839193,weighted_sample
1406,-175.120834350586,64.9708343505859,weighted_sample
1407,-110.420834350586,64.9708343505859,weighted_sample
1408,-68.6041676839193,64.9708343505859,weighted_sample
1409,-174.462501017253,64.9625010172526,weighted_sample
1410,-164.862501017253,64.9625010172526,weighted_sample
1411,-97.4875010172526,64.9625010172526,weighted_sample
1412,-143.712501017253,64.9541676839193,weighted_sample
1413,-146.504167683919,64.9458343505859,Audubon Research Ranch (US-Aud)
1414,-173.987501017253,64.9375010172526,weighted_sample
1415,-106.445834350586,64.9375010172526,weighted_sample
1416,-51.7875010172526,64.9291676839193,weighted_sample
1417,-164.054167683919,64.9208343505859,weighted_sample
1418,-73.9708343505859,64.9208343505859,weighted_sample
1419,-173.379167683919,64.9125010172526,weighted_sample
1420,-162.345834350586,64.9041676839193,weighted_sample
1421,-149.387501017253,64.8875010172526,ARM Southern Great Plains burn site- Lamont (US-ARb)
1422,-98.4541676839193,64.8875010172526,weighted_sample
1423,-165.487501017253,64.8791676839193,weighted_sample
1424,-137.670834350586,64.8791676839193,weighted_sample
1425,-125.520834350586,64.8791676839193,weighted_sample
1426,-165.670834350586,64.8708343505859,weighted_sample
1427,-111.570834350586,64.8708343505859,LBJ National Grassland (NEON-D11-CLBJ)
1428,-68.2875010172526,64.8708343505859,weighted_sample
1429,-163.704167683919,64.8625010172526,Bondville (US-Bo1)
1430,-147.845834350586,64.8625010172526,Duke Forest-open field (US-Dk1)
1431,-119.420834350586,64.8625010172526,weighted_sample
1432,-111.570834350586,64.8625010172526,Univ. of Mich. Biological Station (US-UMB)
1433,-90.6208343505859,64.8625010172526,weighted_sample
1434,-163.487501017253,64.8458343505859,weighted_sample
1435,-173.820834350586,64.8375010172526,weighted_sample
1436,-147.262501017253,64.8375010172526,Lenoir Landing (NEON-D08-LENO)
1437,-164.379167683919,64.8291676839193,weighted_sample
1438,-160.695834350586,64.8291676839193,weighted_sample
1439,-165.879167683919,64.8208343505859,weighted_sample
1440,-148.595834350586,64.8208343505859,Howland Forest (west tower) (US-Ho2)
1441,-139.920834350586,64.8208343505859,weighted_sample
1442,-139.704167683919,64.8208343505859,weighted_sample
1443,-160.787501017253,64.8125010172526,weighted_sample
1444,-155.112501017253,64.8125010172526,weighted_sample
1445,-139.187501017253,64.8125010172526,weighted_sample
1446,-105.229167683919,64.8125010172526,weighted_sample
1447,-174.362501017253,64.8041676839193,weighted_sample
1448,-173.729167683919,64.8041676839193,weighted_sample
1449,-150.920834350586,64.8041676839193,weighted_sample
1450,-113.537501017253,64.7958343505859,weighted_sample
1451,-163.470834350586,64.7875010172526,weighted_sample
1452,-162.620834350586,64.7875010172526,weighted_sample
1453,-119.745834350586,64.7875010172526,weighted_sample
1454,-145.712501017253,64.7708343505859,Tonzi Ranch (US-Ton)
1455,-102.704167683919,64.7708343505859,weighted_sample
1456,-94.1291676839193,64.7708343505859,weighted_sample
1457,-139.104167683919,64.7541676839193,weighted_sample
1458,-91.3541676839193,64.7541676839193,weighted_sample
1459,-140.504167683919,64.7458343505859,weighted_sample
1460,-21.1125010172526,64.7458343505859,weighted_sample
1461,-173.479167683919,64.7375010172526,weighted_sample
1462,-143.387501017253,64.7375010172526,weighted_sample
1463,-135.779167683919,64.7291676839193,weighted_sample
1464,-164.720834350586,64.7208343505859,weighted_sample
1465,-143.095834350586,64.7125010172526,weighted_sample
1466,-138.979167683919,64.7125010172526,weighted_sample
1467,-148.312501017253,64.7041676839193,Mayberry Wetland (US-Myb)
1468,-142.662501017253,64.7041676839193,Ordway-Swisher Biological Station (NEON-D03-OSBS)
1469,-140.587501017253,64.7041676839193,weighted_sample
1470,-138.745834350586,64.7041676839193,weighted_sample
1471,-101.762501017253,64.7041676839193,weighted_sample
1472,-148.329167683919,64.6958343505859,Smithsonian Environmental Research Center (NEON-D02-SERC)
1473,-148.320834350586,64.6958343505859,Bonanza Creek (LTER-BNZ)
1474,-103.362501017253,64.6958343505859,weighted_sample
1475,-77.0041676839193,64.6958343505859,weighted_sample
1476,-139.070834350586,64.6875010172526,weighted_sample
1477,-151.620834350586,64.6791676839193,Lewis Springs Mesquite (US-LSM)
1478,-140.695834350586,64.6791676839193,weighted_sample
1479,-88.4041676839193,64.6791676839193,weighted_sample
1480,-72.2875010172526,64.6708343505859,weighted_sample
1481,-152.587501017253,64.6625010172526,Willow Creek (US-WCr)
1482,-126.612501017253,64.6625010172526,weighted_sample
1483,-77.9375010172526,64.6625010172526,weighted_sample
1484,-173.912501017253,64.6541676839193,weighted_sample
1485,-139.387501017253,64.6541676839193,weighted_sample
1486,-150.470834350586,64.6458343505859,Sky Oaks- New Stand (US-SO4)
1487,-122.729167683919,64.6458343505859,weighted_sample
1488,-126.529167683919,64.6375010172526,weighted_sample
1489,-165.337501017253,64.6291676839193,weighted_sample
1490,-88.8791676839193,64.6291676839193,weighted_sample
1491,-172.537501017253,64.6208343505859,weighted_sample
1492,-138.795834350586,64.6208343505859,weighted_sample
1493,-130.620834350586,64.6125010172526,weighted_sample
1494,-84.7791676839193,64.6125010172526,weighted_sample
1495,-148.312501017253,64.6041676839193,weighted_sample
1496,-133.245834350586,64.6041676839193,weighted_sample
1497,-138.504167683919,64.5958343505859,weighted_sample
1498,-124.120834350586,64.5958343505859,weighted_sample
1499,-90.0125010172526,64.5958343505859,weighted_sample
1500,-165.912501017253,64.5875010172526,weighted_sample
1501,-138.079167683919,64.5875010172526,weighted_sample
1502,-95.6208343505859,64.5875010172526,weighted_sample
1503,-126.295834350586,64.5791676839193,weighted_sample
1504,-49.895834350586,64.5791676839193,weighted_sample
1505,-147.770834350586,64.5708343505859,Pine barrens #1 (PB1) (US-Wi6)
1506,-138.112501017253,64.5708343505859,weighted_sample
1507,-129.020834350586,64.5708343505859,weighted_sample
1508,-128.720834350586,64.5708343505859,weighted_sample
1509,-173.645834350586,64.5625010172526,weighted_sample
1510,-128.037501017253,64.5625010172526,weighted_sample
1511,-149.504167683919,64.5541676839193,Kellogg Biological Station (LTER-KBS)
1512,-71.6041676839193,64.5541676839193,weighted_sample
1513,-145.112501017253,64.5458343505859,Canaan Valley (US-CaV)
1514,-136.387501017253,64.5458343505859,weighted_sample
1515,-138.320834350586,64.5291676839193,weighted_sample
1516,-108.787501017253,64.5291676839193,weighted_sample
1517,-138.320834350586,64.5208343505859,weighted_sample
1518,-101.112501017253,64.5208343505859,weighted_sample
1519,-159.245834350586,64.5125010172526,weighted_sample
1520,-141.145834350586,64.5125010172526,Diablo (US-Dia)
1521,-118.512501017253,64.5125010172526,weighted_sample
1522,-113.695834350586,64.4958343505859,weighted_sample
1523,-132.804167683919,64.4875010172526,weighted_sample
1524,-93.8291676839193,64.4875010172526,weighted_sample
1525,-125.395834350586,64.4791676839193,weighted_sample
1526,-50.5958343505859,64.4791676839193,weighted_sample
1527,-109.220834350586,64.4708343505859,weighted_sample
1528,-143.979167683919,64.4625010172526,Imnavait Creek Watershed Tussock Tundra (US-ICt)
1529,-105.437501017253,64.4625010172526,weighted_sample
1530,-73.8375010172526,64.4541676839193,weighted_sample
1531,-173.679167683919,64.4458343505859,weighted_sample
1532,-121.387501017253,64.4458343505859,weighted_sample
1533,-145.870834350586,64.4375010172526,Howland Forest (harvest site) (US-Ho3)
1534,-107.295834350586,64.4375010172526,weighted_sample
1535,-151.870834350586,64.4291676839193,weighted_sample
1536,-173.845834350586,64.4125010172526,weighted_sample
1537,-136.604167683919,64.4125010172526,weighted_sample
1538,-104.387501017253,64.4041676839193,weighted_sample
1539,-90.6458343505859,64.4041676839193,weighted_sample
1540,-137.904167683919,64.3958343505859,weighted_sample
1541,-124.520834350586,64.3875010172526,weighted_sample
1542,-139.087501017253,64.3791676839193,weighted_sample
1543,-111.520834350586,64.3791676839193,weighted_sample
1544,-98.4208343505859,64.3791676839193,weighted_sample
1545,-141.945834350586,64.3625010172526,weighted_sample
1546,-126.604167683919,64.3541676839193,weighted_sample
1547,-108.929167683919,64.3541676839193,weighted_sample
1548,-158.595834350586,64.3375010172526,weighted_sample
1549,-142.270834350586,64.3291676839193,Blandy Experimental Farm (US-Bef)
1550,-137.745834350586,64.3291676839193,weighted_sample
1551,-146.604167683919,64.3208343505859,Atqasuk (US-Atq)
1552,-127.820834350586,64.3041676839193,weighted_sample
1553,-92.0125010172526,64.3041676839193,weighted_sample
1554,-77.2791676839193,64.3041676839193,weighted_sample
1555,-50.1625010172526,64.2958343505859,weighted_sample
1556,-151.504167683919,64.2875010172526,Guanica Forest (NEON-D04-GUAN)
1557,-132.279167683919,64.2791676839193,weighted_sample
1558,-113.170834350586,64.2791676839193,weighted_sample
1559,-91.4458343505859,64.2791676839193,weighted_sample
1560,-124.829167683919,64.2708343505859,weighted_sample
1561,-152.329167683919,64.2625010172526,weighted_sample
1562,-148.487501017253,64.2625010172526,Imnavait Creek Watershed Wet Sedge Tundra (US-ICs)
1563,-130.504167683919,64.2541676839193,weighted_sample
1564,-147.529167683919,64.2458343505859,Juniper Woodland Site (US-Ru1)
1565,-141.779167683919,64.2208343505859,weighted_sample
1566,-124.387501017253,64.2208343505859,weighted_sample
1567,-121.195834350586,64.2208343505859,weighted_sample
1568,-144.895834350586,64.2125010172526,Luquillo
1569,-139.770834350586,64.2041676839193,weighted_sample
1570,-125.645834350586,64.2041676839193,weighted_sample
1571,-135.429167683919,64.1958343505859,weighted_sample
1572,-143.212501017253,64.1875010172526,CRP Ungrazed site (US-Co3)
1573,-138.604167683919,64.1875010172526,weighted_sample
1574,-124.229167683919,64.1875010172526,weighted_sample
1575,-114.820834350586,64.1875010172526,weighted_sample
1576,-114.737501017253,64.1875010172526,weighted_sample
1577,-145.529167683919,64.1791676839193,weighted_sample
1578,-141.345834350586,64.1791676839193,Southern California Climate Gradient - Desert Chaparral (US-SCc)
1579,-120.329167683919,64.1791676839193,weighted_sample
1580,-134.204167683919,64.1708343505859,weighted_sample
1581,-90.0958343505859,64.1625010172526,weighted_sample
1582,-149.762501017253,64.1541676839193,Valles Caldera (US-Vca)
1583,-124.320834350586,64.1541676839193,weighted_sample
1584,-139.954167683919,64.1291676839193,weighted_sample
1585,-51.4125010172526,64.1291676839193,weighted_sample
1586,-103.087501017253,64.1041676839193,weighted_sample
1587,-67.1458343505859,64.1041676839193,weighted_sample
1588,-138.562501017253,64.0958343505859,weighted_sample
1589,-131.187501017253,64.0958343505859,weighted_sample
1590,-66.7291676839193,64.0958343505859,weighted_sample
1591,-145.820834350586,64.0541676839193,Moab (NEON-D13-MOAB)
1592,-86.1958343505859,64.0541676839193,weighted_sample
1593,-91.4541676839193,64.0458343505859,weighted_sample
1594,-98.1875010172526,64.0375010172526,weighted_sample
1595,-72.6291676839193,64.0291676839193,weighted_sample
1596,-85.8458343505859,64.0208343505859,weighted_sample
1597,-85.2875010172526,64.0208343505859,weighted_sample
1598,-116.779167683919,64.0125010172526,weighted_sample
1599,-67.5125010172526,64.0041676839193,weighted_sample
1600,-139.562501017253,63.9958343505859,weighted_sample
1601,-138.787501017253,63.9708343505859,weighted_sample
1602,-116.745834350586,63.9708343505859,weighted_sample
1603,-141.912501017253,63.9458343505859,Woodworth (NEON-D09-WOOD)
1604,-139.162501017253,63.9375010172526,weighted_sample
1605,-85.1708343505859,63.9375010172526,weighted_sample
1606,-118.270834350586,63.9291676839193,weighted_sample
1607,-145.745834350586,63.9208343505859,Shark River Slough (Tower SRS-6) Everglades (US-Skr)
1608,-145.379167683919,63.9208343505859,Niwot Ridge Mountain Research Station (NEON-D13-NIWO)
1609,-122.229167683919,63.9208343505859,weighted_sample
1610,-150.820834350586,63.9125010172526,Barrow Environmental Observatory (NEON-D18-BARR)
1611,-125.029167683919,63.9125010172526,weighted_sample
1612,-125.020834350586,63.9125010172526,weighted_sample
1613,-100.062501017253,63.9125010172526,weighted_sample
1614,-135.879167683919,63.8958343505859,weighted_sample
1615,-123.904167683919,63.8958343505859,weighted_sample
1616,-103.379167683919,63.8958343505859,weighted_sample
1617,-66.8375010172526,63.8958343505859,weighted_sample
1618,-125.420834350586,63.8875010172526,weighted_sample
1619,-84.5125010172526,63.8875010172526,weighted_sample
1620,-149.254167683919,63.8791676839193,Mature hardwood (MHW) (US-Wi3)
1621,-149.212501017253,63.8791676839193,Soaproot Saddle (NEON-D17-SOAP)
1622,-145.754167683919,63.8791676839193,Mead - irrigated maize-soybean rotation site (US-Ne2)
1623,-125.337501017253,63.8791676839193,weighted_sample
1624,-143.145834350586,63.8625010172526,weighted_sample
1625,-22.3041676839193,63.8625010172526,weighted_sample
1626,-124.970834350586,63.8541676839193,weighted_sample
1627,-151.929167683919,63.8458343505859,Cedar Creek Ecosystem Science Reserve (CDR)
1628,-147.829167683919,63.8458343505859,Dead Lake (NEON-D08-DELA)
1629,-71.4291676839193,63.8375010172526,weighted_sample
1630,-67.2875010172526,63.8375010172526,weighted_sample
1631,-105.754167683919,63.8291676839193,weighted_sample
1632,-65.3291676839193,63.8291676839193,weighted_sample
1633,-148.920834350586,63.8208343505859,Aiken (US-Akn)
1634,-124.645834350586,63.8208343505859,weighted_sample
1635,-124.120834350586,63.8208343505859,weighted_sample
1636,-105.012501017253,63.8208343505859,weighted_sample
1637,-97.4291676839193,63.8208343505859,weighted_sample
1638,-85.0041676839193,63.8208343505859,weighted_sample
1639,-125.020834350586,63.8125010172526,weighted_sample
1640,-151.870834350586,63.8041676839193,weighted_sample
1641,-143.945834350586,63.8041676839193,Twitchell Island (US-Twt)
1642,-134.662501017253,63.7958343505859,weighted_sample
1643,-133.212501017253,63.7875010172526,weighted_sample
1644,-132.379167683919,63.7875010172526,weighted_sample
1645,-143.012501017253,63.7541676839193,Talladega National Forest (NEON-D08-TALL)
1646,-146.887501017253,63.7458343505859,Mature red pine (MRP) (US-Wi4)
1647,-81.8291676839193,63.7375010172526,weighted_sample
1648,-85.2041676839193,63.7291676839193,weighted_sample
1649,-147.762501017253,63.7208343505859,weighted_sample
1650,-123.595834350586,63.7208343505859,weighted_sample
1651,-108.012501017253,63.7125010172526,weighted_sample
1652,-99.2458343505859,63.7041676839193,weighted_sample
1653,-134.787501017253,63.6791676839193,weighted_sample
1654,-113.929167683919,63.6625010172526,weighted_sample
1655,-132.595834350586,63.6541676839193,weighted_sample
1656,-143.579167683919,63.6458343505859,weighted_sample
1657,-152.762501017253,63.6291676839193,UMBS Disturbance (US-UMd)
1658,-149.495834350586,63.6291676839193,weighted_sample
1659,-148.437501017253,63.6291676839193,weighted_sample
1660,-95.9125010172526,63.6291676839193,weighted_sample
1661,-160.704167683919,63.6208343505859,weighted_sample
1662,-145.954167683919,63.6208343505859,Lindcove Orange Orchard (US-Lin)
1663,-145.579167683919,63.6208343505859,weighted_sample
1664,-141.729167683919,63.6125010172526,Bondville (companion site) (US-Bo2)
1665,-98.8875010172526,63.6125010172526,weighted_sample
1666,-158.695834350586,63.6041676839193,weighted_sample
1667,-149.979167683919,63.5875010172526,weighted_sample
1668,-104.179167683919,63.5791676839193,weighted_sample
1669,-144.837501017253,63.5458343505859,Sherman Island (US-Snd)
1670,-118.954167683919,63.5458343505859,weighted_sample
1671,-92.7208343505859,63.5291676839193,weighted_sample
1672,-122.479167683919,63.5125010172526,weighted_sample
1673,-110.637501017253,63.5041676839193,weighted_sample
1674,-96.2041676839193,63.5041676839193,weighted_sample
1675,-152.845834350586,63.4875010172526,weighted_sample
1676,-149.104167683919,63.4875010172526,weighted_sample
1677,-129.420834350586,63.4875010172526,weighted_sample
1678,-65.8458343505859,63.4875010172526,weighted_sample
1679,-125.629167683919,63.4791676839193,weighted_sample
1680,-93.4125010172526,63.4791676839193,weighted_sample
1681,-70.6875010172526,63.4625010172526,weighted_sample
1682,-151.229167683919,63.4458343505859,Slashpine-Rayonier-mid-rot- 12yrs (US-SP4)
1683,-84.7041676839193,63.4458343505859,weighted_sample
1684,-147.912501017253,63.4375010172526,weighted_sample
1685,-110.220834350586,63.4375010172526,weighted_sample
1686,-95.8791676839193,63.4375010172526,weighted_sample
1687,-148.095834350586,63.4291676839193,weighted_sample
1688,-142.479167683919,63.4291676839193,Upad (US-Upa)
1689,-104.795834350586,63.4291676839193,weighted_sample
1690,-136.404167683919,63.4208343505859,weighted_sample
1691,-103.054167683919,63.4208343505859,weighted_sample
1692,-65.0458343505859,63.4208343505859,weighted_sample
1693,-141.012501017253,63.4125010172526,Jones Ecological Research Center (NEON-D03-JERC)
1694,-122.304167683919,63.4125010172526,weighted_sample
1695,-69.5958343505859,63.4125010172526,weighted_sample
1696,-151.979167683919,63.4041676839193,San Joaquin Experimental Range (NEON-D17-SJER)
1697,-149.145834350586,63.3958343505859,weighted_sample
1698,-132.429167683919,63.3958343505859,weighted_sample
1699,-114.720834350586,63.3958343505859,weighted_sample
1700,-149.012501017253,63.3875010172526,Yellowstone Northern Range (Frog Rock) (NEON-D12-YELL)
1701,-148.587501017253,63.3875010172526,weighted_sample
1702,-95.5458343505859,63.3875010172526,weighted_sample
1703,-94.1875010172526,63.3875010172526,weighted_sample
1704,-49.6375010172526,63.3791676839193,weighted_sample
1705,-143.737501017253,63.3708343505859,Metolius-first young aged pine (US-Me5)
1706,-137.712501017253,63.3708343505859,weighted_sample
1707,-129.612501017253,63.3708343505859,weighted_sample
1708,-99.5375010172526,63.3708343505859,weighted_sample
1709,-109.704167683919,63.3625010172526,weighted_sample
1710,-149.120834350586,63.3541676839193,weighted_sample
1711,-96.0208343505859,63.3541676839193,weighted_sample
1712,-125.037501017253,63.3375010172526,weighted_sample
1713,-116.570834350586,63.3375010172526,weighted_sample
1714,-161.895834350586,63.3208343505859,weighted_sample
1715,-95.1625010172526,63.3125010172526,weighted_sample
1716,-93.4625010172526,63.2958343505859,weighted_sample
1717,-162.129167683919,63.2875010172526,weighted_sample
1718,-127.629167683919,63.2875010172526,weighted_sample
1719,-100.587501017253,63.2875010172526,weighted_sample
1720,-148.095834350586,63.2708343505859,Santa Cruz
1721,-131.970834350586,63.2708343505859,weighted_sample
1722,-162.120834350586,63.2625010172526,weighted_sample
1723,-149.745834350586,63.2625010172526,weighted_sample
1724,-146.129167683919,63.2541676839193,weighted_sample
1725,-138.795834350586,63.2541676839193,weighted_sample
1726,-114.845834350586,63.2458343505859,weighted_sample
1727,-138.895834350586,63.2375010172526,weighted_sample
1728,-124.345834350586,63.2375010172526,weighted_sample
1729,-163.979167683919,63.2208343505859,weighted_sample
1730,-107.137501017253,63.2208343505859,weighted_sample
1731,-151.320834350586,63.2125010172526,weighted_sample
1732,-149.329167683919,63.2041676839193,weighted_sample
1733,-162.729167683919,63.1958343505859,weighted_sample
1734,-169.545834350586,63.1875010172526,weighted_sample
1735,-169.420834350586,63.1875010172526,weighted_sample
1736,-105.537501017253,63.1875010172526,weighted_sample
1737,-151.404167683919,63.1708343505859,weighted_sample
1738,-145.270834350586,63.1708343505859,weighted_sample
1739,-124.195834350586,63.1708343505859,weighted_sample
1740,-116.370834350586,63.1708343505859,weighted_sample
1741,-124.229167683919,63.1625010172526,weighted_sample
1742,-114.145834350586,63.1625010172526,weighted_sample
1743,-123.254167683919,63.1541676839193,"Quebec - Eastern Boreal, Mature Black Spruce (CA-Qfo)"
1744,-110.912501017253,63.1458343505859,weighted_sample
1745,-108.670834350586,63.1458343505859,weighted_sample
1746,-144.045834350586,63.1375010172526,weighted_sample
1747,-121.920834350586,63.1375010172526,weighted_sample
1748,-152.420834350586,63.1291676839193,Toolik Lake (NEON-D18-TOOL)
1749,-138.704167683919,63.1291676839193,weighted_sample
1750,-120.787501017253,63.1291676839193,weighted_sample
1751,-144.629167683919,63.1208343505859,Cottonwood (US-Ctn)
1752,-146.137501017253,63.1125010172526,weighted_sample
1753,-147.062501017253,63.0958343505859,weighted_sample
1754,-142.995834350586,63.0875010172526,Walker Branch Watershed (US-WBW)
1755,-141.562501017253,63.0875010172526,"Saskatchewan - Western Boreal, forest burned in 1989 (CA-SF2)"
1756,-127.195834350586,63.0875010172526,weighted_sample
1757,-126.245834350586,63.0791676839193,weighted_sample
1758,-125.237501017253,63.0791676839193,weighted_sample
1759,-94.3208343505859,63.0791676839193,weighted_sample
1760,-149.654167683919,63.0625010172526,Metolius-second young aged pine (US-Me3)
1761,-162.254167683919,63.0458343505859,weighted_sample
1762,-144.112501017253,63.0458343505859,weighted_sample
1763,-135.429167683919,63.0458343505859,weighted_sample
1764,-143.512501017253,63.0291676839193,weighted_sample
1765,-96.6375010172526,63.0208343505859,weighted_sample
1766,-137.754167683919,63.0125010172526,weighted_sample
1767,-131.795834350586,63.0125010172526,weighted_sample
1768,-103.704167683919,62.9875010172526,weighted_sample
1769,-146.379167683919,62.9791676839193,weighted_sample
1770,-151.895834350586,62.9541676839193,weighted_sample
1771,-118.554167683919,62.9541676839193,weighted_sample
1772,-146.237501017253,62.9458343505859,weighted_sample
1773,-144.404167683919,62.9458343505859,weighted_sample
1774,-131.420834350586,62.9458343505859,weighted_sample
1775,-164.237501017253,62.9291676839193,weighted_sample
1776,-161.529167683919,62.9291676839193,weighted_sample
1777,-147.312501017253,62.9208343505859,Morgan Monroe State Forest (US-MMS)
1778,-140.504167683919,62.9208343505859,weighted_sample
1779,-105.212501017253,62.9208343505859,weighted_sample
1780,-68.2041676839193,62.9208343505859,weighted_sample
1781,-110.954167683919,62.9041676839193,weighted_sample
1782,-148.620834350586,62.8958343505859,weighted_sample
1783,-143.720834350586,62.8958343505859,Juniper savanna site (Willard) (US-Wjs)
1784,-114.112501017253,62.8958343505859,weighted_sample
1785,-148.362501017253,62.8791676839193,Flagstaff - Wildfire (US-Fwf)
1786,-161.354167683919,62.8708343505859,weighted_sample
1787,-126.954167683919,62.8625010172526,weighted_sample
1788,-106.904167683919,62.8625010172526,weighted_sample
1789,-161.362501017253,62.8458343505859,weighted_sample
1790,-142.112501017253,62.8458343505859,Young Jack pine (YJP) (US-Wi9)
1791,-162.654167683919,62.8375010172526,weighted_sample
1792,-145.329167683919,62.8375010172526,Barrow-Bes (Biocomplexity Experiment South tower) (US-Bes)
1793,-143.612501017253,62.8375010172526,weighted_sample
1794,-133.445834350586,62.8291676839193,weighted_sample
1795,-131.579167683919,62.8208343505859,weighted_sample
1796,-150.437501017253,62.8125010172526,weighted_sample
1797,-113.445834350586,62.8125010172526,weighted_sample
1798,-146.920834350586,62.8041676839193,weighted_sample
1799,-121.487501017253,62.8041676839193,weighted_sample
1800,-103.187501017253,62.8041676839193,weighted_sample
1801,-158.804167683919,62.7958343505859,weighted_sample
1802,-159.270834350586,62.7875010172526,weighted_sample
1803,-122.370834350586,62.7791676839193,weighted_sample
1804,-100.920834350586,62.7791676839193,weighted_sample
1805,-101.704167683919,62.7708343505859,weighted_sample
1806,-146.204167683919,62.7625010172526,Everglades (long hydroperiod marsh) (US-Elm)
1807,-142.887501017253,62.7625010172526,weighted_sample
1808,-163.562501017253,62.7458343505859,weighted_sample
1809,-141.054167683919,62.7458343505859,Flagstaff - Unmanaged Forest (US-Fuf)
1810,-136.670834350586,62.7458343505859,weighted_sample
1811,-126.762501017253,62.7458343505859,weighted_sample
1812,-155.329167683919,62.7375010172526,weighted_sample
1813,-150.295834350586,62.7375010172526,Sevilleta (LTER desert grassland) (US-Seg)
1814,-129.012501017253,62.7375010172526,weighted_sample
1815,-162.279167683919,62.7208343505859,weighted_sample
1816,-125.104167683919,62.7125010172526,weighted_sample
1817,-144.412501017253,62.7041676839193,Konza Prairie Biological Station - Relocatable (NEON-D06-KONA)
1818,-155.795834350586,62.6708343505859,weighted_sample
1819,-132.737501017253,62.6708343505859,weighted_sample
1820,-110.579167683919,62.6708343505859,weighted_sample
1821,-82.7875010172526,62.6708343505859,weighted_sample
1822,-104.679167683919,62.6625010172526,weighted_sample
1823,-163.395834350586,62.6541676839193,weighted_sample
1824,-148.470834350586,62.6541676839193,weighted_sample
1825,-130.504167683919,62.6458343505859,weighted_sample
1826,-134.845834350586,62.6375010172526,weighted_sample
1827,-124.470834350586,62.6375010172526,weighted_sample
1828,-151.562501017253,62.6291676839193,weighted_sample
1829,-96.0125010172526,62.6208343505859,weighted_sample
1830,-94.8375010172526,62.6208343505859,weighted_sample
1831,-112.079167683919,62.5958343505859,weighted_sample
1832,-159.987501017253,62.5791676839193,weighted_sample
1833,-109.187501017253,62.5791676839193,weighted_sample
1834,-98.6541676839193,62.5791676839193,weighted_sample
1835,-145.162501017253,62.5708343505859,weighted_sample
1836,-128.037501017253,62.5708343505859,weighted_sample
1837,-139.512501017253,62.5541676839193,weighted_sample
1838,-93.3375010172526,62.5458343505859,weighted_sample
1839,-101.570834350586,62.5375010172526,weighted_sample
1840,-148.820834350586,62.5291676839193,Utah Forest Dynamics Plot
1841,-106.429167683919,62.5291676839193,weighted_sample
1842,-68.8041676839193,62.5208343505859,weighted_sample
1843,-138.179167683919,62.5125010172526,weighted_sample
1844,-165.112501017253,62.5041676839193,weighted_sample
1845,-134.912501017253,62.4958343505859,weighted_sample
1846,-128.570834350586,62.4958343505859,weighted_sample
1847,-125.145834350586,62.4958343505859,weighted_sample
1848,-77.1125010172526,62.4958343505859,weighted_sample
1849,-159.279167683919,62.4875010172526,weighted_sample
1850,-151.287501017253,62.4875010172526,weighted_sample
1851,-147.412501017253,62.4875010172526,UCI-1989 burn site (CA-NS6)
1852,-135.837501017253,62.4875010172526,weighted_sample
1853,-134.587501017253,62.4875010172526,weighted_sample
1854,-143.512501017253,62.4791676839193,Twitchell Wetland West Pond (US-Tw1)
1855,-98.1125010172526,62.4791676839193,weighted_sample
1856,-123.495834350586,62.4625010172526,weighted_sample
1857,-151.104167683919,62.4458343505859,Healy (NEON-D19-HEAL)
1858,-146.395834350586,62.4458343505859,weighted_sample
1859,-149.679167683919,62.4375010172526,Twitchell Alfalfa (US-Tw3)
1860,-129.845834350586,62.4375010172526,weighted_sample
1861,-119.595834350586,62.4375010172526,weighted_sample
1862,-151.987501017253,62.4291676839193,Walnut Gulch Lucky Hills Shrub (US-Whs)
1863,-146.345834350586,62.4208343505859,Sevilleta LTER
1864,-141.345834350586,62.4125010172526,weighted_sample
1865,-162.654167683919,62.3958343505859,weighted_sample
1866,-147.895834350586,62.3958343505859,weighted_sample
1867,-138.462501017253,62.3958343505859,weighted_sample
1868,-125.170834350586,62.3958343505859,weighted_sample
1869,-139.612501017253,62.3875010172526,weighted_sample
1870,-148.579167683919,62.3791676839193,weighted_sample
1871,-125.279167683919,62.3708343505859,weighted_sample
1872,-82.9791676839193,62.3708343505859,weighted_sample
1873,-161.070834350586,62.3625010172526,weighted_sample
1874,-144.920834350586,62.3625010172526,Shidler (US-Shd)
1875,-122.162501017253,62.3625010172526,weighted_sample
1876,-152.362501017253,62.3458343505859,weighted_sample
1877,-107.462501017253,62.3375010172526,weighted_sample
1878,-153.287501017253,62.3208343505859,weighted_sample
1879,-66.1958343505859,62.3208343505859,weighted_sample
1880,-150.354167683919,62.3041676839193,Southern California Climate Gradient - Coastal Sage (US-SCs)
1881,-103.812501017253,62.2958343505859,weighted_sample
1882,-155.687501017253,62.2875010172526,weighted_sample
1883,-141.070834350586,62.2708343505859,Mead - irrigated continuous maize site (US-Ne1)
1884,-105.204167683919,62.2708343505859,weighted_sample
1885,-77.0875010172526,62.2708343505859,weighted_sample
1886,-147.587501017253,62.2541676839193,weighted_sample
1887,-141.404167683919,62.2208343505859,weighted_sample
1888,-118.229167683919,62.2208343505859,weighted_sample
1889,-123.945834350586,62.2125010172526,weighted_sample
1890,-108.920834350586,62.2125010172526,weighted_sample
1891,-147.595834350586,62.1958343505859,weighted_sample
1892,-142.112501017253,62.1958343505859,Manhattan (cedar forest 30 km N) (US-Man)
1893,-67.6625010172526,62.1875010172526,weighted_sample
1894,-152.054167683919,62.1708343505859,weighted_sample
1895,-147.745834350586,62.1625010172526,weighted_sample
1896,-145.595834350586,62.1625010172526,BOREAS SSA Old Black Spruce (CA-Obs)
1897,-153.012501017253,62.1458343505859,weighted_sample
1898,-143.445834350586,62.1458343505859,weighted_sample
1899,-131.895834350586,62.1458343505859,weighted_sample
1900,-93.3791676839193,62.1291676839193,weighted_sample
1901,-119.270834350586,62.1208343505859,weighted_sample
1902,-151.195834350586,62.1125010172526,Vaira Ranch- Ione (US-Var)
1903,-131.912501017253,62.1125010172526,weighted_sample
1904,-147.295834350586,62.0791676839193,weighted_sample
1905,-101.095834350586,62.0708343505859,weighted_sample
1906,-97.4291676839193,62.0708343505859,weighted_sample
1907,-96.0291676839193,62.0708343505859,weighted_sample
1908,-161.470834350586,62.0541676839193,weighted_sample
1909,-152.220834350586,62.0541676839193,weighted_sample
1910,-118.029167683919,62.0375010172526,weighted_sample
1911,-100.037501017253,62.0375010172526,weighted_sample
1912,-140.587501017253,62.0291676839193,weighted_sample
1913,-76.5791676839193,62.0208343505859,weighted_sample
1914,-161.604167683919,62.0125010172526,weighted_sample
1915,-97.2875010172526,62.0125010172526,weighted_sample
1916,-155.504167683919,62.0041676839193,weighted_sample
1917,-152.545834350586,62.0041676839193,Harvard Forest EMS Tower/HFR1 (US-Ha1)
1918,-149.754167683919,62.0041676839193,"Saskatchewan - Western Boreal, forest burned in 1977 (CA-SF1)"
1919,-141.637501017253,62.0041676839193,weighted_sample
1920,-144.520834350586,61.9791676839193,weighted_sample
1921,-103.845834350586,61.9791676839193,weighted_sample
1922,-100.895834350586,61.9791676839193,weighted_sample
1923,-124.854167683919,61.9708343505859,weighted_sample
1924,-100.854167683919,61.9708343505859,weighted_sample
1925,-103.129167683919,61.9625010172526,weighted_sample
1926,-147.904167683919,61.9458343505859,weighted_sample
1927,-146.270834350586,61.9458343505859,Brooks Field Site 11- Ames (US-Br3)
1928,-140.754167683919,61.9375010172526,weighted_sample
1929,-99.3291676839193,61.9375010172526,weighted_sample
1930,-98.3541676839193,61.9375010172526,weighted_sample
1931,-157.087501017253,61.9125010172526,weighted_sample
1932,-163.570834350586,61.9041676839193,weighted_sample
1933,-129.554167683919,61.9041676839193,weighted_sample
1934,-132.829167683919,61.8958343505859,weighted_sample
1935,-154.745834350586,61.8791676839193,weighted_sample
1936,-147.112501017253,61.8708343505859,Walnut Gulch Kendall Grasslands (US-Wkg)
1937,-136.512501017253,61.8541676839193,weighted_sample
1938,-133.104167683919,61.8541676839193,weighted_sample
1939,-101.445834350586,61.8541676839193,weighted_sample
1940,-94.6625010172526,61.8541676839193,weighted_sample
1941,-148.545834350586,61.8458343505859,weighted_sample
1942,-162.195834350586,61.8375010172526,weighted_sample
1943,-141.087501017253,61.8375010172526,weighted_sample
1944,-164.612501017253,61.8291676839193,weighted_sample
1945,-145.379167683919,61.8291676839193,Anaktuvuk River Moderate Burn (US-An2)
1946,-124.754167683919,61.8291676839193,weighted_sample
1947,-147.720834350586,61.8208343505859,weighted_sample
1948,-150.579167683919,61.8125010172526,Rosemount- C7 (US-Ro2)
1949,-132.762501017253,61.8125010172526,weighted_sample
1950,-132.620834350586,61.8125010172526,weighted_sample
1951,-151.312501017253,61.8041676839193,weighted_sample
1952,-147.670834350586,61.7958343505859,weighted_sample
1953,-136.470834350586,61.7875010172526,weighted_sample
1954,-164.912501017253,61.7791676839193,weighted_sample
1955,-154.070834350586,61.7791676839193,weighted_sample
1956,-141.629167683919,61.7791676839193,weighted_sample
1957,-121.854167683919,61.7791676839193,weighted_sample
1958,-74.4041676839193,61.7791676839193,weighted_sample
1959,-165.179167683919,61.7708343505859,weighted_sample
1960,-148.662501017253,61.7708343505859,Lodgepole Forest (US-Ldg)
1961,-154.595834350586,61.7625010172526,weighted_sample
1962,-147.795834350586,61.7625010172526,Abby Road (NEON-D16-ABBY)
1963,-137.904167683919,61.7625010172526,weighted_sample
1964,-112.770834350586,61.7541676839193,weighted_sample
1965,-133.720834350586,61.7458343505859,weighted_sample
1966,-99.2791676839193,61.7375010172526,weighted_sample
1967,-75.0875010172526,61.7375010172526,weighted_sample
1968,-116.420834350586,61.7291676839193,weighted_sample
1969,-145.179167683919,61.7208343505859,weighted_sample
1970,-137.795834350586,61.7208343505859,weighted_sample
1971,-126.245834350586,61.7125010172526,weighted_sample
1972,-122.595834350586,61.7125010172526,weighted_sample
1973,-151.412501017253,61.7041676839193,"Slashpine-Mize-clearcut-3yr,regen (US-SP2)"
1974,-148.437501017253,61.7041676839193,weighted_sample
1975,-97.3458343505859,61.7041676839193,weighted_sample
1976,-147.545834350586,61.6958343505859,weighted_sample
1977,-105.529167683919,61.6958343505859,weighted_sample
1978,-126.287501017253,61.6708343505859,weighted_sample
1979,-147.354167683919,61.6625010172526,weighted_sample
1980,-121.554167683919,61.6625010172526,weighted_sample
1981,-162.612501017253,61.6541676839193,weighted_sample
1982,-159.162501017253,61.6541676839193,weighted_sample
1983,-154.062501017253,61.6541676839193,weighted_sample
1984,-131.329167683919,61.6541676839193,weighted_sample
1985,-129.695834350586,61.6458343505859,weighted_sample
1986,-64.8125010172526,61.6458343505859,weighted_sample
1987,-145.312501017253,61.6375010172526,weighted_sample
1988,-103.754167683919,61.6375010172526,weighted_sample
1989,-165.729167683919,61.6291676839193,weighted_sample
1990,-161.195834350586,61.6291676839193,weighted_sample
1991,-121.887501017253,61.6291676839193,weighted_sample
1992,-163.620834350586,61.6208343505859,weighted_sample
1993,-146.062501017253,61.6208343505859,Lost Creek LCR (US-Los)
1994,-151.654167683919,61.6125010172526,weighted_sample
1995,-144.170834350586,61.6125010172526,Sevilleta (LTER desert shrubland) (US-Ses)
1996,-160.504167683919,61.5791676839193,weighted_sample
1997,-119.912501017253,61.5791676839193,weighted_sample
1998,-151.820834350586,61.5458343505859,weighted_sample
1999,-144.670834350586,61.5458343505859,weighted_sample
2000,-94.4375010172526,61.5458343505859,weighted_sample
2001,-151.829167683919,61.5291676839193,weighted_sample
2002,-120.604167683919,61.5291676839193,weighted_sample
2003,-164.295834350586,61.5208343505859,weighted_sample
2004,-138.187501017253,61.5208343505859,weighted_sample
2005,-107.404167683919,61.5125010172526,weighted_sample
2006,-145.195834350586,61.4958343505859,Steigerwaldt Land Services (NEON-D05-STEI)
2007,-139.595834350586,61.4875010172526,weighted_sample
2008,-149.779167683919,61.4708343505859,Sky Oaks- Young Stand (US-SO3)
2009,-150.729167683919,61.4375010172526,weighted_sample
2010,-145.095834350586,61.4375010172526,weighted_sample
2011,-154.287501017253,61.4291676839193,weighted_sample
2012,-148.762501017253,61.4291676839193,Luquillo (LTER-LUQ)
2013,-110.487501017253,61.4291676839193,weighted_sample
2014,-149.487501017253,61.4208343505859,weighted_sample
2015,-149.395834350586,61.4208343505859,weighted_sample
2016,-138.070834350586,61.4208343505859,weighted_sample
2017,-148.320834350586,61.4125010172526,weighted_sample
2018,-103.779167683919,61.4125010172526,weighted_sample
2019,-97.0791676839193,61.4125010172526,weighted_sample
2020,-150.804167683919,61.4041676839193,"North Sterling, CO (NEON-D10-STER)"
2021,-143.162501017253,61.3958343505859,weighted_sample
2022,-144.595834350586,61.3875010172526,weighted_sample
2023,-127.504167683919,61.3875010172526,weighted_sample
2024,-109.995834350586,61.3875010172526,weighted_sample
2025,-103.120834350586,61.3875010172526,weighted_sample
2026,-149.695834350586,61.3791676839193,weighted_sample
2027,-149.587501017253,61.3791676839193,weighted_sample
2028,-149.504167683919,61.3791676839193,weighted_sample
2029,-143.645834350586,61.3791676839193,Treehaven (NEON-D05-TREE)
2030,-112.837501017253,61.3791676839193,weighted_sample
2031,-144.654167683919,61.3708343505859,weighted_sample
2032,-131.279167683919,61.3708343505859,weighted_sample
2033,-126.629167683919,61.3708343505859,weighted_sample
2034,-96.4291676839193,61.3708343505859,weighted_sample
2035,-139.587501017253,61.3625010172526,weighted_sample
2036,-164.987501017253,61.3541676839193,weighted_sample
2037,-77.0541676839193,61.3541676839193,weighted_sample
2038,-142.795834350586,61.3375010172526,Scotty Creek Forest Dynamics Plot
2039,-129.345834350586,61.3291676839193,weighted_sample
2040,-149.529167683919,61.3208343505859,weighted_sample
2041,-145.279167683919,61.3125010172526,weighted_sample
2042,-121.295834350586,61.3125010172526,Turkey Point- Mature White Pine (CA-TP4)
2043,-144.562501017253,61.3041676839193,weighted_sample
2044,-128.095834350586,61.3041676839193,weighted_sample
2045,-121.295834350586,61.3041676839193,Dakota Coteau Field School (NEON-D09-DCFS)
2046,-100.779167683919,61.3041676839193,weighted_sample
2047,-151.345834350586,61.2958343505859,weighted_sample
2048,-149.687501017253,61.2958343505859,weighted_sample
2049,-142.504167683919,61.2958343505859,weighted_sample
2050,-121.295834350586,61.2958343505859,Neal Smith Prairie (US-NSP)
2051,-100.779167683919,61.2958343505859,weighted_sample
2052,-148.437501017253,61.2875010172526,weighted_sample
2053,-149.520834350586,61.2791676839193,weighted_sample
2054,-149.437501017253,61.2791676839193,weighted_sample
2055,-163.220834350586,61.2708343505859,Northern Great Plains Research Laboratory (NEON-D09-NOGP)
2056,-150.479167683919,61.2708343505859,weighted_sample
2057,-113.145834350586,61.2708343505859,weighted_sample
2058,-111.004167683919,61.2708343505859,weighted_sample
2059,-137.379167683919,61.2625010172526,weighted_sample
2060,-163.262501017253,61.2541676839193,Shortgrass Steppe (No longer funded by NSF LTER) (SGS)
2061,-160.637501017253,61.2541676839193,weighted_sample
2062,-72.7875010172526,61.2541676839193,weighted_sample
2063,-157.879167683919,61.2458343505859,weighted_sample
2064,-145.095834350586,61.2458343505859,weighted_sample
2065,-144.937501017253,61.2375010172526,weighted_sample
2066,-132.929167683919,61.2375010172526,weighted_sample
2067,-158.470834350586,61.2125010172526,weighted_sample
2068,-149.712501017253,61.2125010172526,weighted_sample
2069,-149.229167683919,61.2041676839193,weighted_sample
2070,-107.687501017253,61.2041676839193,weighted_sample
2071,-162.062501017253,61.1958343505859,weighted_sample
2072,-149.270834350586,61.1958343505859,weighted_sample
2073,-155.304167683919,61.1791676839193,weighted_sample
2074,-124.645834350586,61.1708343505859,weighted_sample
2075,-103.337501017253,61.1625010172526,weighted_sample
2076,-47.920834350586,61.1625010172526,weighted_sample
2077,-97.9041676839193,61.1375010172526,weighted_sample
2078,-149.895834350586,61.1291676839193,weighted_sample
2079,-149.804167683919,61.1291676839193,weighted_sample
2080,-130.812501017253,61.1291676839193,weighted_sample
2081,-127.429167683919,61.1208343505859,weighted_sample
2082,-160.454167683919,61.1125010172526,weighted_sample
2083,-151.570834350586,61.1125010172526,Kennedy Space Center (slash pine) (US-KS1)
2084,-96.7791676839193,61.1125010172526,weighted_sample
2085,-126.445834350586,61.1041676839193,weighted_sample
2086,-77.6708343505859,61.1041676839193,weighted_sample
2087,-146.220834350586,61.0958343505859,weighted_sample
2088,-132.229167683919,61.0958343505859,weighted_sample
2089,-145.345834350586,61.0875010172526,weighted_sample
2090,-155.037501017253,61.0791676839193,weighted_sample
2091,-120.754167683919,61.0791676839193,weighted_sample
2092,-165.070834350586,61.0708343505859,weighted_sample
2093,-161.962501017253,61.0708343505859,weighted_sample
2094,-158.295834350586,61.0708343505859,weighted_sample
2095,-127.979167683919,61.0708343505859,weighted_sample
2096,-146.062501017253,61.0541676839193,weighted_sample
2097,-145.770834350586,61.0458343505859,weighted_sample
2098,-148.845834350586,61.0375010172526,weighted_sample
2099,-146.820834350586,61.0375010172526,weighted_sample
2100,-125.487501017253,61.0375010172526,weighted_sample
2101,-156.145834350586,61.0291676839193,weighted_sample
2102,-146.520834350586,61.0291676839193,weighted_sample
2103,-150.370834350586,61.0208343505859,weighted_sample
2104,-149.379167683919,61.0208343505859,weighted_sample
2105,-144.279167683919,61.0208343505859,weighted_sample
2106,-150.454167683919,61.0125010172526,weighted_sample
2107,-146.962501017253,61.0125010172526,weighted_sample
2108,-144.212501017253,61.0125010172526,weighted_sample
2109,-109.662501017253,61.0125010172526,weighted_sample
2110,-164.370834350586,61.0041676839193,weighted_sample
2111,-149.520834350586,61.0041676839193,weighted_sample
2112,-147.337501017253,61.0041676839193,weighted_sample
2113,-144.854167683919,60.9958343505859,weighted_sample
2114,-135.895834350586,60.9958343505859,weighted_sample
2115,-73.6125010172526,60.9958343505859,weighted_sample
2116,-153.712501017253,60.9875010172526,weighted_sample
2117,-117.679167683919,60.9791676839193,weighted_sample
2118,-97.2375010172526,60.9791676839193,weighted_sample
2119,-150.445834350586,60.9708343505859,weighted_sample
2120,-133.454167683919,60.9708343505859,weighted_sample
2121,-148.770834350586,60.9625010172526,weighted_sample
2122,-124.620834350586,60.9625010172526,weighted_sample
2123,-164.979167683919,60.9541676839193,weighted_sample
2124,-149.829167683919,60.9541676839193,weighted_sample
2125,-146.904167683919,60.9541676839193,weighted_sample
2126,-133.912501017253,60.9541676839193,weighted_sample
2127,-124.995834350586,60.9541676839193,weighted_sample
2128,-118.604167683919,60.9541676839193,weighted_sample
2129,-126.412501017253,60.9458343505859,weighted_sample
2130,-149.120834350586,60.9375010172526,weighted_sample
2131,-148.737501017253,60.9375010172526,weighted_sample
2132,-121.454167683919,60.9375010172526,weighted_sample
2133,-150.562501017253,60.9291676839193,weighted_sample
2134,-150.470834350586,60.9291676839193,weighted_sample
2135,-150.379167683919,60.9291676839193,weighted_sample
2136,-130.804167683919,60.9291676839193,weighted_sample
2137,-96.2875010172526,60.9291676839193,weighted_sample
2138,-162.629167683919,60.9208343505859,weighted_sample
2139,-150.279167683919,60.9208343505859,weighted_sample
2140,-149.812501017253,60.9208343505859,weighted_sample
2141,-144.529167683919,60.9208343505859,weighted_sample
2142,-146.720834350586,60.9125010172526,weighted_sample
2143,-136.620834350586,60.9125010172526,weighted_sample
2144,-149.670834350586,60.9041676839193,weighted_sample
2145,-153.529167683919,60.8958343505859,weighted_sample
2146,-150.545834350586,60.8958343505859,weighted_sample
2147,-150.245834350586,60.8958343505859,weighted_sample
2148,-149.387501017253,60.8958343505859,weighted_sample
2149,-105.095834350586,60.8958343505859,weighted_sample
2150,-102.429167683919,60.8958343505859,weighted_sample
2151,-150.654167683919,60.8875010172526,weighted_sample
2152,-150.370834350586,60.8875010172526,weighted_sample
2153,-146.279167683919,60.8875010172526,weighted_sample
2154,-143.120834350586,60.8875010172526,weighted_sample
2155,-101.937501017253,60.8875010172526,weighted_sample
2156,-150.287501017253,60.8791676839193,weighted_sample
2157,-150.104167683919,60.8791676839193,weighted_sample
2158,-148.870834350586,60.8791676839193,weighted_sample
2159,-72.0791676839193,60.8791676839193,weighted_sample
2160,-133.370834350586,60.8708343505859,weighted_sample
2161,-72.2041676839193,60.8708343505859,weighted_sample
2162,-150.062501017253,60.8625010172526,weighted_sample
2163,-149.929167683919,60.8625010172526,weighted_sample
2164,-149.670834350586,60.8625010172526,weighted_sample
2165,-149.570834350586,60.8625010172526,weighted_sample
2166,-148.687501017253,60.8625010172526,weighted_sample
2167,-150.737501017253,60.8541676839193,weighted_sample
2168,-98.2291676839193,60.8541676839193,weighted_sample
2169,-160.345834350586,60.8458343505859,weighted_sample
2170,-150.820834350586,60.8458343505859,weighted_sample
2171,-150.629167683919,60.8458343505859,weighted_sample
2172,-150.562501017253,60.8458343505859,weighted_sample
2173,-150.287501017253,60.8375010172526,weighted_sample
2174,-150.129167683919,60.8375010172526,weighted_sample
2175,-150.037501017253,60.8375010172526,weighted_sample
2176,-156.545834350586,60.8291676839193,weighted_sample
2177,-149.954167683919,60.8291676839193,weighted_sample
2178,-149.845834350586,60.8291676839193,weighted_sample
2179,-146.104167683919,60.8291676839193,weighted_sample
2180,-102.987501017253,60.8291676839193,weighted_sample
2181,-149.687501017253,60.8208343505859,weighted_sample
2182,-145.937501017253,60.8208343505859,weighted_sample
2183,-150.912501017253,60.8125010172526,weighted_sample
2184,-107.887501017253,60.8125010172526,weighted_sample
2185,-150.754167683919,60.8041676839193,weighted_sample
2186,-150.662501017253,60.8041676839193,weighted_sample
2187,-135.545834350586,60.7958343505859,weighted_sample
2188,-109.512501017253,60.7958343505859,weighted_sample
2189,-164.504167683919,60.7875010172526,weighted_sample
2190,-152.170834350586,60.7875010172526,weighted_sample
2191,-149.862501017253,60.7875010172526,weighted_sample
2192,-148.879167683919,60.7875010172526,weighted_sample
2193,-149.662501017253,60.7791676839193,weighted_sample
2194,-125.212501017253,60.7791676839193,weighted_sample
2195,-100.870834350586,60.7791676839193,weighted_sample
2196,-163.879167683919,60.7708343505859,weighted_sample
2197,-151.179167683919,60.7708343505859,weighted_sample
2198,-151.095834350586,60.7708343505859,weighted_sample
2199,-146.487501017253,60.7708343505859,weighted_sample
2200,-106.695834350586,60.7708343505859,weighted_sample
2201,-149.420834350586,60.7625010172526,weighted_sample
2202,-71.7125010172526,60.7625010172526,weighted_sample
2203,-150.812501017253,60.7541676839193,weighted_sample
2204,-150.470834350586,60.7541676839193,weighted_sample
2205,-150.120834350586,60.7458343505859,weighted_sample
2206,-150.520834350586,60.7375010172526,weighted_sample
2207,-157.637501017253,60.7291676839193,weighted_sample
2208,-152.295834350586,60.7291676839193,Freeman Ranch- Mesquite Juniper (US-FR2)
2209,-151.287501017253,60.7291676839193,weighted_sample
2210,-151.120834350586,60.7291676839193,weighted_sample
2211,-151.012501017253,60.7291676839193,weighted_sample
2212,-150.654167683919,60.7291676839193,weighted_sample
2213,-150.845834350586,60.7208343505859,weighted_sample
2214,-146.404167683919,60.7208343505859,weighted_sample
2215,-97.0208343505859,60.7208343505859,weighted_sample
2216,-150.487501017253,60.7125010172526,weighted_sample
2217,-150.312501017253,60.7125010172526,weighted_sample
2218,-150.212501017253,60.7041676839193,weighted_sample
2219,-150.120834350586,60.7041676839193,weighted_sample
2220,-150.045834350586,60.7041676839193,weighted_sample
2221,-147.912501017253,60.7041676839193,weighted_sample
2222,-146.137501017253,60.7041676839193,weighted_sample
2223,-136.154167683919,60.7041676839193,weighted_sample
2224,-96.1041676839193,60.7041676839193,weighted_sample
2225,-146.054167683919,60.6958343505859,weighted_sample
2226,-122.687501017253,60.6958343505859,weighted_sample
2227,-151.087501017253,60.6875010172526,weighted_sample
2228,-114.645834350586,60.6875010172526,weighted_sample
2229,-164.929167683919,60.6791676839193,weighted_sample
2230,-151.295834350586,60.6791676839193,weighted_sample
2231,-151.195834350586,60.6791676839193,weighted_sample
2232,-150.837501017253,60.6791676839193,weighted_sample
2233,-150.754167683919,60.6791676839193,weighted_sample
2234,-145.629167683919,60.6791676839193,weighted_sample
2235,-124.212501017253,60.6791676839193,weighted_sample
2236,-112.995834350586,60.6791676839193,weighted_sample
2237,-150.654167683919,60.6708343505859,weighted_sample
2238,-150.562501017253,60.6708343505859,weighted_sample
2239,-150.470834350586,60.6708343505859,weighted_sample
2240,-150.312501017253,60.6708343505859,weighted_sample
2241,-132.995834350586,60.6708343505859,weighted_sample
2242,-150.404167683919,60.6625010172526,weighted_sample
2243,-162.454167683919,60.6541676839193,weighted_sample
2244,-150.037501017253,60.6541676839193,weighted_sample
2245,-149.954167683919,60.6541676839193,weighted_sample
2246,-156.645834350586,60.6458343505859,weighted_sample
2247,-150.929167683919,60.6458343505859,weighted_sample
2248,-113.004167683919,60.6458343505859,weighted_sample
2249,-151.195834350586,60.6375010172526,weighted_sample
2250,-151.104167683919,60.6375010172526,weighted_sample
2251,-150.854167683919,60.6375010172526,weighted_sample
2252,-150.745834350586,60.6375010172526,weighted_sample
2253,-101.437501017253,60.6375010172526,weighted_sample
2254,-132.304167683919,60.6291676839193,weighted_sample
2255,-126.295834350586,60.6291676839193,weighted_sample
2256,-112.570834350586,60.6291676839193,weighted_sample
2257,-150.512501017253,60.6208343505859,weighted_sample
2258,-150.412501017253,60.6208343505859,weighted_sample
2259,-150.304167683919,60.6208343505859,weighted_sample
2260,-150.229167683919,60.6208343505859,weighted_sample
2261,-150.145834350586,60.6208343505859,weighted_sample
2262,-156.245834350586,60.6125010172526,weighted_sample
2263,-149.412501017253,60.6125010172526,weighted_sample
2264,-138.454167683919,60.6125010172526,weighted_sample
2265,-110.329167683919,60.6125010172526,weighted_sample
2266,-151.020834350586,60.6041676839193,weighted_sample
2267,-149.537501017253,60.6041676839193,weighted_sample
2268,-148.270834350586,60.6041676839193,weighted_sample
2269,-165.104167683919,60.5958343505859,weighted_sample
2270,-150.762501017253,60.5958343505859,weighted_sample
2271,-145.354167683919,60.5958343505859,weighted_sample
2272,-122.437501017253,60.5958343505859,weighted_sample
2273,-150.937501017253,60.5875010172526,weighted_sample
2274,-150.679167683919,60.5875010172526,weighted_sample
2275,-150.487501017253,60.5875010172526,weighted_sample
2276,-150.412501017253,60.5875010172526,weighted_sample
2277,-149.087501017253,60.5875010172526,weighted_sample
2278,-151.070834350586,60.5791676839193,weighted_sample
2279,-150.312501017253,60.5791676839193,weighted_sample
2280,-150.154167683919,60.5791676839193,weighted_sample
2281,-138.112501017253,60.5791676839193,weighted_sample
2282,-119.412501017253,60.5791676839193,weighted_sample
2283,-113.045834350586,60.5791676839193,weighted_sample
2284,-161.229167683919,60.5708343505859,weighted_sample
2285,-149.879167683919,60.5708343505859,weighted_sample
2286,-148.504167683919,60.5708343505859,weighted_sample
2287,-145.512501017253,60.5708343505859,weighted_sample
2288,-144.795834350586,60.5708343505859,weighted_sample
2289,-94.6958343505859,60.5708343505859,weighted_sample
2290,-156.512501017253,60.5625010172526,weighted_sample
2291,-151.104167683919,60.5625010172526,weighted_sample
2292,-151.020834350586,60.5625010172526,weighted_sample
2293,-150.945834350586,60.5541676839193,weighted_sample
2294,-150.770834350586,60.5541676839193,weighted_sample
2295,-124.795834350586,60.5541676839193,weighted_sample
2296,-123.520834350586,60.5541676839193,weighted_sample
2297,-150.412501017253,60.5458343505859,weighted_sample
2298,-150.329167683919,60.5458343505859,weighted_sample
2299,-165.237501017253,60.5375010172526,weighted_sample
2300,-145.479167683919,60.5375010172526,weighted_sample
2301,-145.395834350586,60.5375010172526,weighted_sample
2302,-124.370834350586,60.5375010172526,weighted_sample
2303,-150.795834350586,60.5291676839193,weighted_sample
2304,-150.229167683919,60.5291676839193,weighted_sample
2305,-149.979167683919,60.5291676839193,weighted_sample
2306,-146.020834350586,60.5291676839193,weighted_sample
2307,-150.070834350586,60.5208343505859,weighted_sample
2308,-149.870834350586,60.5208343505859,weighted_sample
2309,-96.2541676839193,60.5208343505859,weighted_sample
2310,-151.204167683919,60.5125010172526,weighted_sample
2311,-151.020834350586,60.5125010172526,weighted_sample
2312,-150.945834350586,60.5125010172526,weighted_sample
2313,-150.862501017253,60.5125010172526,weighted_sample
2314,-149.612501017253,60.5125010172526,weighted_sample
2315,-164.895834350586,60.5041676839193,weighted_sample
2316,-150.604167683919,60.5041676839193,weighted_sample
2317,-152.962501017253,60.4958343505859,weighted_sample
2318,-150.412501017253,60.4958343505859,weighted_sample
2319,-150.237501017253,60.4958343505859,weighted_sample
2320,-146.204167683919,60.4958343505859,weighted_sample
2321,-146.104167683919,60.4958343505859,weighted_sample
2322,-145.770834350586,60.4958343505859,weighted_sample
2323,-112.487501017253,60.4958343505859,weighted_sample
2324,-111.929167683919,60.4958343505859,weighted_sample
2325,-163.904167683919,60.4875010172526,weighted_sample
2326,-158.195834350586,60.4875010172526,weighted_sample
2327,-150.637501017253,60.4875010172526,weighted_sample
2328,-150.337501017253,60.4875010172526,weighted_sample
2329,-150.154167683919,60.4875010172526,weighted_sample
2330,-145.395834350586,60.4875010172526,weighted_sample
2331,-158.987501017253,60.4791676839193,weighted_sample
2332,-151.920834350586,60.4791676839193,weighted_sample
2333,-150.079167683919,60.4791676839193,weighted_sample
2334,-149.729167683919,60.4791676839193,weighted_sample
2335,-144.604167683919,60.4791676839193,weighted_sample
2336,-112.579167683919,60.4791676839193,weighted_sample
2337,-95.4125010172526,60.4791676839193,weighted_sample
2338,-153.104167683919,60.4708343505859,weighted_sample
2339,-149.795834350586,60.4708343505859,weighted_sample
2340,-149.354167683919,60.4708343505859,weighted_sample
2341,-112.537501017253,60.4708343505859,weighted_sample
2342,-150.937501017253,60.4625010172526,weighted_sample
2343,-150.854167683919,60.4625010172526,weighted_sample
2344,-112.520834350586,60.4625010172526,weighted_sample
2345,-160.020834350586,60.4541676839193,weighted_sample
2346,-157.345834350586,60.4541676839193,weighted_sample
2347,-150.329167683919,60.4458343505859,weighted_sample
2348,-113.120834350586,60.4458343505859,weighted_sample
2349,-144.204167683919,60.4375010172526,weighted_sample
2350,-113.012501017253,60.4375010172526,weighted_sample
2351,-152.895834350586,60.4291676839193,weighted_sample
2352,-148.645834350586,60.4291676839193,weighted_sample
2353,-68.2125010172526,60.4291676839193,weighted_sample
2354,-151.045834350586,60.4208343505859,weighted_sample
2355,-150.695834350586,60.4208343505859,weighted_sample
2356,-150.612501017253,60.4208343505859,weighted_sample
2357,-112.737501017253,60.4208343505859,weighted_sample
2358,-150.770834350586,60.4125010172526,weighted_sample
2359,-149.362501017253,60.4125010172526,weighted_sample
2360,-129.995834350586,60.4041676839193,weighted_sample
2361,-100.545834350586,60.4041676839193,weighted_sample
2362,-159.929167683919,60.3875010172526,weighted_sample
2363,-151.037501017253,60.3875010172526,weighted_sample
2364,-150.954167683919,60.3875010172526,weighted_sample
2365,-150.695834350586,60.3791676839193,weighted_sample
2366,-150.429167683919,60.3791676839193,weighted_sample
2367,-134.487501017253,60.3791676839193,weighted_sample
2368,-113.670834350586,60.3791676839193,weighted_sample
2369,-112.587501017253,60.3791676839193,weighted_sample
2370,-150.870834350586,60.3708343505859,weighted_sample
2371,-150.612501017253,60.3708343505859,weighted_sample
2372,-146.387501017253,60.3708343505859,weighted_sample
2373,-152.620834350586,60.3625010172526,weighted_sample
2374,-150.512501017253,60.3625010172526,weighted_sample
2375,-150.087501017253,60.3625010172526,weighted_sample
2376,-136.062501017253,60.3625010172526,weighted_sample
2377,-96.4375010172526,60.3625010172526,weighted_sample
2378,-161.687501017253,60.3541676839193,weighted_sample
2379,-150.345834350586,60.3541676839193,weighted_sample
2380,-149.987501017253,60.3541676839193,weighted_sample
2381,-149.904167683919,60.3541676839193,weighted_sample
2382,-149.729167683919,60.3541676839193,weighted_sample
2383,-64.6041676839193,60.3541676839193,weighted_sample
2384,-151.145834350586,60.3458343505859,weighted_sample
2385,-144.020834350586,60.3458343505859,weighted_sample
2386,-151.037501017253,60.3375010172526,weighted_sample
2387,-150.962501017253,60.3375010172526,weighted_sample
2388,-150.862501017253,60.3375010172526,weighted_sample
2389,-150.620834350586,60.3375010172526,weighted_sample
2390,-146.404167683919,60.3375010172526,weighted_sample
2391,-142.345834350586,60.3375010172526,weighted_sample
2392,-160.970834350586,60.3291676839193,weighted_sample
2393,-150.770834350586,60.3291676839193,weighted_sample
2394,-150.704167683919,60.3291676839193,weighted_sample
2395,-150.529167683919,60.3291676839193,weighted_sample
2396,-150.429167683919,60.3291676839193,weighted_sample
2397,-144.379167683919,60.3291676839193,weighted_sample
2398,-142.879167683919,60.3291676839193,weighted_sample
2399,-154.395834350586,60.3208343505859,weighted_sample
2400,-119.995834350586,60.3208343505859,weighted_sample
2401,-125.554167683919,60.3125010172526,weighted_sample
2402,-151.229167683919,60.3041676839193,weighted_sample
2403,-149.820834350586,60.3041676839193,weighted_sample
2404,-149.754167683919,60.3041676839193,weighted_sample
2405,-166.704167683919,60.2958343505859,weighted_sample
2406,-166.054167683919,60.2958343505859,weighted_sample
2407,-156.845834350586,60.2958343505859,weighted_sample
2408,-150.887501017253,60.2958343505859,weighted_sample
2409,-163.404167683919,60.2875010172526,weighted_sample
2410,-150.704167683919,60.2875010172526,weighted_sample
2411,-150.604167683919,60.2875010172526,weighted_sample
2412,-147.112501017253,60.2875010172526,weighted_sample
2413,-144.404167683919,60.2875010172526,weighted_sample
2414,-112.745834350586,60.2875010172526,weighted_sample
2415,-100.095834350586,60.2875010172526,weighted_sample
2416,-150.537501017253,60.2791676839193,weighted_sample
2417,-150.445834350586,60.2791676839193,weighted_sample
2418,-146.945834350586,60.2791676839193,weighted_sample
2419,-151.329167683919,60.2625010172526,weighted_sample
2420,-149.670834350586,60.2625010172526,weighted_sample
2421,-144.570834350586,60.2625010172526,weighted_sample
2422,-112.429167683919,60.2625010172526,weighted_sample
2423,-157.987501017253,60.2541676839193,weighted_sample
2424,-150.795834350586,60.2541676839193,weighted_sample
2425,-147.470834350586,60.2541676839193,weighted_sample
2426,-143.970834350586,60.2541676839193,weighted_sample
2427,-118.787501017253,60.2541676839193,weighted_sample
2428,-113.720834350586,60.2541676839193,weighted_sample
2429,-108.279167683919,60.2458343505859,weighted_sample
2430,-159.187501017253,60.2375010172526,weighted_sample
2431,-64.7208343505859,60.2375010172526,weighted_sample
2432,-157.837501017253,60.2291676839193,weighted_sample
2433,-144.079167683919,60.2291676839193,weighted_sample
2434,-100.487501017253,60.2291676839193,weighted_sample
2435,-69.7708343505859,60.2291676839193,weighted_sample
2436,-98.2375010172526,60.2208343505859,weighted_sample
2437,-70.0541676839193,60.2208343505859,weighted_sample
2438,-151.320834350586,60.2125010172526,weighted_sample
2439,-150.695834350586,60.2125010172526,weighted_sample
2440,-142.912501017253,60.2125010172526,weighted_sample
2441,-125.112501017253,60.2125010172526,weighted_sample
2442,-156.054167683919,60.2041676839193,weighted_sample
2443,-150.612501017253,60.2041676839193,weighted_sample
2444,-149.245834350586,60.2041676839193,weighted_sample
2445,-159.220834350586,60.1875010172526,weighted_sample
2446,-100.220834350586,60.1875010172526,weighted_sample
2447,-166.579167683919,60.1791676839193,weighted_sample
2448,-151.395834350586,60.1791676839193,weighted_sample
2449,-162.312501017253,60.1708343505859,weighted_sample
2450,-151.337501017253,60.1708343505859,weighted_sample
2451,-151.070834350586,60.1708343505859,weighted_sample
2452,-149.395834350586,60.1708343505859,weighted_sample
2453,-143.920834350586,60.1708343505859,weighted_sample
2454,-113.687501017253,60.1708343505859,weighted_sample
2455,-166.920834350586,60.1625010172526,weighted_sample
2456,-159.112501017253,60.1625010172526,weighted_sample
2457,-114.295834350586,60.1625010172526,weighted_sample
2458,-98.3125010172526,60.1625010172526,weighted_sample
2459,-163.112501017253,60.1541676839193,weighted_sample
2460,-142.779167683919,60.1541676839193,weighted_sample
2461,-128.195834350586,60.1541676839193,weighted_sample
2462,-150.520834350586,60.1458343505859,weighted_sample
2463,-143.129167683919,60.1458343505859,weighted_sample
2464,-141.120834350586,60.1458343505859,weighted_sample
2465,-151.504167683919,60.1375010172526,weighted_sample
2466,-151.320834350586,60.1375010172526,weighted_sample
2467,-143.054167683919,60.1375010172526,weighted_sample
2468,-109.329167683919,60.1375010172526,weighted_sample
2469,-97.4791676839193,60.1375010172526,weighted_sample
2470,-75.0541676839193,60.1375010172526,weighted_sample
2471,-151.404167683919,60.1291676839193,weighted_sample
2472,-151.229167683919,60.1291676839193,weighted_sample
2473,-102.845834350586,60.1291676839193,weighted_sample
2474,-166.387501017253,60.1208343505859,weighted_sample
2475,-151.062501017253,60.1208343505859,weighted_sample
2476,-142.429167683919,60.1208343505859,weighted_sample
2477,-150.545834350586,60.1125010172526,weighted_sample
2478,-113.229167683919,60.1125010172526,weighted_sample
2479,-151.579167683919,60.1041676839193,weighted_sample
2480,-150.945834350586,60.1041676839193,weighted_sample
2481,-143.154167683919,60.1041676839193,weighted_sample
2482,-142.612501017253,60.1041676839193,weighted_sample
2483,-142.512501017253,60.1041676839193,weighted_sample
2484,-127.895834350586,60.1041676839193,weighted_sample
2485,-161.379167683919,60.0958343505859,weighted_sample
2486,-73.6375010172526,60.0958343505859,weighted_sample
2487,-151.404167683919,60.0875010172526,weighted_sample
2488,-142.970834350586,60.0875010172526,weighted_sample
2489,-100.137501017253,60.0875010172526,weighted_sample
2490,-150.970834350586,60.0791676839193,weighted_sample
2491,-150.904167683919,60.0791676839193,weighted_sample
2492,-150.637501017253,60.0791676839193,weighted_sample
2493,-159.487501017253,60.0708343505859,weighted_sample
2494,-150.804167683919,60.0708343505859,weighted_sample
2495,-102.195834350586,60.0625010172526,weighted_sample
2496,-99.5041676839193,60.0625010172526,weighted_sample
2497,-147.845834350586,60.0541676839193,weighted_sample
2498,-143.595834350586,60.0541676839193,weighted_sample
2499,-130.437501017253,60.0541676839193,weighted_sample
2500,-166.012501017253,60.0458343505859,weighted_sample
2501,-151.504167683919,60.0458343505859,weighted_sample
2502,-151.237501017253,60.0458343505859,weighted_sample
2503,-136.670834350586,60.0458343505859,weighted_sample
2504,-161.054167683919,60.0375010172526,weighted_sample
2505,-95.5125010172526,60.0375010172526,weighted_sample
2506,-150.904167683919,60.0291676839193,weighted_sample
2507,-150.812501017253,60.0291676839193,weighted_sample
2508,-150.720834350586,60.0291676839193,weighted_sample
2509,-150.637501017253,60.0291676839193,weighted_sample
2510,-132.837501017253,60.0291676839193,weighted_sample
2511,-123.420834350586,60.0291676839193,weighted_sample
2512,-156.987501017253,60.0208343505859,weighted_sample
2513,-141.245834350586,60.0208343505859,weighted_sample
2514,-131.537501017253,60.0208343505859,weighted_sample
2515,-151.429167683919,60.0125010172526,weighted_sample
2516,-151.595834350586,60.0041676839193,weighted_sample
2517,-151.504167683919,60.0041676839193,weighted_sample
2518,-151.254167683919,59.9958343505859,weighted_sample
2519,-150.904167683919,59.9958343505859,weighted_sample
2520,-132.687501017253,59.9958343505859,weighted_sample
2521,-122.170834350586,59.9958343505859,weighted_sample
2522,-158.962501017253,59.9875010172526,weighted_sample
2523,-141.779167683919,59.9875010172526,weighted_sample
2524,-109.587501017253,59.9875010172526,weighted_sample
2525,-141.254167683919,59.9791676839193,weighted_sample
2526,-106.887501017253,59.9708343505859,weighted_sample
2527,-70.6208343505859,59.9708343505859,weighted_sample
2528,-160.995834350586,59.9625010172526,weighted_sample
2529,-124.554167683919,59.9625010172526,weighted_sample
2530,-117.712501017253,59.9625010172526,weighted_sample
2531,-151.729167683919,59.9541676839193,weighted_sample
2532,-151.337501017253,59.9541676839193,weighted_sample
2533,-94.9625010172526,59.9458343505859,weighted_sample
2534,-127.970834350586,59.9291676839193,weighted_sample
2535,-151.520834350586,59.9208343505859,weighted_sample
2536,-151.420834350586,59.9208343505859,weighted_sample
2537,-151.087501017253,59.9208343505859,weighted_sample
2538,-128.970834350586,59.9208343505859,weighted_sample
2539,-118.162501017253,59.9208343505859,weighted_sample
2540,-151.262501017253,59.9125010172526,weighted_sample
2541,-150.829167683919,59.9041676839193,weighted_sample
2542,-131.037501017253,59.9041676839193,weighted_sample
2543,-118.429167683919,59.9041676839193,weighted_sample
2544,-107.279167683919,59.9041676839193,weighted_sample
2545,-161.620834350586,59.8958343505859,weighted_sample
2546,-141.204167683919,59.8875010172526,weighted_sample
2547,-151.604167683919,59.8791676839193,weighted_sample
2548,-151.429167683919,59.8791676839193,weighted_sample
2549,-147.562501017253,59.8791676839193,weighted_sample
2550,-121.462501017253,59.8791676839193,weighted_sample
2551,-151.270834350586,59.8708343505859,weighted_sample
2552,-150.987501017253,59.8708343505859,weighted_sample
2553,-133.937501017253,59.8708343505859,weighted_sample
2554,-103.387501017253,59.8708343505859,weighted_sample
2555,-163.095834350586,59.8625010172526,weighted_sample
2556,-150.829167683919,59.8625010172526,weighted_sample
2557,-133.537501017253,59.8625010172526,weighted_sample
2558,-123.170834350586,59.8625010172526,weighted_sample
2559,-100.479167683919,59.8625010172526,weighted_sample
2560,-95.6875010172526,59.8625010172526,weighted_sample
2561,-98.1041676839193,59.8541676839193,weighted_sample
2562,-74.2541676839193,59.8541676839193,weighted_sample
2563,-136.645834350586,59.8458343505859,weighted_sample
2564,-72.1458343505859,59.8458343505859,weighted_sample
2565,-151.620834350586,59.8375010172526,weighted_sample
2566,-155.387501017253,59.8291676839193,weighted_sample
2567,-151.079167683919,59.8291676839193,weighted_sample
2568,-150.929167683919,59.8291676839193,weighted_sample
2569,-111.445834350586,59.8208343505859,weighted_sample
2570,-153.429167683919,59.7958343505859,weighted_sample
2571,-151.779167683919,59.7958343505859,weighted_sample
2572,-151.612501017253,59.7875010172526,weighted_sample
2573,-150.937501017253,59.7875010172526,weighted_sample
2574,-140.979167683919,59.7875010172526,weighted_sample
2575,-104.179167683919,59.7875010172526,weighted_sample
2576,-150.929167683919,59.7791676839193,weighted_sample
2577,-140.904167683919,59.7791676839193,weighted_sample
2578,-131.745834350586,59.7791676839193,weighted_sample
2579,-117.470834350586,59.7708343505859,weighted_sample
2580,-111.604167683919,59.7541676839193,weighted_sample
2581,-151.779167683919,59.7458343505859,weighted_sample
2582,-151.545834350586,59.7458343505859,weighted_sample
2583,-136.254167683919,59.7458343505859,weighted_sample
2584,-124.079167683919,59.7458343505859,weighted_sample
2585,-97.2541676839193,59.7458343505859,weighted_sample
2586,-151.729167683919,59.7375010172526,weighted_sample
2587,-119.887501017253,59.7291676839193,weighted_sample
2588,-155.670834350586,59.7208343505859,weighted_sample
2589,-153.762501017253,59.7208343505859,weighted_sample
2590,-151.629167683919,59.7125010172526,weighted_sample
2591,-151.537501017253,59.7041676839193,weighted_sample
2592,-135.379167683919,59.7041676839193,weighted_sample
2593,-100.620834350586,59.7041676839193,weighted_sample
2594,-150.945834350586,59.6958343505859,weighted_sample
2595,-104.945834350586,59.6875010172526,weighted_sample
2596,-109.062501017253,59.6708343505859,weighted_sample
2597,-157.312501017253,59.6625010172526,weighted_sample
2598,-151.545834350586,59.6625010172526,weighted_sample
2599,-122.045834350586,59.6625010172526,weighted_sample
2600,-112.629167683919,59.6625010172526,weighted_sample
2601,-151.612501017253,59.6541676839193,weighted_sample
2602,-139.537501017253,59.6291676839193,weighted_sample
2603,-139.479167683919,59.6208343505859,weighted_sample
2604,-139.387501017253,59.6125010172526,weighted_sample
2605,-100.587501017253,59.6125010172526,weighted_sample
2606,-64.4875010172526,59.6125010172526,weighted_sample
2607,-160.637501017253,59.6041676839193,weighted_sample
2608,-123.120834350586,59.6041676839193,weighted_sample
2609,-77.1458343505859,59.5958343505859,weighted_sample
2610,-134.104167683919,59.5875010172526,weighted_sample
2611,-115.504167683919,59.5875010172526,weighted_sample
2612,-154.495834350586,59.5791676839193,weighted_sample
2613,-96.4625010172526,59.5791676839193,weighted_sample
2614,-104.362501017253,59.5708343505859,weighted_sample
2615,-139.587501017253,59.5458343505859,weighted_sample
2616,-133.412501017253,59.5458343505859,weighted_sample
2617,-99.3875010172526,59.5458343505859,weighted_sample
2618,-151.270834350586,59.5375010172526,weighted_sample
2619,-133.854167683919,59.5375010172526,weighted_sample
2620,-96.5375010172526,59.5375010172526,weighted_sample
2621,-154.270834350586,59.5125010172526,weighted_sample
2622,-70.4125010172526,59.5125010172526,weighted_sample
2623,-137.329167683919,59.5041676839193,weighted_sample
2624,-135.387501017253,59.4958343505859,weighted_sample
2625,-106.712501017253,59.4875010172526,weighted_sample
2626,-156.129167683919,59.4791676839193,weighted_sample
2627,-126.729167683919,59.4791676839193,weighted_sample
2628,-98.3541676839193,59.4625010172526,weighted_sample
2629,-131.712501017253,59.4541676839193,weighted_sample
2630,-75.1625010172526,59.4541676839193,weighted_sample
2631,-151.462501017253,59.4458343505859,weighted_sample
2632,-139.454167683919,59.4375010172526,weighted_sample
2633,-116.770834350586,59.4291676839193,weighted_sample
2634,-139.054167683919,59.3958343505859,weighted_sample
2635,-138.295834350586,59.3958343505859,weighted_sample
2636,-135.995834350586,59.3958343505859,weighted_sample
2637,-139.229167683919,59.3708343505859,weighted_sample
2638,-136.079167683919,59.3708343505859,weighted_sample
2639,-135.820834350586,59.3708343505859,weighted_sample
2640,-117.704167683919,59.3708343505859,weighted_sample
2641,-117.404167683919,59.3708343505859,weighted_sample
2642,-131.454167683919,59.3625010172526,weighted_sample
2643,-65.2708343505859,59.3625010172526,weighted_sample
2644,-139.062501017253,59.3541676839193,weighted_sample
2645,-113.987501017253,59.3541676839193,weighted_sample
2646,-131.645834350586,59.3458343505859,weighted_sample
2647,-131.362501017253,59.3458343505859,weighted_sample
2648,-150.704167683919,59.3375010172526,weighted_sample
2649,-138.904167683919,59.3291676839193,weighted_sample
2650,-95.1041676839193,59.3291676839193,weighted_sample
2651,-154.204167683919,59.3208343505859,weighted_sample
2652,-151.720834350586,59.3208343505859,weighted_sample
2653,-130.720834350586,59.3208343505859,weighted_sample
2654,-100.712501017253,59.3208343505859,weighted_sample
2655,-151.379167683919,59.3125010172526,weighted_sample
2656,-138.912501017253,59.2958343505859,weighted_sample
2657,-96.9208343505859,59.2875010172526,weighted_sample
2658,-71.3458343505859,59.2875010172526,weighted_sample
2659,-151.487501017253,59.2791676839193,weighted_sample
2660,-135.179167683919,59.2791676839193,weighted_sample
2661,-115.337501017253,59.2791676839193,weighted_sample
2662,-151.654167683919,59.2708343505859,weighted_sample
2663,-121.020834350586,59.2375010172526,weighted_sample
2664,-161.070834350586,59.2208343505859,weighted_sample
2665,-161.562501017253,59.2125010172526,weighted_sample
2666,-126.545834350586,59.2041676839193,weighted_sample
2667,-114.937501017253,59.2041676839193,weighted_sample
2668,-70.9791676839193,59.1875010172526,weighted_sample
2669,-112.437501017253,59.1708343505859,weighted_sample
2670,-104.104167683919,59.1708343505859,weighted_sample
2671,-65.2375010172526,59.1708343505859,weighted_sample
2672,-138.620834350586,59.1625010172526,weighted_sample
2673,-118.204167683919,59.1541676839193,weighted_sample
2674,-130.037501017253,59.1375010172526,weighted_sample
2675,-159.120834350586,59.1041676839193,weighted_sample
2676,-124.637501017253,59.0958343505859,weighted_sample
2677,-119.162501017253,59.0791676839193,weighted_sample
2678,-116.404167683919,59.0791676839193,weighted_sample
2679,-76.1875010172526,59.0791676839193,weighted_sample
2680,-111.462501017253,59.0541676839193,weighted_sample
2681,-114.604167683919,59.0458343505859,weighted_sample
2682,-111.462501017253,59.0458343505859,weighted_sample
2683,-108.895834350586,59.0458343505859,weighted_sample
2684,-130.787501017253,59.0291676839193,weighted_sample
2685,-115.962501017253,59.0291676839193,weighted_sample
2686,-100.679167683919,59.0208343505859,weighted_sample
2687,-109.504167683919,59.0125010172526,weighted_sample
2688,-98.9791676839193,59.0125010172526,weighted_sample
2689,-153.670834350586,59.0041676839193,weighted_sample
2690,-123.554167683919,59.0041676839193,weighted_sample
2691,-154.445834350586,58.9958343505859,weighted_sample
2692,-118.187501017253,58.9875010172526,weighted_sample
2693,-113.762501017253,58.9791676839193,weighted_sample
2694,-111.362501017253,58.9791676839193,weighted_sample
2695,-78.1541676839193,58.9791676839193,weighted_sample
2696,-109.629167683919,58.9708343505859,weighted_sample
2697,-122.429167683919,58.9625010172526,weighted_sample
2698,-76.2708343505859,58.9625010172526,weighted_sample
2699,-154.154167683919,58.9458343505859,weighted_sample
2700,-115.220834350586,58.9375010172526,weighted_sample
2701,-136.012501017253,58.9291676839193,weighted_sample
2702,-76.6708343505859,58.9291676839193,weighted_sample
2703,-159.795834350586,58.9208343505859,weighted_sample
2704,-118.737501017253,58.9208343505859,weighted_sample
2705,-156.504167683919,58.9125010172526,weighted_sample
2706,-104.487501017253,58.9041676839193,weighted_sample
2707,-161.662501017253,58.8958343505859,weighted_sample
2708,-130.754167683919,58.8875010172526,weighted_sample
2709,-102.295834350586,58.8625010172526,weighted_sample
2710,-126.179167683919,58.8458343505859,weighted_sample
2711,-113.454167683919,58.8458343505859,weighted_sample
2712,-113.487501017253,58.8375010172526,weighted_sample
2713,-104.870834350586,58.8375010172526,weighted_sample
2714,-134.970834350586,58.8208343505859,weighted_sample
2715,-159.320834350586,58.8125010172526,weighted_sample
2716,-155.454167683919,58.7958343505859,weighted_sample
2717,-154.504167683919,58.7875010172526,weighted_sample
2718,-113.745834350586,58.7791676839193,weighted_sample
2719,-156.887501017253,58.7625010172526,weighted_sample
2720,-112.004167683919,58.7625010172526,weighted_sample
2721,-73.8291676839193,58.7625010172526,weighted_sample
2722,-161.487501017253,58.7541676839193,weighted_sample
2723,-136.229167683919,58.7541676839193,weighted_sample
2724,-122.837501017253,58.7458343505859,weighted_sample
2725,-105.804167683919,58.7375010172526,weighted_sample
2726,-93.4958343505859,58.7375010172526,weighted_sample
2727,-160.920834350586,58.7208343505859,weighted_sample
2728,-135.362501017253,58.7125010172526,weighted_sample
2729,-118.245834350586,58.6875010172526,weighted_sample
2730,-75.8208343505859,58.6875010172526,weighted_sample
2731,-137.554167683919,58.6791676839193,weighted_sample
2732,-135.337501017253,58.6791676839193,weighted_sample
2733,-126.779167683919,58.6708343505859,weighted_sample
2734,-122.920834350586,58.6708343505859,weighted_sample
2735,-93.8291676839193,58.6625010172526,Rannells Ranch (grazed) (US-Ra2)
2736,-64.1458343505859,58.6625010172526,weighted_sample
2737,-135.170834350586,58.6541676839193,weighted_sample
2738,-113.545834350586,58.6458343505859,weighted_sample
2739,-64.4625010172526,58.6458343505859,weighted_sample
2740,-116.987501017253,58.6375010172526,weighted_sample
2741,-105.162501017253,58.6208343505859,weighted_sample
2742,-99.9708343505859,58.6208343505859,weighted_sample
2743,-132.912501017253,58.6041676839193,weighted_sample
2744,-120.845834350586,58.5791676839193,weighted_sample
2745,-105.962501017253,58.5791676839193,weighted_sample
2746,-123.620834350586,58.5708343505859,weighted_sample
2747,-70.4375010172526,58.5708343505859,weighted_sample
2748,-156.879167683919,58.5625010172526,weighted_sample
2749,-123.770834350586,58.5541676839193,weighted_sample
2750,-97.9375010172526,58.5458343505859,weighted_sample
2751,-118.470834350586,58.5375010172526,weighted_sample
2752,-152.612501017253,58.5291676839193,weighted_sample
2753,-118.129167683919,58.5041676839193,weighted_sample
2754,-111.195834350586,58.4791676839193,weighted_sample
2755,-93.1458343505859,58.4791676839193,weighted_sample
2756,-132.329167683919,58.4625010172526,weighted_sample
2757,-122.662501017253,58.4541676839193,weighted_sample
2758,-118.045834350586,58.4458343505859,weighted_sample
2759,-113.945834350586,58.4458343505859,weighted_sample
2760,-155.437501017253,58.4375010172526,weighted_sample
2761,-152.612501017253,58.4375010172526,weighted_sample
2762,-152.512501017253,58.4375010172526,weighted_sample
2763,-112.845834350586,58.4291676839193,weighted_sample
2764,-100.029167683919,58.4208343505859,weighted_sample
2765,-69.3041676839193,58.4041676839193,weighted_sample
2766,-135.420834350586,58.3791676839193,weighted_sample
2767,-112.654167683919,58.3791676839193,weighted_sample
2768,-152.362501017253,58.3375010172526,weighted_sample
2769,-124.129167683919,58.3208343505859,weighted_sample
2770,-116.745834350586,58.3208343505859,weighted_sample
2771,-70.945834350586,58.3208343505859,weighted_sample
2772,-105.187501017253,58.3041676839193,weighted_sample
2773,-152.279167683919,58.2958343505859,weighted_sample
2774,-72.2125010172526,58.2958343505859,weighted_sample
2775,-123.745834350586,58.2791676839193,weighted_sample
2776,-156.595834350586,58.2708343505859,weighted_sample
2777,-152.612501017253,58.2625010172526,weighted_sample
2778,-152.370834350586,58.2541676839193,weighted_sample
2779,-151.804167683919,58.2541676839193,weighted_sample
2780,-124.204167683919,58.2541676839193,weighted_sample
2781,-134.804167683919,58.2458343505859,weighted_sample
2782,-97.1708343505859,58.2291676839193,weighted_sample
2783,-152.604167683919,58.2208343505859,weighted_sample
2784,-152.529167683919,58.2208343505859,weighted_sample
2785,-124.204167683919,58.2208343505859,weighted_sample
2786,-124.345834350586,58.2125010172526,weighted_sample
2787,-63.5125010172526,58.1958343505859,weighted_sample
2788,-63.1541676839193,58.1875010172526,weighted_sample
2789,-99.0125010172526,58.1791676839193,weighted_sample
2790,-152.454167683919,58.1708343505859,weighted_sample
2791,-152.370834350586,58.1708343505859,weighted_sample
2792,-152.612501017253,58.1625010172526,weighted_sample
2793,-134.004167683919,58.1625010172526,weighted_sample
2794,-114.270834350586,58.1625010172526,weighted_sample
2795,-108.170834350586,58.1541676839193,weighted_sample
2796,-134.770834350586,58.1458343505859,weighted_sample
2797,-120.254167683919,58.1458343505859,weighted_sample
2798,-135.862501017253,58.1375010172526,weighted_sample
2799,-94.5291676839193,58.1375010172526,weighted_sample
2800,-124.129167683919,58.1291676839193,weighted_sample
2801,-71.2791676839193,58.1291676839193,weighted_sample
2802,-96.9708343505859,58.1208343505859,weighted_sample
2803,-152.662501017253,58.1125010172526,weighted_sample
2804,-136.329167683919,58.1125010172526,weighted_sample
2805,-95.8291676839193,58.1125010172526,weighted_sample
2806,-100.062501017253,58.1041676839193,weighted_sample
2807,-152.704167683919,58.0958343505859,weighted_sample
2808,-117.070834350586,58.0958343505859,weighted_sample
2809,-111.270834350586,58.0875010172526,weighted_sample
2810,-135.604167683919,58.0791676839193,weighted_sample
2811,-154.687501017253,58.0708343505859,weighted_sample
2812,-133.729167683919,58.0708343505859,weighted_sample
2813,-127.487501017253,58.0708343505859,weighted_sample
2814,-153.195834350586,58.0541676839193,weighted_sample
2815,-135.395834350586,58.0375010172526,weighted_sample
2816,-133.754167683919,58.0291676839193,weighted_sample
2817,-133.487501017253,58.0291676839193,weighted_sample
2818,-122.045834350586,58.0291676839193,weighted_sample
2819,-76.695834350586,58.0291676839193,weighted_sample
2820,-153.037501017253,58.0125010172526,weighted_sample
2821,-135.354167683919,58.0125010172526,weighted_sample
2822,-111.087501017253,58.0125010172526,weighted_sample
2823,-63.5375010172526,58.0125010172526,weighted_sample
2824,-152.804167683919,58.0041676839193,weighted_sample
2825,-68.5041676839193,58.0041676839193,weighted_sample
2826,-125.662501017253,57.9791676839193,weighted_sample
2827,-129.820834350586,57.9625010172526,weighted_sample
2828,-102.429167683919,57.9541676839193,weighted_sample
2829,-67.7625010172526,57.9541676839193,weighted_sample
2830,-136.145834350586,57.9458343505859,weighted_sample
2831,-135.479167683919,57.9375010172526,weighted_sample
2832,-108.004167683919,57.9375010172526,weighted_sample
2833,-125.779167683919,57.9291676839193,weighted_sample
2834,-112.154167683919,57.9291676839193,weighted_sample
2835,-152.887501017253,57.9208343505859,weighted_sample
2836,-152.462501017253,57.9208343505859,weighted_sample
2837,-130.912501017253,57.9125010172526,weighted_sample
2838,-130.470834350586,57.8958343505859,weighted_sample
2839,-124.170834350586,57.8958343505859,weighted_sample
2840,-115.620834350586,57.8958343505859,weighted_sample
2841,-71.3291676839193,57.8958343505859,weighted_sample
2842,-153.695834350586,57.8791676839193,weighted_sample
2843,-152.545834350586,57.8791676839193,weighted_sample
2844,-127.820834350586,57.8708343505859,weighted_sample
2845,-157.629167683919,57.8625010172526,weighted_sample
2846,-110.754167683919,57.8625010172526,weighted_sample
2847,-133.162501017253,57.8541676839193,weighted_sample
2848,-123.037501017253,57.8458343505859,weighted_sample
2849,-110.862501017253,57.8458343505859,weighted_sample
2850,-102.062501017253,57.8375010172526,weighted_sample
2851,-152.712501017253,57.8291676839193,weighted_sample
2852,-155.629167683919,57.8208343505859,weighted_sample
2853,-128.270834350586,57.7958343505859,weighted_sample
2854,-126.420834350586,57.7958343505859,weighted_sample
2855,-153.137501017253,57.7875010172526,weighted_sample
2856,-135.570834350586,57.7875010172526,weighted_sample
2857,-127.237501017253,57.7791676839193,weighted_sample
2858,-107.729167683919,57.7708343505859,weighted_sample
2859,-129.804167683919,57.7625010172526,weighted_sample
2860,-131.987501017253,57.7458343505859,weighted_sample
2861,-129.704167683919,57.7375010172526,weighted_sample
2862,-135.520834350586,57.7208343505859,weighted_sample
2863,-135.429167683919,57.7125010172526,weighted_sample
2864,-132.395834350586,57.7125010172526,weighted_sample
2865,-119.354167683919,57.7125010172526,weighted_sample
2866,-153.587501017253,57.7041676839193,weighted_sample
2867,-121.770834350586,57.6958343505859,weighted_sample
2868,-124.570834350586,57.6875010172526,weighted_sample
2869,-62.7375010172526,57.6791676839193,weighted_sample
2870,-124.054167683919,57.6625010172526,weighted_sample
2871,-99.2125010172526,57.6541676839193,weighted_sample
2872,-65.1708343505859,57.6541676839193,weighted_sample
2873,-125.495834350586,57.6458343505859,weighted_sample
2874,-128.120834350586,57.6375010172526,weighted_sample
2875,-123.487501017253,57.6375010172526,weighted_sample
2876,-105.962501017253,57.6375010172526,weighted_sample
2877,-69.9458343505859,57.6291676839193,weighted_sample
2878,-153.287501017253,57.6208343505859,weighted_sample
2879,-135.654167683919,57.6208343505859,weighted_sample
2880,-63.7541676839193,57.6125010172526,weighted_sample
2881,-116.595834350586,57.5958343505859,weighted_sample
2882,-115.029167683919,57.5958343505859,weighted_sample
2883,-135.679167683919,57.5791676839193,weighted_sample
2884,-135.179167683919,57.5791676839193,weighted_sample
2885,-131.354167683919,57.5791676839193,weighted_sample
2886,-122.645834350586,57.5791676839193,weighted_sample
2887,-67.7291676839193,57.5708343505859,weighted_sample
2888,-127.712501017253,57.5625010172526,weighted_sample
2889,-64.1125010172526,57.5625010172526,weighted_sample
2890,-153.587501017253,57.5458343505859,weighted_sample
2891,-153.770834350586,57.5375010172526,weighted_sample
2892,-115.637501017253,57.5375010172526,weighted_sample
2893,-74.5791676839193,57.5375010172526,weighted_sample
2894,-71.5541676839193,57.5375010172526,weighted_sample
2895,-135.479167683919,57.5041676839193,weighted_sample
2896,-127.879167683919,57.5041676839193,weighted_sample
2897,-156.370834350586,57.4958343505859,weighted_sample
2898,-67.7875010172526,57.4958343505859,weighted_sample
2899,-108.529167683919,57.4791676839193,weighted_sample
2900,-156.537501017253,57.4708343505859,weighted_sample
2901,-76.4291676839193,57.4625010172526,weighted_sample
2902,-69.7208343505859,57.4625010172526,weighted_sample
2903,-135.237501017253,57.4541676839193,weighted_sample
2904,-133.329167683919,57.4541676839193,weighted_sample
2905,-114.529167683919,57.4541676839193,weighted_sample
2906,-153.687501017253,57.4458343505859,weighted_sample
2907,-72.3625010172526,57.4458343505859,weighted_sample
2908,-128.970834350586,57.4291676839193,weighted_sample
2909,-117.387501017253,57.4291676839193,weighted_sample
2910,-106.079167683919,57.4291676839193,weighted_sample
2911,-134.920834350586,57.4208343505859,weighted_sample
2912,-135.179167683919,57.4125010172526,weighted_sample
2913,-115.404167683919,57.4125010172526,weighted_sample
2914,-103.820834350586,57.4041676839193,weighted_sample
2915,-73.3125010172526,57.4041676839193,weighted_sample
2916,-74.8125010172526,57.3875010172526,weighted_sample
2917,-105.587501017253,57.3791676839193,weighted_sample
2918,-63.4125010172526,57.3791676839193,weighted_sample
2919,-118.429167683919,57.3708343505859,weighted_sample
2920,-135.220834350586,57.3625010172526,weighted_sample
2921,-119.187501017253,57.3625010172526,weighted_sample
2922,-135.454167683919,57.3541676839193,weighted_sample
2923,-131.554167683919,57.3541676839193,weighted_sample
2924,-132.054167683919,57.3458343505859,weighted_sample
2925,-126.112501017253,57.3458343505859,weighted_sample
2926,-92.9125010172526,57.3458343505859,weighted_sample
2927,-153.295834350586,57.3208343505859,weighted_sample
2928,-113.079167683919,57.3041676839193,weighted_sample
2929,-66.6291676839193,57.3041676839193,weighted_sample
2930,-130.979167683919,57.2958343505859,weighted_sample
2931,-122.954167683919,57.2708343505859,weighted_sample
2932,-135.670834350586,57.2541676839193,weighted_sample
2933,-75.4625010172526,57.2458343505859,weighted_sample
2934,-134.870834350586,57.2291676839193,weighted_sample
2935,-127.637501017253,57.2291676839193,weighted_sample
2936,-122.262501017253,57.2208343505859,weighted_sample
2937,-107.945834350586,57.2208343505859,weighted_sample
2938,-105.670834350586,57.2208343505859,weighted_sample
2939,-123.129167683919,57.2125010172526,weighted_sample
2940,-131.570834350586,57.1958343505859,weighted_sample
2941,-129.429167683919,57.1958343505859,weighted_sample
2942,-124.095834350586,57.1958343505859,weighted_sample
2943,-154.170834350586,57.1708343505859,weighted_sample
2944,-63.5291676839193,57.1625010172526,weighted_sample
2945,-170.237501017253,57.1541676839193,weighted_sample
2946,-113.379167683919,57.1541676839193,weighted_sample
2947,-129.262501017253,57.1458343505859,weighted_sample
2948,-125.429167683919,57.1458343505859,weighted_sample
2949,-94.0208343505859,57.1458343505859,weighted_sample
2950,-158.362501017253,57.1375010172526,weighted_sample
2951,-71.2291676839193,57.1375010172526,weighted_sample
2952,-157.112501017253,57.1208343505859,weighted_sample
2953,-107.354167683919,57.1125010172526,weighted_sample
2954,-105.079167683919,57.1041676839193,weighted_sample
2955,-71.5208343505859,57.1041676839193,weighted_sample
2956,-94.6458343505859,57.0958343505859,weighted_sample
2957,-124.437501017253,57.0875010172526,weighted_sample
2958,-122.820834350586,57.0875010172526,weighted_sample
2959,-63.5375010172526,57.0875010172526,weighted_sample
2960,-157.612501017253,57.0708343505859,weighted_sample
2961,-124.120834350586,57.0625010172526,weighted_sample
2962,-129.887501017253,57.0375010172526,weighted_sample
2963,-134.804167683919,57.0291676839193,weighted_sample
2964,-94.6458343505859,57.0291676839193,weighted_sample
2965,-92.1458343505859,57.0291676839193,weighted_sample
2966,-99.8541676839193,57.0208343505859,weighted_sample
2967,-72.9125010172526,57.0125010172526,weighted_sample
2968,-133.829167683919,57.0041676839193,weighted_sample
2969,-157.520834350586,56.9958343505859,weighted_sample
2970,-133.254167683919,56.9958343505859,weighted_sample
2971,-92.0958343505859,56.9958343505859,weighted_sample
2972,-91.0125010172526,56.9958343505859,weighted_sample
2973,-92.1041676839193,56.9875010172526,weighted_sample
2974,-69.4041676839193,56.9875010172526,weighted_sample
2975,-122.245834350586,56.9625010172526,weighted_sample
2976,-157.687501017253,56.9541676839193,weighted_sample
2977,-73.445834350586,56.9541676839193,weighted_sample
2978,-121.812501017253,56.9291676839193,weighted_sample
2979,-74.6875010172526,56.9291676839193,weighted_sample
2980,-62.8125010172526,56.9291676839193,weighted_sample
2981,-122.487501017253,56.9208343505859,weighted_sample
2982,-132.795834350586,56.9125010172526,weighted_sample
2983,-110.479167683919,56.9041676839193,weighted_sample
2984,-69.9125010172526,56.8958343505859,weighted_sample
2985,-113.995834350586,56.8875010172526,weighted_sample
2986,-129.037501017253,56.8791676839193,weighted_sample
2987,-113.695834350586,56.8791676839193,weighted_sample
2988,-133.512501017253,56.8625010172526,weighted_sample
2989,-106.595834350586,56.8625010172526,weighted_sample
2990,-157.712501017253,56.8541676839193,weighted_sample
2991,-71.8625010172526,56.8458343505859,weighted_sample
2992,-127.104167683919,56.8208343505859,weighted_sample
2993,-104.495834350586,56.8208343505859,weighted_sample
2994,-124.654167683919,56.8125010172526,weighted_sample
2995,-128.920834350586,56.8041676839193,weighted_sample
2996,-126.754167683919,56.8041676839193,weighted_sample
2997,-64.5125010172526,56.8041676839193,weighted_sample
2998,-133.945834350586,56.7958343505859,weighted_sample
2999,-98.9875010172526,56.7958343505859,weighted_sample
3000,-133.129167683919,56.7875010172526,weighted_sample
3001,-75.2125010172526,56.7875010172526,weighted_sample
3002,-133.787501017253,56.7791676839193,weighted_sample
3003,-122.887501017253,56.7791676839193,weighted_sample
3004,-158.420834350586,56.7625010172526,weighted_sample
3005,-124.495834350586,56.7541676839193,weighted_sample
3006,-116.104167683919,56.7458343505859,weighted_sample
3007,-115.462501017253,56.7458343505859,weighted_sample
3008,-132.754167683919,56.7375010172526,weighted_sample
3009,-94.8875010172526,56.7375010172526,weighted_sample
3010,-118.587501017253,56.7208343505859,weighted_sample
3011,-105.679167683919,56.7208343505859,weighted_sample
3012,-75.8291676839193,56.7208343505859,weighted_sample
3013,-127.320834350586,56.7041676839193,weighted_sample
3014,-111.554167683919,56.7041676839193,weighted_sample
3015,-114.479167683919,56.6958343505859,weighted_sample
3016,-110.654167683919,56.6958343505859,weighted_sample
3017,-94.6125010172526,56.6958343505859,weighted_sample
3018,-133.637501017253,56.6875010172526,weighted_sample
3019,-119.762501017253,56.6791676839193,weighted_sample
3020,-133.370834350586,56.6625010172526,weighted_sample
3021,-112.487501017253,56.6541676839193,weighted_sample
3022,-133.804167683919,56.6375010172526,weighted_sample
3023,-128.804167683919,56.6375010172526,weighted_sample
3024,-99.9458343505859,56.6375010172526,Wisconsin Clearcut Young Hardwood (US-WI8)
3025,-88.5375010172526,56.6291676839193,weighted_sample
3026,-131.162501017253,56.6208343505859,weighted_sample
3027,-101.620834350586,56.6208343505859,weighted_sample
3028,-113.229167683919,56.6125010172526,weighted_sample
3029,-131.820834350586,56.5958343505859,weighted_sample
3030,-114.812501017253,56.5958343505859,weighted_sample
3031,-100.204167683919,56.5791676839193,weighted_sample
3032,-63.1291676839193,56.5708343505859,weighted_sample
3033,-158.712501017253,56.5625010172526,weighted_sample
3034,-132.537501017253,56.5541676839193,weighted_sample
3035,-132.062501017253,56.5458343505859,weighted_sample
3036,-118.279167683919,56.5458343505859,weighted_sample
3037,-121.804167683919,56.5291676839193,weighted_sample
3038,-116.362501017253,56.5125010172526,weighted_sample
3039,-158.220834350586,56.5041676839193,weighted_sample
3040,-126.429167683919,56.4875010172526,weighted_sample
3041,-88.195834350586,56.4791676839193,weighted_sample
3042,-158.537501017253,56.4708343505859,weighted_sample
3043,-94.6458343505859,56.4375010172526,weighted_sample
3044,-132.120834350586,56.4291676839193,weighted_sample
3045,-75.2958343505859,56.4291676839193,weighted_sample
3046,-132.304167683919,56.4208343505859,weighted_sample
3047,-119.029167683919,56.4208343505859,weighted_sample
3048,-127.279167683919,56.4125010172526,weighted_sample
3049,-106.620834350586,56.4041676839193,weighted_sample
3050,-94.2958343505859,56.3708343505859,weighted_sample
3051,-92.6875010172526,56.3708343505859,weighted_sample
3052,-65.6125010172526,56.3708343505859,weighted_sample
3053,-131.354167683919,56.3291676839193,weighted_sample
3054,-64.9708343505859,56.3291676839193,weighted_sample
3055,-112.987501017253,56.3125010172526,weighted_sample
3056,-111.495834350586,56.3125010172526,weighted_sample
3057,-128.887501017253,56.3041676839193,weighted_sample
3058,-134.770834350586,56.2958343505859,weighted_sample
3059,-132.479167683919,56.2708343505859,weighted_sample
3060,-74.0041676839193,56.2541676839193,weighted_sample
3061,-70.5125010172526,56.2541676839193,weighted_sample
3062,-94.8375010172526,56.2458343505859,weighted_sample
3063,-121.295834350586,56.2375010172526,weighted_sample
3064,-90.4541676839193,56.2291676839193,weighted_sample
3065,-87.7458343505859,56.2291676839193,weighted_sample
3066,-133.095834350586,56.2208343505859,weighted_sample
3067,-127.279167683919,56.2041676839193,weighted_sample
3068,-107.545834350586,56.1875010172526,weighted_sample
3069,-99.7041676839193,56.1791676839193,weighted_sample
3070,-120.270834350586,56.1625010172526,weighted_sample
3071,-158.695834350586,56.1541676839193,weighted_sample
3072,-131.620834350586,56.1541676839193,weighted_sample
3073,-113.437501017253,56.1458343505859,weighted_sample
3074,-65.9708343505859,56.1458343505859,weighted_sample
3075,-120.670834350586,56.1375010172526,weighted_sample
3076,-112.012501017253,56.1375010172526,weighted_sample
3077,-92.3791676839193,56.1375010172526,weighted_sample
3078,-93.7208343505859,56.1291676839193,weighted_sample
3079,-134.170834350586,56.1125010172526,weighted_sample
3080,-128.129167683919,56.1125010172526,weighted_sample
3081,-133.054167683919,56.1041676839193,weighted_sample
3082,-105.712501017253,56.1041676839193,weighted_sample
3083,-130.037501017253,56.0958343505859,weighted_sample
3084,-128.954167683919,56.0875010172526,weighted_sample
3085,-62.6875010172526,56.0875010172526,weighted_sample
3086,-123.179167683919,56.0791676839193,weighted_sample
3087,-133.154167683919,56.0708343505859,weighted_sample
3088,-133.304167683919,56.0625010172526,weighted_sample
3089,-91.6041676839193,56.0625010172526,weighted_sample
3090,-89.7291676839193,56.0625010172526,weighted_sample
3091,-99.2125010172526,56.0541676839193,weighted_sample
3092,-75.9541676839193,56.0541676839193,weighted_sample
3093,-69.3375010172526,56.0541676839193,weighted_sample
3094,-117.762501017253,56.0458343505859,weighted_sample
3095,-110.862501017253,56.0458343505859,weighted_sample
3096,-127.470834350586,56.0291676839193,weighted_sample
3097,-132.862501017253,56.0208343505859,weighted_sample
3098,-94.0041676839193,56.0208343505859,weighted_sample
3099,-72.5708343505859,55.9958343505859,weighted_sample
3100,-89.7125010172526,55.9791676839193,weighted_sample
3101,-62.3708343505859,55.9791676839193,weighted_sample
3102,-125.929167683919,55.9708343505859,weighted_sample
3103,-75.9291676839193,55.9541676839193,weighted_sample
3104,-159.529167683919,55.9375010172526,weighted_sample
3105,-114.195834350586,55.9375010172526,weighted_sample
3106,-101.704167683919,55.9375010172526,weighted_sample
3107,-61.7208343505859,55.9375010172526,weighted_sample
3108,-122.570834350586,55.9208343505859,weighted_sample
3109,-98.9625010172526,55.9208343505859,Cedar Bridge (US-Ced)
3110,-90.4708343505859,55.9208343505859,weighted_sample
3111,-98.3791676839193,55.9125010172526,Central Plains Experimental Range (NEON-D10-CPER)
3112,-131.412501017253,55.9041676839193,weighted_sample
3113,-119.270834350586,55.9041676839193,weighted_sample
3114,-98.5208343505859,55.9041676839193,Black Hills (US-Blk)
3115,-62.0541676839193,55.9041676839193,weighted_sample
3116,-98.2125010172526,55.8958343505859,Rosemount- G19 (US-Ro3)
3117,-73.5958343505859,55.8875010172526,weighted_sample
3118,-98.4875010172526,55.8791676839193,UCI-1930 burn site (CA-NS2)
3119,-98.4791676839193,55.8791676839193,Northern Michigan Jack Pine Stand (US-NMj)
3120,-65.2875010172526,55.8791676839193,weighted_sample
3121,-132.045834350586,55.8708343505859,weighted_sample
3122,-114.295834350586,55.8708343505859,weighted_sample
3123,-107.620834350586,55.8625010172526,weighted_sample
3124,-98.4875010172526,55.8625010172526,Corral Pocket (US-Cop)
3125,-130.762501017253,55.8541676839193,weighted_sample
3126,-74.9875010172526,55.8541676839193,weighted_sample
3127,-161.195834350586,55.8458343505859,weighted_sample
3128,-110.262501017253,55.8458343505859,weighted_sample
3129,-123.487501017253,55.8375010172526,weighted_sample
3130,-76.8375010172526,55.8375010172526,weighted_sample
3131,-128.187501017253,55.8208343505859,weighted_sample
3132,-99.1875010172526,55.8208343505859,weighted_sample
3133,-133.620834350586,55.7875010172526,weighted_sample
3134,-133.070834350586,55.7875010172526,weighted_sample
3135,-125.429167683919,55.7875010172526,weighted_sample
3136,-71.3125010172526,55.7875010172526,weighted_sample
3137,-133.479167683919,55.7625010172526,weighted_sample
3138,-131.137501017253,55.7625010172526,weighted_sample
3139,-99.2208343505859,55.7541676839193,weighted_sample
3140,-132.845834350586,55.7458343505859,weighted_sample
3141,-132.604167683919,55.7375010172526,weighted_sample
3142,-125.104167683919,55.7208343505859,weighted_sample
3143,-93.0625010172526,55.7125010172526,weighted_sample
3144,-113.512501017253,55.7041676839193,weighted_sample
3145,-132.562501017253,55.6875010172526,weighted_sample
3146,-109.179167683919,55.6875010172526,weighted_sample
3147,-160.754167683919,55.6791676839193,weighted_sample
3148,-73.0875010172526,55.6791676839193,weighted_sample
3149,-132.904167683919,55.6708343505859,weighted_sample
3150,-132.479167683919,55.6708343505859,weighted_sample
3151,-118.570834350586,55.6708343505859,weighted_sample
3152,-160.970834350586,55.6625010172526,weighted_sample
3153,-160.604167683919,55.6625010172526,weighted_sample
3154,-130.712501017253,55.6625010172526,weighted_sample
3155,-95.1208343505859,55.6625010172526,weighted_sample
3156,-66.4708343505859,55.6541676839193,weighted_sample
3157,-160.954167683919,55.6375010172526,weighted_sample
3158,-124.304167683919,55.6375010172526,weighted_sample
3159,-120.120834350586,55.6375010172526,weighted_sample
3160,-130.179167683919,55.6208343505859,weighted_sample
3161,-64.5291676839193,55.6208343505859,weighted_sample
3162,-87.3791676839193,55.6041676839193,weighted_sample
3163,-132.079167683919,55.5875010172526,weighted_sample
3164,-72.5291676839193,55.5875010172526,weighted_sample
3165,-102.554167683919,55.5791676839193,weighted_sample
3166,-131.262501017253,55.5708343505859,weighted_sample
3167,-117.304167683919,55.5708343505859,weighted_sample
3168,-112.204167683919,55.5625010172526,weighted_sample
3169,-93.7208343505859,55.5541676839193,weighted_sample
3170,-76.5875010172526,55.5458343505859,weighted_sample
3171,-71.5291676839193,55.5458343505859,weighted_sample
3172,-112.337501017253,55.5375010172526,J-17 Savanna Site (US-Jss)
3173,-133.620834350586,55.5208343505859,weighted_sample
3174,-132.554167683919,55.4875010172526,weighted_sample
3175,-131.420834350586,55.4708343505859,weighted_sample
3176,-118.904167683919,55.4625010172526,weighted_sample
3177,-63.0625010172526,55.4625010172526,weighted_sample
3178,-162.062501017253,55.4291676839193,weighted_sample
3179,-161.220834350586,55.4208343505859,weighted_sample
3180,-130.404167683919,55.4041676839193,weighted_sample
3181,-89.2541676839193,55.3875010172526,weighted_sample
3182,-73.3041676839193,55.3708343505859,weighted_sample
3183,-131.145834350586,55.3625010172526,weighted_sample
3184,-120.904167683919,55.3625010172526,weighted_sample
3185,-89.1625010172526,55.3625010172526,weighted_sample
3186,-121.704167683919,55.3541676839193,weighted_sample
3187,-89.7041676839193,55.3541676839193,weighted_sample
3188,-132.612501017253,55.3375010172526,weighted_sample
3189,-89.2041676839193,55.3375010172526,weighted_sample
3190,-131.429167683919,55.3291676839193,weighted_sample
3191,-116.770834350586,55.3291676839193,weighted_sample
3192,-74.1625010172526,55.3291676839193,weighted_sample
3193,-131.587501017253,55.3208343505859,weighted_sample
3194,-122.704167683919,55.3125010172526,weighted_sample
3195,-70.1791676839193,55.3125010172526,weighted_sample
3196,-132.954167683919,55.3041676839193,weighted_sample
3197,-126.320834350586,55.2958343505859,weighted_sample
3198,-109.362501017253,55.2958343505859,weighted_sample
3199,-132.320834350586,55.2875010172526,weighted_sample
3200,-120.729167683919,55.2875010172526,weighted_sample
3201,-103.562501017253,55.2875010172526,weighted_sample
3202,-126.554167683919,55.2541676839193,weighted_sample
3203,-118.462501017253,55.2541676839193,weighted_sample
3204,-131.712501017253,55.2458343505859,weighted_sample
3205,-119.629167683919,55.2458343505859,weighted_sample
3206,-72.5791676839193,55.2458343505859,weighted_sample
3207,-133.112501017253,55.2291676839193,weighted_sample
3208,-132.995834350586,55.2208343505859,weighted_sample
3209,-132.687501017253,55.2208343505859,weighted_sample
3210,-84.7291676839193,55.2208343505859,weighted_sample
3211,-129.787501017253,55.2041676839193,weighted_sample
3212,-73.1875010172526,55.2041676839193,weighted_sample
3213,-71.0875010172526,55.2041676839193,weighted_sample
3214,-61.9958343505859,55.1958343505859,weighted_sample
3215,-123.770834350586,55.1791676839193,weighted_sample
3216,-63.5041676839193,55.1708343505859,weighted_sample
3217,-93.1458343505859,55.1625010172526,weighted_sample
3218,-68.3291676839193,55.1458343505859,weighted_sample
3219,-65.9125010172526,55.1458343505859,weighted_sample
3220,-63.4375010172526,55.1375010172526,weighted_sample
3221,-127.604167683919,55.1208343505859,weighted_sample
3222,-106.904167683919,55.1208343505859,weighted_sample
3223,-78.1708343505859,55.1208343505859,weighted_sample
3224,-122.837501017253,55.1125010172526,Duke Forest-hardwoods (US-Dk2)
3225,-90.9208343505859,55.1125010172526,weighted_sample
3226,-90.7041676839193,55.1125010172526,weighted_sample
3227,-106.545834350586,55.0875010172526,weighted_sample
3228,-76.4541676839193,55.0875010172526,weighted_sample
3229,-114.895834350586,55.0791676839193,weighted_sample
3230,-67.3625010172526,55.0708343505859,weighted_sample
3231,-62.9041676839193,55.0541676839193,weighted_sample
3232,-62.6791676839193,55.0541676839193,weighted_sample
3233,-99.7208343505859,55.0458343505859,weighted_sample
3234,-77.5541676839193,55.0375010172526,weighted_sample
3235,-74.7958343505859,55.0291676839193,weighted_sample
3236,-61.0625010172526,55.0208343505859,weighted_sample
3237,-124.762501017253,55.0041676839193,weighted_sample
3238,-163.229167683919,54.9958343505859,weighted_sample
3239,-119.270834350586,54.9958343505859,weighted_sample
3240,-67.5791676839193,54.9958343505859,weighted_sample
3241,-86.0291676839193,54.9875010172526,weighted_sample
3242,-95.5208343505859,54.9708343505859,weighted_sample
3243,-127.237501017253,54.9541676839193,weighted_sample
3244,-112.470834350586,54.9541676839193,North Temperate Lakes (LTER-NTL)
3245,-131.329167683919,54.9458343505859,weighted_sample
3246,-109.879167683919,54.9375010172526,weighted_sample
3247,-59.195834350586,54.9375010172526,weighted_sample
3248,-71.7125010172526,54.9208343505859,weighted_sample
3249,-59.9708343505859,54.8958343505859,weighted_sample
3250,-124.854167683919,54.8875010172526,weighted_sample
3251,-128.245834350586,54.8791676839193,weighted_sample
3252,-118.545834350586,54.8791676839193,weighted_sample
3253,-90.7791676839193,54.8708343505859,weighted_sample
3254,-163.345834350586,54.8541676839193,weighted_sample
3255,-87.5791676839193,54.8541676839193,weighted_sample
3256,-71.4875010172526,54.8458343505859,weighted_sample
3257,-127.379167683919,54.8375010172526,weighted_sample
3258,-164.337501017253,54.8291676839193,weighted_sample
3259,-124.754167683919,54.8291676839193,weighted_sample
3260,-122.104167683919,54.8291676839193,weighted_sample
3261,-115.354167683919,54.8208343505859,weighted_sample
3262,-93.9208343505859,54.8208343505859,weighted_sample
3263,-75.3958343505859,54.8208343505859,weighted_sample
3264,-123.037501017253,54.8125010172526,weighted_sample
3265,-97.8041676839193,54.8125010172526,weighted_sample
3266,-71.2541676839193,54.8041676839193,weighted_sample
3267,-69.2958343505859,54.8041676839193,weighted_sample
3268,-125.479167683919,54.7625010172526,weighted_sample
3269,-99.5541676839193,54.7625010172526,weighted_sample
3270,-87.1541676839193,54.7625010172526,weighted_sample
3271,-82.3458343505859,54.7625010172526,weighted_sample
3272,-114.629167683919,54.7541676839193,weighted_sample
3273,-67.7375010172526,54.7541676839193,weighted_sample
3274,-124.562501017253,54.7458343505859,weighted_sample
3275,-98.5958343505859,54.7458343505859,weighted_sample
3276,-83.9041676839193,54.7375010172526,weighted_sample
3277,-132.712501017253,54.7291676839193,weighted_sample
3278,-120.754167683919,54.7291676839193,weighted_sample
3279,-91.7458343505859,54.7291676839193,weighted_sample
3280,-90.6125010172526,54.7125010172526,weighted_sample
3281,-67.6625010172526,54.7125010172526,weighted_sample
3282,-87.5625010172526,54.6958343505859,weighted_sample
3283,-74.7375010172526,54.6958343505859,weighted_sample
3284,-70.1958343505859,54.6958343505859,weighted_sample
3285,-97.1041676839193,54.6791676839193,weighted_sample
3286,-92.7625010172526,54.6791676839193,weighted_sample
3287,-68.6375010172526,54.6625010172526,weighted_sample
3288,-79.2125010172526,54.6375010172526,weighted_sample
3289,-121.162501017253,54.6208343505859,weighted_sample
3290,-73.2791676839193,54.6208343505859,weighted_sample
3291,-109.237501017253,54.6041676839193,weighted_sample
3292,-128.429167683919,54.5958343505859,weighted_sample
3293,-123.062501017253,54.5875010172526,weighted_sample
3294,-115.654167683919,54.5875010172526,weighted_sample
3295,-90.9458343505859,54.5875010172526,weighted_sample
3296,-112.037501017253,54.5791676839193,weighted_sample
3297,-105.145834350586,54.5541676839193,weighted_sample
3298,-77.7458343505859,54.5541676839193,weighted_sample
3299,-125.629167683919,54.5458343505859,weighted_sample
3300,-116.645834350586,54.5458343505859,weighted_sample
3301,-72.2541676839193,54.5291676839193,weighted_sample
3302,-114.354167683919,54.5125010172526,weighted_sample
3303,-104.537501017253,54.5125010172526,weighted_sample
3304,-129.554167683919,54.5041676839193,weighted_sample
3305,-121.695834350586,54.4958343505859,weighted_sample
3306,-105.820834350586,54.4875010172526,"Rocky Mountain National Park, CASTNET (NEON-D10-RMNP)"
3307,-113.320834350586,54.4708343505859,Brooks Field Site 10- Ames (US-Br1)
3308,-77.8541676839193,54.4708343505859,weighted_sample
3309,-121.770834350586,54.4625010172526,weighted_sample
3310,-114.262501017253,54.4625010172526,weighted_sample
3311,-102.662501017253,54.4541676839193,weighted_sample
3312,-100.854167683919,54.4375010172526,weighted_sample
3313,-62.320834350586,54.4125010172526,weighted_sample
3314,-127.095834350586,54.3958343505859,weighted_sample
3315,-95.8791676839193,54.3875010172526,weighted_sample
3316,-95.4458343505859,54.3875010172526,weighted_sample
3317,-129.529167683919,54.3625010172526,weighted_sample
3318,-97.6791676839193,54.3541676839193,weighted_sample
3319,-83.8041676839193,54.3458343505859,weighted_sample
3320,-74.2958343505859,54.3458343505859,weighted_sample
3321,-121.179167683919,54.3291676839193,weighted_sample
3322,-102.412501017253,54.3291676839193,weighted_sample
3323,-101.887501017253,54.3208343505859,weighted_sample
3324,-69.0541676839193,54.2958343505859,weighted_sample
3325,-129.254167683919,54.2875010172526,weighted_sample
3326,-101.512501017253,54.2875010172526,weighted_sample
3327,-62.5958343505859,54.2875010172526,weighted_sample
3328,-87.2125010172526,54.2791676839193,weighted_sample
3329,-87.1875010172526,54.2791676839193,weighted_sample
3330,-65.3875010172526,54.2791676839193,weighted_sample
3331,-126.845834350586,54.2708343505859,weighted_sample
3332,-87.2291676839193,54.2708343505859,weighted_sample
3333,-111.629167683919,54.2625010172526,weighted_sample
3334,-105.879167683919,54.2541676839193,ULM Flux Tower (US-ULM)
3335,-87.1875010172526,54.2541676839193,weighted_sample
3336,-67.5875010172526,54.2458343505859,weighted_sample
3337,-69.3958343505859,54.2208343505859,weighted_sample
3338,-58.8125010172526,54.2208343505859,weighted_sample
3339,-77.0791676839193,54.2125010172526,weighted_sample
3340,-165.487501017253,54.2041676839193,weighted_sample
3341,-101.379167683919,54.1875010172526,weighted_sample
3342,-90.3208343505859,54.1875010172526,weighted_sample
3343,-61.7791676839193,54.1875010172526,weighted_sample
3344,-165.395834350586,54.1791676839193,weighted_sample
3345,-88.2291676839193,54.1791676839193,weighted_sample
3346,-165.920834350586,54.1708343505859,weighted_sample
3347,-117.404167683919,54.1708343505859,weighted_sample
3348,-89.1791676839193,54.1625010172526,weighted_sample
3349,-69.0958343505859,54.1625010172526,weighted_sample
3350,-127.937501017253,54.1541676839193,weighted_sample
3351,-102.379167683919,54.1541676839193,weighted_sample
3352,-60.2375010172526,54.1375010172526,weighted_sample
3353,-127.154167683919,54.1208343505859,weighted_sample
3354,-126.062501017253,54.1208343505859,weighted_sample
3355,-69.5625010172526,54.1125010172526,weighted_sample
3356,-108.229167683919,54.1041676839193,weighted_sample
3357,-97.3708343505859,54.1041676839193,weighted_sample
3358,-92.8791676839193,54.1041676839193,weighted_sample
3359,-106.004167683919,54.0875010172526,Blodgett Forest (US-Blo)
3360,-74.8625010172526,54.0875010172526,weighted_sample
3361,-108.095834350586,54.0791676839193,weighted_sample
3362,-75.7125010172526,54.0791676839193,weighted_sample
3363,-60.5791676839193,54.0791676839193,weighted_sample
3364,-97.4958343505859,54.0708343505859,weighted_sample
3365,-72.3541676839193,54.0625010172526,weighted_sample
3366,-124.395834350586,54.0541676839193,weighted_sample
3367,-89.8708343505859,54.0458343505859,weighted_sample
3368,-98.9208343505859,54.0375010172526,weighted_sample
3369,-101.487501017253,54.0291676839193,weighted_sample
3370,-64.4958343505859,54.0291676839193,weighted_sample
3371,-121.687501017253,53.9958343505859,weighted_sample
3372,-105.120834350586,53.9875010172526,Brooks Field Site 1011- Ames (US-Br2)
3373,-121.795834350586,53.9791676839193,weighted_sample
3374,-98.8041676839193,53.9791676839193,weighted_sample
3375,-117.820834350586,53.9708343505859,weighted_sample
3376,-166.770834350586,53.9625010172526,weighted_sample
3377,-166.612501017253,53.9625010172526,weighted_sample
3378,-129.920834350586,53.9625010172526,weighted_sample
3379,-129.137501017253,53.9541676839193,weighted_sample
3380,-75.8458343505859,53.9541676839193,weighted_sample
3381,-104.645834350586,53.9458343505859,UNDERC (NEON-D05-UNDE)
3382,-105.895834350586,53.9375010172526,weighted_sample
3383,-166.654167683919,53.9291676839193,weighted_sample
3384,-96.6708343505859,53.9291676839193,weighted_sample
3385,-87.1375010172526,53.9291676839193,weighted_sample
3386,-126.162501017253,53.9208343505859,weighted_sample
3387,-114.945834350586,53.9208343505859,weighted_sample
3388,-131.995834350586,53.9125010172526,weighted_sample
3389,-116.262501017253,53.9125010172526,weighted_sample
3390,-104.695834350586,53.9125010172526,Ivotuk (US-Ivo)
3391,-104.654167683919,53.9041676839193,Freeman Ranch- Grassland (US-FR1)
3392,-116.595834350586,53.8958343505859,Chestnut Ridge (US-ChR)
3393,-72.7708343505859,53.8875010172526,weighted_sample
3394,-104.645834350586,53.8791676839193,Crested Wheatgrass Site (US-Ru3)
3395,-102.170834350586,53.8708343505859,weighted_sample
3396,-62.6791676839193,53.8708343505859,weighted_sample
3397,-71.0541676839193,53.8625010172526,weighted_sample
3398,-113.720834350586,53.8458343505859,weighted_sample
3399,-78.6541676839193,53.8375010172526,weighted_sample
3400,-119.662501017253,53.8291676839193,weighted_sample
3401,-104.204167683919,53.8291676839193,weighted_sample
3402,-104.620834350586,53.8041676839193,Flagstaff - Managed Forest (US-Fmf)
3403,-99.0208343505859,53.8041676839193,weighted_sample
3404,-60.5708343505859,53.7958343505859,weighted_sample
3405,-111.070834350586,53.7875010172526,weighted_sample
3406,-122.345834350586,53.7625010172526,weighted_sample
3407,-85.5041676839193,53.7625010172526,weighted_sample
3408,-85.2791676839193,53.7291676839193,weighted_sample
3409,-111.829167683919,53.7208343505859,weighted_sample
3410,-63.2041676839193,53.7125010172526,weighted_sample
3411,-94.9208343505859,53.7041676839193,weighted_sample
3412,-124.920834350586,53.6958343505859,weighted_sample
3413,-64.7541676839193,53.6958343505859,weighted_sample
3414,-101.095834350586,53.6875010172526,weighted_sample
3415,-58.9875010172526,53.6791676839193,weighted_sample
3416,-114.704167683919,53.6708343505859,weighted_sample
3417,-109.220834350586,53.6708343505859,weighted_sample
3418,-74.3458343505859,53.6541676839193,weighted_sample
3419,-106.195834350586,53.6291676839193,Laupahoehoe
3420,-122.179167683919,53.6208343505859,weighted_sample
3421,-118.687501017253,53.6208343505859,weighted_sample
3422,-110.195834350586,53.6208343505859,weighted_sample
3423,-167.004167683919,53.6125010172526,weighted_sample
3424,-65.8125010172526,53.6125010172526,weighted_sample
3425,-75.2625010172526,53.6041676839193,weighted_sample
3426,-84.3375010172526,53.5958343505859,weighted_sample
3427,-59.1208343505859,53.5875010172526,weighted_sample
3428,-105.270834350586,53.5458343505859,weighted_sample
3429,-74.8958343505859,53.5375010172526,weighted_sample
3430,-83.9041676839193,53.5291676839193,weighted_sample
3431,-60.8041676839193,53.5208343505859,weighted_sample
3432,-127.312501017253,53.5125010172526,weighted_sample
3433,-88.9958343505859,53.5125010172526,weighted_sample
3434,-60.7791676839193,53.5125010172526,weighted_sample
3435,-55.8125010172526,53.5125010172526,weighted_sample
3436,-125.829167683919,53.5041676839193,weighted_sample
3437,-78.1625010172526,53.5041676839193,weighted_sample
3438,-106.170834350586,53.4958343505859,weighted_sample
3439,-97.4625010172526,53.4875010172526,weighted_sample
3440,-93.0541676839193,53.4875010172526,weighted_sample
3441,-123.637501017253,53.4791676839193,weighted_sample
3442,-84.6125010172526,53.4791676839193,weighted_sample
3443,-168.087501017253,53.4708343505859,weighted_sample
3444,-166.770834350586,53.4708343505859,weighted_sample
3445,-73.7875010172526,53.4708343505859,weighted_sample
3446,-123.345834350586,53.4541676839193,weighted_sample
3447,-94.7708343505859,53.4541676839193,weighted_sample
3448,-111.462501017253,53.4458343505859,weighted_sample
3449,-109.604167683919,53.4458343505859,weighted_sample
3450,-56.8458343505859,53.4291676839193,weighted_sample
3451,-114.754167683919,53.4208343505859,weighted_sample
3452,-95.2875010172526,53.4208343505859,weighted_sample
3453,-67.1708343505859,53.4208343505859,weighted_sample
3454,-96.2541676839193,53.4125010172526,weighted_sample
3455,-104.987501017253,53.3791676839193,weighted_sample
3456,-75.6375010172526,53.3791676839193,weighted_sample
3457,-102.612501017253,53.3708343505859,weighted_sample
3458,-77.6625010172526,53.3625010172526,weighted_sample
3459,-61.9708343505859,53.3541676839193,weighted_sample
3460,-125.270834350586,53.3458343505859,weighted_sample
3461,-108.512501017253,53.3458343505859,weighted_sample
3462,-78.3375010172526,53.3458343505859,weighted_sample
3463,-77.3291676839193,53.3291676839193,weighted_sample
3464,-71.7541676839193,53.3125010172526,weighted_sample
3465,-121.312501017253,53.2875010172526,weighted_sample
3466,-66.7208343505859,53.2791676839193,weighted_sample
3467,-78.4875010172526,53.2708343505859,weighted_sample
3468,-123.920834350586,53.2541676839193,weighted_sample
3469,-97.1791676839193,53.2541676839193,weighted_sample
3470,-85.8625010172526,53.2541676839193,weighted_sample
3471,-88.120834350586,53.2291676839193,weighted_sample
3472,-57.6291676839193,53.2291676839193,weighted_sample
3473,-120.204167683919,53.2208343505859,weighted_sample
3474,-69.7291676839193,53.2208343505859,weighted_sample
3475,-68.3625010172526,53.2125010172526,weighted_sample
3476,-109.070834350586,53.1541676839193,weighted_sample
3477,-116.012501017253,53.1458343505859,weighted_sample
3478,-90.1708343505859,53.1375010172526,weighted_sample
3479,-58.0375010172526,53.1291676839193,weighted_sample
3480,-95.5208343505859,53.1208343505859,weighted_sample
3481,-128.754167683919,53.1125010172526,weighted_sample
3482,-57.3291676839193,53.1125010172526,weighted_sample
3483,-64.3458343505859,53.0958343505859,weighted_sample
3484,-58.0708343505859,53.0958343505859,weighted_sample
3485,-83.2208343505859,53.0708343505859,weighted_sample
3486,-116.945834350586,53.0625010172526,weighted_sample
3487,-90.1625010172526,53.0625010172526,weighted_sample
3488,-124.954167683919,53.0541676839193,weighted_sample
3489,-67.5125010172526,53.0375010172526,weighted_sample
3490,-58.9875010172526,53.0125010172526,weighted_sample
3491,-128.079167683919,53.0041676839193,weighted_sample
3492,-114.154167683919,53.0041676839193,weighted_sample
3493,-70.4625010172526,53.0041676839193,weighted_sample
3494,-70.8708343505859,52.9958343505859,weighted_sample
3495,-56.1041676839193,52.9625010172526,weighted_sample
3496,-78.2708343505859,52.9291676839193,weighted_sample
3497,-86.9291676839193,52.9208343505859,weighted_sample
3498,-120.237501017253,52.9041676839193,weighted_sample
3499,-82.4375010172526,52.9041676839193,weighted_sample
3500,-82.5041676839193,52.8958343505859,weighted_sample
3501,-82.4875010172526,52.8875010172526,weighted_sample
3502,-82.4541676839193,52.8875010172526,weighted_sample
3503,-122.604167683919,52.8791676839193,weighted_sample
3504,-117.020834350586,52.8625010172526,weighted_sample
3505,-109.979167683919,52.8625010172526,weighted_sample
3506,-92.6625010172526,52.8625010172526,weighted_sample
3507,-64.3041676839193,52.8541676839193,weighted_sample
3508,-56.7875010172526,52.8541676839193,weighted_sample
3509,-125.679167683919,52.8375010172526,weighted_sample
3510,-57.0708343505859,52.8291676839193,weighted_sample
3511,-115.279167683919,52.8208343505859,weighted_sample
3512,-113.820834350586,52.8208343505859,weighted_sample
3513,-109.895834350586,52.8208343505859,weighted_sample
3514,-100.612501017253,52.8208343505859,weighted_sample
3515,-124.004167683919,52.7875010172526,weighted_sample
3516,-86.4541676839193,52.7791676839193,weighted_sample
3517,-85.3958343505859,52.7708343505859,weighted_sample
3518,-77.5375010172526,52.7458343505859,weighted_sample
3519,-62.6291676839193,52.7458343505859,weighted_sample
3520,-59.9041676839193,52.7458343505859,weighted_sample
3521,-104.004167683919,52.7291676839193,weighted_sample
3522,-89.1875010172526,52.7208343505859,weighted_sample
3523,-90.6875010172526,52.7125010172526,weighted_sample
3524,-99.5958343505859,52.7041676839193,weighted_sample
3525,-83.9541676839193,52.7041676839193,Argyle (US-Age)
3526,-58.0208343505859,52.7041676839193,weighted_sample
3527,-95.2291676839193,52.6958343505859,weighted_sample
3528,-83.9458343505859,52.6958343505859,Walnut River Watershed (Smileyburg) (US-Wlr)
3529,-108.879167683919,52.6875010172526,weighted_sample
3530,-65.2375010172526,52.6791676839193,weighted_sample
3531,-90.0458343505859,52.6625010172526,weighted_sample
3532,-82.0541676839193,52.6625010172526,weighted_sample
3533,-95.5458343505859,52.6541676839193,weighted_sample
3534,-60.2958343505859,52.6458343505859,weighted_sample
3535,-106.154167683919,52.6375010172526,weighted_sample
3536,-83.6208343505859,52.6375010172526,weighted_sample
3537,-73.5625010172526,52.6375010172526,weighted_sample
3538,-85.0125010172526,52.6208343505859,weighted_sample
3539,-69.5041676839193,52.5875010172526,weighted_sample
3540,-61.5791676839193,52.5875010172526,weighted_sample
3541,-72.8791676839193,52.5791676839193,weighted_sample
3542,-58.9208343505859,52.5791676839193,weighted_sample
3543,-59.9208343505859,52.5625010172526,weighted_sample
3544,-105.087501017253,52.5458343505859,weighted_sample
3545,-120.112501017253,52.5375010172526,weighted_sample
3546,-107.529167683919,52.5375010172526,weighted_sample
3547,-78.570834350586,52.5291676839193,weighted_sample
3548,-121.995834350586,52.5125010172526,weighted_sample
3549,-58.3125010172526,52.5041676839193,weighted_sample
3550,-103.404167683919,52.4958343505859,weighted_sample
3551,-124.929167683919,52.4875010172526,weighted_sample
3552,-76.4208343505859,52.4791676839193,weighted_sample
3553,-58.0125010172526,52.4708343505859,weighted_sample
3554,-107.504167683919,52.4625010172526,weighted_sample
3555,-70.2291676839193,52.4625010172526,weighted_sample
3556,-108.004167683919,52.4375010172526,weighted_sample
3557,-88.2958343505859,52.4208343505859,weighted_sample
3558,-87.4541676839193,52.3958343505859,weighted_sample
3559,-84.8875010172526,52.3791676839193,weighted_sample
3560,-94.0875010172526,52.3708343505859,weighted_sample
3561,-61.4541676839193,52.3708343505859,weighted_sample
3562,-64.0875010172526,52.3625010172526,weighted_sample
3563,-124.754167683919,52.3541676839193,weighted_sample
3564,-100.745834350586,52.3458343505859,weighted_sample
3565,-84.3458343505859,52.3208343505859,weighted_sample
3566,-120.645834350586,52.2958343505859,weighted_sample
3567,-61.8291676839193,52.1791676839193,weighted_sample
3568,-81.5541676839193,52.1458343505859,weighted_sample
3569,-65.4041676839193,52.1458343505859,weighted_sample
3570,-81.4791676839193,52.1291676839193,weighted_sample
3571,-99.6291676839193,52.1041676839193,weighted_sample
3572,-116.120834350586,52.0375010172526,weighted_sample
3573,-73.3208343505859,52.0125010172526,weighted_sample
3574,-83.4375010172526,51.9875010172526,weighted_sample
3575,-60.4791676839193,51.9291676839193,weighted_sample
3576,-110.487501017253,51.8625010172526,weighted_sample
3577,-61.2625010172526,51.8541676839193,weighted_sample
3578,-93.2458343505859,51.8375010172526,weighted_sample
3579,-113.262501017253,51.8291676839193,weighted_sample
3580,-93.0291676839193,51.8291676839193,weighted_sample
3581,-122.387501017253,51.8125010172526,weighted_sample
3582,-81.9375010172526,51.8125010172526,weighted_sample
3583,-122.937501017253,51.7958343505859,weighted_sample
3584,-114.912501017253,51.7958343505859,weighted_sample
3585,-99.2291676839193,51.7875010172526,weighted_sample
3586,-87.4708343505859,51.7875010172526,weighted_sample
3587,-78.8958343505859,51.7875010172526,weighted_sample
3588,-90.4458343505859,51.7791676839193,weighted_sample
3589,-117.845834350586,51.7708343505859,weighted_sample
3590,-110.037501017253,51.7625010172526,weighted_sample
3591,-109.287501017253,51.7625010172526,weighted_sample
3592,-127.037501017253,51.7541676839193,weighted_sample
3593,-124.937501017253,51.7541676839193,weighted_sample
3594,-82.0958343505859,51.7375010172526,weighted_sample
3595,-125.612501017253,51.7291676839193,weighted_sample
3596,-67.3875010172526,51.7125010172526,weighted_sample
3597,-105.545834350586,51.7041676839193,weighted_sample
3598,-77.4041676839193,51.7041676839193,weighted_sample
3599,-56.5875010172526,51.6791676839193,weighted_sample
3600,-117.045834350586,51.6125010172526,weighted_sample
3601,-123.687501017253,51.5875010172526,weighted_sample
3602,-102.912501017253,51.5875010172526,weighted_sample
3603,-110.179167683919,51.5791676839193,weighted_sample
3604,-126.554167683919,51.5375010172526,weighted_sample
3605,-92.4291676839193,51.5375010172526,weighted_sample
3606,-118.279167683919,51.5291676839193,weighted_sample
3607,-114.470834350586,51.5291676839193,weighted_sample
3608,-97.2875010172526,51.5291676839193,weighted_sample
3609,-64.0875010172526,51.5291676839193,weighted_sample
3610,-122.929167683919,51.5125010172526,weighted_sample
3611,-107.895834350586,51.5041676839193,weighted_sample
3612,-79.1625010172526,51.5041676839193,weighted_sample
3613,-116.345834350586,51.4958343505859,weighted_sample
3614,-104.312501017253,51.4958343505859,weighted_sample
3615,-104.179167683919,51.4875010172526,weighted_sample
3616,-117.512501017253,51.4791676839193,weighted_sample
3617,-99.8041676839193,51.4708343505859,weighted_sample
3618,-65.6208343505859,51.4708343505859,weighted_sample
3619,-65.5458343505859,51.4708343505859,weighted_sample
3620,-60.2041676839193,51.4625010172526,weighted_sample
3621,-68.2375010172526,51.4541676839193,weighted_sample
3622,-97.1791676839193,51.4458343505859,weighted_sample
3623,-83.2708343505859,51.4458343505859,weighted_sample
3624,-110.070834350586,51.4375010172526,weighted_sample
3625,-65.0875010172526,51.4291676839193,weighted_sample
3626,-117.137501017253,51.4125010172526,weighted_sample
3627,-102.045834350586,51.4041676839193,weighted_sample
3628,-97.9125010172526,51.4041676839193,weighted_sample
3629,-72.8041676839193,51.4041676839193,weighted_sample
3630,-79.2125010172526,51.3875010172526,weighted_sample
3631,-63.2291676839193,51.3875010172526,weighted_sample
3632,-114.695834350586,51.3791676839193,weighted_sample
3633,-110.254167683919,51.3791676839193,weighted_sample
3634,-103.370834350586,51.3708343505859,weighted_sample
3635,-111.029167683919,51.3625010172526,weighted_sample
3636,-98.3958343505859,51.3541676839193,weighted_sample
3637,-90.3125010172526,51.3541676839193,weighted_sample
3638,-73.2541676839193,51.3458343505859,weighted_sample
3639,-110.629167683919,51.3291676839193,weighted_sample
3640,-109.637501017253,51.3291676839193,weighted_sample
3641,-80.5291676839193,51.3291676839193,weighted_sample
3642,-75.7958343505859,51.3291676839193,weighted_sample
3643,-122.745834350586,51.3125010172526,weighted_sample
3644,-94.9708343505859,51.2958343505859,weighted_sample
3645,-85.9291676839193,51.2791676839193,weighted_sample
3646,-91.7375010172526,51.2625010172526,weighted_sample
3647,-112.545834350586,51.2458343505859,weighted_sample
3648,-80.7291676839193,51.2458343505859,weighted_sample
3649,-67.3958343505859,51.2458343505859,weighted_sample
3650,-125.195834350586,51.2291676839193,weighted_sample
3651,-62.4375010172526,51.2291676839193,weighted_sample
3652,-89.1375010172526,51.2125010172526,weighted_sample
3653,-79.4708343505859,51.2125010172526,weighted_sample
3654,-79.3875010172526,51.2125010172526,weighted_sample
3655,-124.879167683919,51.2041676839193,weighted_sample
3656,-120.079167683919,51.2041676839193,weighted_sample
3657,-117.170834350586,51.2041676839193,weighted_sample
3658,-100.754167683919,51.2041676839193,weighted_sample
3659,-79.1708343505859,51.1958343505859,weighted_sample
3660,-85.5125010172526,51.1875010172526,weighted_sample
3661,-68.6958343505859,51.1875010172526,weighted_sample
3662,-97.8125010172526,51.1791676839193,weighted_sample
3663,-79.6458343505859,51.1708343505859,weighted_sample
3664,-125.762501017253,51.1625010172526,weighted_sample
3665,-87.7375010172526,51.1625010172526,weighted_sample
3666,-80.6375010172526,51.1541676839193,weighted_sample
3667,-80.6541676839193,51.1458343505859,weighted_sample
3668,-110.495834350586,51.1375010172526,weighted_sample
3669,-81.5791676839193,51.1375010172526,weighted_sample
3670,-56.4125010172526,51.1375010172526,weighted_sample
3671,-111.979167683919,51.1291676839193,weighted_sample
3672,-80.6375010172526,51.1291676839193,weighted_sample
3673,-80.4041676839193,51.1291676839193,weighted_sample
3674,-79.7875010172526,51.1125010172526,weighted_sample
3675,-79.7791676839193,51.1125010172526,weighted_sample
3676,-92.5458343505859,51.0958343505859,weighted_sample
3677,-81.7458343505859,51.0875010172526,weighted_sample
3678,-74.9041676839193,51.0875010172526,weighted_sample
3679,-69.5125010172526,51.0791676839193,weighted_sample
3680,-107.262501017253,51.0708343505859,weighted_sample
3681,-121.312501017253,51.0625010172526,weighted_sample
3682,-79.7125010172526,51.0625010172526,weighted_sample
3683,-108.112501017253,51.0541676839193,weighted_sample
3684,-72.5041676839193,51.0541676839193,weighted_sample
3685,-75.5375010172526,51.0458343505859,weighted_sample
3686,-103.904167683919,51.0291676839193,weighted_sample
3687,-102.929167683919,51.0208343505859,weighted_sample
3688,-83.820834350586,51.0208343505859,weighted_sample
3689,-112.712501017253,51.0125010172526,weighted_sample
3690,-73.8791676839193,51.0125010172526,weighted_sample
3691,-113.929167683919,51.0041676839193,weighted_sample
3692,-92.5458343505859,50.9958343505859,weighted_sample
3693,-86.245834350586,50.9958343505859,weighted_sample
3694,-59.5041676839193,50.9875010172526,weighted_sample
3695,-102.637501017253,50.9791676839193,weighted_sample
3696,-125.595834350586,50.9541676839193,weighted_sample
3697,-80.6708343505859,50.9458343505859,weighted_sample
3698,-116.312501017253,50.9375010172526,weighted_sample
3699,-106.495834350586,50.9375010172526,weighted_sample
3700,-122.012501017253,50.9291676839193,weighted_sample
3701,-79.8958343505859,50.9208343505859,weighted_sample
3702,-102.420834350586,50.9125010172526,weighted_sample
3703,-74.1208343505859,50.9125010172526,weighted_sample
3704,-105.979167683919,50.9041676839193,weighted_sample
3705,-114.687501017253,50.8875010172526,weighted_sample
3706,-118.220834350586,50.8791676839193,weighted_sample
3707,-75.0625010172526,50.8541676839193,weighted_sample
3708,-105.662501017253,50.8458343505859,weighted_sample
3709,-70.6375010172526,50.8458343505859,weighted_sample
3710,-69.9041676839193,50.8458343505859,weighted_sample
3711,-61.7875010172526,50.8375010172526,weighted_sample
3712,-108.562501017253,50.8291676839193,weighted_sample
3713,-89.4291676839193,50.8291676839193,weighted_sample
3714,-61.7541676839193,50.8208343505859,weighted_sample
3715,-67.7375010172526,50.8041676839193,weighted_sample
3716,-115.495834350586,50.7875010172526,weighted_sample
3717,-91.6458343505859,50.7791676839193,weighted_sample
3718,-72.7291676839193,50.7541676839193,weighted_sample
3719,-81.6708343505859,50.7458343505859,weighted_sample
3720,-67.320834350586,50.7375010172526,weighted_sample
3721,-108.179167683919,50.7291676839193,weighted_sample
3722,-103.270834350586,50.7291676839193,weighted_sample
3723,-78.8041676839193,50.7208343505859,weighted_sample
3724,-94.5375010172526,50.7041676839193,weighted_sample
3725,-126.529167683919,50.6875010172526,weighted_sample
3726,-100.529167683919,50.6791676839193,weighted_sample
3727,-81.1291676839193,50.6791676839193,weighted_sample
3728,-73.3291676839193,50.6791676839193,weighted_sample
3729,-127.704167683919,50.6541676839193,weighted_sample
3730,-62.8125010172526,50.6541676839193,weighted_sample
3731,-56.5875010172526,50.6458343505859,weighted_sample
3732,-90.8291676839193,50.6291676839193,weighted_sample
3733,-70.3875010172526,50.6208343505859,weighted_sample
3734,-90.4291676839193,50.5875010172526,weighted_sample
3735,-109.554167683919,50.5791676839193,weighted_sample
3736,-80.3291676839193,50.5625010172526,weighted_sample
3737,-107.437501017253,50.5541676839193,weighted_sample
3738,-66.3791676839193,50.5541676839193,weighted_sample
3739,-111.995834350586,50.5291676839193,weighted_sample
3740,-120.120834350586,50.5208343505859,weighted_sample
3741,-63.2041676839193,50.5208343505859,Plum Island Ecosystems (LTER-PIE)
3742,-104.879167683919,50.5125010172526,weighted_sample
3743,-59.6291676839193,50.5125010172526,weighted_sample
3744,-116.095834350586,50.5041676839193,weighted_sample
3745,-113.054167683919,50.5041676839193,weighted_sample
3746,-71.1541676839193,50.4875010172526,weighted_sample
3747,-107.954167683919,50.4708343505859,weighted_sample
3748,-99.9458343505859,50.4708343505859,weighted_sample
3749,-85.3708343505859,50.4708343505859,weighted_sample
3750,-79.1125010172526,50.4541676839193,weighted_sample
3751,-78.1125010172526,50.4541676839193,weighted_sample
3752,-71.8541676839193,50.4541676839193,weighted_sample
3753,-68.5875010172526,50.4458343505859,weighted_sample
3754,-124.220834350586,50.4375010172526,weighted_sample
3755,-106.470834350586,50.4125010172526,weighted_sample
3756,-75.6708343505859,50.4125010172526,weighted_sample
3757,-65.4375010172526,50.4125010172526,weighted_sample
3758,-119.387501017253,50.4041676839193,weighted_sample
3759,-109.854167683919,50.3958343505859,weighted_sample
3760,-97.1041676839193,50.3958343505859,weighted_sample
3761,-120.120834350586,50.3875010172526,weighted_sample
3762,-100.395834350586,50.3875010172526,weighted_sample
3763,-94.5708343505859,50.3875010172526,weighted_sample
3764,-91.8375010172526,50.3791676839193,weighted_sample
3765,-100.537501017253,50.3708343505859,Onaqui-Ault (NEON-D15-ONAQ)
3766,-100.204167683919,50.3625010172526,Twitchell East End Wetland (US-Tw4)
3767,-122.570834350586,50.3375010172526,weighted_sample
3768,-106.845834350586,50.3291676839193,weighted_sample
3769,-120.487501017253,50.3208343505859,weighted_sample
3770,-122.979167683919,50.2958343505859,weighted_sample
3771,-119.237501017253,50.2958343505859,weighted_sample
3772,-117.162501017253,50.2958343505859,weighted_sample
3773,-69.8458343505859,50.2875010172526,weighted_sample
3774,-91.8291676839193,50.2625010172526,weighted_sample
3775,-75.1375010172526,50.2625010172526,weighted_sample
3776,-116.337501017253,50.2541676839193,weighted_sample
3777,-85.2208343505859,50.2541676839193,weighted_sample
3778,-75.1958343505859,50.2541676839193,weighted_sample
3779,-68.9041676839193,50.2458343505859,weighted_sample
3780,-82.2041676839193,50.2375010172526,weighted_sample
3781,-78.5625010172526,50.2375010172526,weighted_sample
3782,-72.3125010172526,50.2375010172526,weighted_sample
3783,-66.0375010172526,50.2375010172526,weighted_sample
3784,-99.9208343505859,50.2291676839193,weighted_sample
3785,-114.304167683919,50.2125010172526,weighted_sample
3786,-85.1875010172526,50.2041676839193,weighted_sample
3787,-114.729167683919,50.1791676839193,weighted_sample
3788,-117.095834350586,50.1708343505859,weighted_sample
3789,-67.6291676839193,50.1625010172526,weighted_sample
3790,-72.4625010172526,50.1208343505859,weighted_sample
3791,-82.4125010172526,50.0875010172526,weighted_sample
3792,-108.095834350586,50.0791676839193,weighted_sample
3793,-106.745834350586,50.0708343505859,weighted_sample
3794,-121.954167683919,50.0541676839193,weighted_sample
3795,-99.4125010172526,50.0458343505859,weighted_sample
3796,-112.620834350586,50.0375010172526,weighted_sample
3797,-101.079167683919,49.9625010172526,weighted_sample
3798,-75.8208343505859,49.9375010172526,weighted_sample
3799,-112.670834350586,49.9291676839193,weighted_sample
3800,-125.645834350586,49.9208343505859,weighted_sample
3801,-64.3708343505859,49.8875010172526,weighted_sample
3802,-117.962501017253,49.8791676839193,weighted_sample
3803,-87.7875010172526,49.8791676839193,weighted_sample
3804,-125.337501017253,49.8708343505859,Sylvania Wilderness Area (US-Syv)
3805,-125.287501017253,49.8708343505859,Caribou Creek - Poker Flats Watershed (NEON-D19-BONA)
3806,-76.5541676839193,49.8708343505859,weighted_sample
3807,-111.487501017253,49.8291676839193,weighted_sample
3808,-89.4291676839193,49.8041676839193,weighted_sample
3809,-84.5458343505859,49.8041676839193,weighted_sample
3810,-101.412501017253,49.7791676839193,weighted_sample
3811,-74.5708343505859,49.7625010172526,Bartlett Experimental Forest (US-Bar)
3812,-117.345834350586,49.7541676839193,weighted_sample
3813,-67.2958343505859,49.7541676839193,weighted_sample
3814,-109.412501017253,49.7375010172526,weighted_sample
3815,-104.829167683919,49.7375010172526,weighted_sample
3816,-117.020834350586,49.7291676839193,weighted_sample
3817,-112.937501017253,49.7125010172526,NC_Clearcut (US-NC1)
3818,-74.3458343505859,49.6958343505859,Haliburton Forest
3819,-110.037501017253,49.6875010172526,weighted_sample
3820,-109.895834350586,49.6625010172526,weighted_sample
3821,-70.9291676839193,49.6625010172526,weighted_sample
3822,-68.9458343505859,49.6541676839193,weighted_sample
3823,-67.7875010172526,49.6541676839193,weighted_sample
3824,-101.920834350586,49.6458343505859,weighted_sample
3825,-89.8708343505859,49.6375010172526,weighted_sample
3826,-93.1041676839193,49.6208343505859,weighted_sample
3827,-112.145834350586,49.5958343505859,weighted_sample
3828,-80.5291676839193,49.5791676839193,weighted_sample
3829,-67.9791676839193,49.5708343505859,weighted_sample
3830,-116.604167683919,49.5458343505859,weighted_sample
3831,-108.862501017253,49.5458343505859,weighted_sample
3832,-124.895834350586,49.5375010172526,Santa Rita Experimental Range (NEON-D14-SRER)
3833,-103.920834350586,49.4958343505859,weighted_sample
3834,-101.245834350586,49.4958343505859,weighted_sample
3835,-90.3125010172526,49.4958343505859,weighted_sample
3836,-86.3125010172526,49.4958343505859,weighted_sample
3837,-117.054167683919,49.4875010172526,weighted_sample
3838,-97.2708343505859,49.4875010172526,weighted_sample
3839,-97.9625010172526,49.4708343505859,weighted_sample
3840,-80.1708343505859,49.4625010172526,weighted_sample
3841,-89.3041676839193,49.4375010172526,weighted_sample
3842,-68.0708343505859,49.4291676839193,weighted_sample
3843,-91.4625010172526,49.4041676839193,weighted_sample
3844,-72.6791676839193,49.4041676839193,weighted_sample
3845,-94.4041676839193,49.3958343505859,weighted_sample
3846,-68.2125010172526,49.3791676839193,weighted_sample
3847,-96.4791676839193,49.3708343505859,weighted_sample
3848,-89.3791676839193,49.3708343505859,weighted_sample
3849,-53.9708343505859,49.3625010172526,weighted_sample
3850,-74.0375010172526,49.2708343505859,Sagebrush Site (US-Ru2)
3851,-95.0125010172526,49.2541676839193,weighted_sample
3852,-75.9958343505859,49.2458343505859,weighted_sample
3853,-54.3041676839193,49.2375010172526,weighted_sample
3854,-53.7625010172526,49.2375010172526,weighted_sample
3855,-82.2541676839193,49.2291676839193,weighted_sample
3856,-107.704167683919,49.1458343505859,weighted_sample
3857,-111.037501017253,49.1375010172526,weighted_sample
3858,-122.987501017253,49.1291676839193,Lajas Experimental Station (NEON-D04-LAJA)
3859,-122.995834350586,49.1208343505859,Howland Forest- main tower (US-Ho1) (PalEON PHO)
3860,-112.695834350586,49.1208343505859,weighted_sample
3861,-68.9541676839193,49.1208343505859,weighted_sample
3862,-83.7708343505859,49.1041676839193,weighted_sample
3863,-122.895834350586,49.0875010172526,Silas Little- New Jersey (US-Slt)
3864,-105.712501017253,49.0875010172526,weighted_sample
3865,-64.6375010172526,49.0875010172526,weighted_sample
3866,-113.587501017253,49.0791676839193,weighted_sample
3867,-111.904167683919,49.0791676839193,weighted_sample
3868,-71.2708343505859,49.0291676839193,weighted_sample
3869,-100.129167683919,49.0208343505859,weighted_sample
3870,-99.2625010172526,49.0208343505859,weighted_sample
3871,-119.979167683919,49.0041676839193,weighted_sample
3872,-103.654167683919,49.0041676839193,weighted_sample
3873,-95.7291676839193,49.0041676839193,weighted_sample
3874,-69.4625010172526,49.0041676839193,weighted_sample
3875,-102.795834350586,48.9708343505859,weighted_sample
3876,-96.0791676839193,48.9708343505859,weighted_sample
3877,-75.1541676839193,48.9708343505859,weighted_sample
3878,-56.8125010172526,48.9708343505859,weighted_sample
3879,-106.437501017253,48.9625010172526,weighted_sample
3880,-70.6041676839193,48.9625010172526,weighted_sample
3881,-89.9458343505859,48.9375010172526,weighted_sample
3882,-113.779167683919,48.9291676839193,weighted_sample
3883,-109.204167683919,48.9208343505859,weighted_sample
3884,-80.4875010172526,48.9125010172526,weighted_sample
3885,-78.1875010172526,48.9125010172526,weighted_sample
3886,-117.987501017253,48.8958343505859,weighted_sample
3887,-116.262501017253,48.8875010172526,weighted_sample
3888,-115.362501017253,48.8791676839193,weighted_sample
3889,-114.212501017253,48.8791676839193,weighted_sample
3890,-102.804167683919,48.8708343505859,weighted_sample
3891,-55.2875010172526,48.8708343505859,weighted_sample
3892,-117.137501017253,48.8541676839193,weighted_sample
3893,-99.7125010172526,48.8541676839193,weighted_sample
3894,-72.4708343505859,48.8458343505859,weighted_sample
3895,-119.537501017253,48.8291676839193,weighted_sample
3896,-65.4041676839193,48.8041676839193,weighted_sample
3897,-104.712501017253,48.7958343505859,weighted_sample
3898,-77.3458343505859,48.7958343505859,weighted_sample
3899,-101.529167683919,48.7541676839193,weighted_sample
3900,-95.2291676839193,48.7291676839193,weighted_sample
3901,-95.0291676839193,48.7291676839193,weighted_sample
3902,-81.8541676839193,48.7291676839193,weighted_sample
3903,-102.362501017253,48.7208343505859,weighted_sample
3904,-119.720834350586,48.7125010172526,weighted_sample
3905,-95.0875010172526,48.7125010172526,weighted_sample
3906,-119.995834350586,48.6875010172526,weighted_sample
3907,-112.687501017253,48.6875010172526,weighted_sample
3908,-96.7625010172526,48.6875010172526,weighted_sample
3909,-106.120834350586,48.6791676839193,weighted_sample
3910,-77.4375010172526,48.6708343505859,weighted_sample
3911,-115.362501017253,48.6625010172526,weighted_sample
3912,-112.395834350586,48.6458343505859,weighted_sample
3913,-118.279167683919,48.6375010172526,weighted_sample
3914,-121.545834350586,48.6291676839193,weighted_sample
3915,-95.8875010172526,48.6208343505859,weighted_sample
3916,-119.912501017253,48.6125010172526,weighted_sample
3917,-115.245834350586,48.6041676839193,ARM USDA UNL OSU Woodward Switchgrass 1 (US-AR1)
3918,-85.5375010172526,48.5958343505859,weighted_sample
3919,-113.845834350586,48.5875010172526,weighted_sample
3920,-104.670834350586,48.5791676839193,weighted_sample
3921,-78.0791676839193,48.5791676839193,ARM USDA UNL OSU Woodward Switchgrass 2 (US-AR2)
3922,-96.4458343505859,48.5708343505859,weighted_sample
3923,-113.320834350586,48.5541676839193,weighted_sample
3924,-92.8791676839193,48.5541676839193,weighted_sample
3925,-100.370834350586,48.4708343505859,weighted_sample
3926,-99.3958343505859,48.4708343505859,weighted_sample
3927,-113.112501017253,48.4625010172526,weighted_sample
3928,-86.1541676839193,48.4541676839193,weighted_sample
3929,-118.262501017253,48.4458343505859,weighted_sample
3930,-74.1291676839193,48.4458343505859,weighted_sample
3931,-116.262501017253,48.4375010172526,weighted_sample
3932,-111.662501017253,48.4208343505859,weighted_sample
3933,-70.9875010172526,48.4125010172526,weighted_sample
3934,-118.770834350586,48.4041676839193,weighted_sample
3935,-117.004167683919,48.3958343505859,weighted_sample
3936,-106.737501017253,48.3958343505859,weighted_sample
3937,-76.2291676839193,48.3958343505859,weighted_sample
3938,-92.5208343505859,48.3708343505859,weighted_sample
3939,-93.2625010172526,48.3625010172526,weighted_sample
3940,-113.845834350586,48.3541676839193,weighted_sample
3941,-116.120834350586,48.3458343505859,weighted_sample
3942,-110.570834350586,48.3458343505859,weighted_sample
3943,-114.637501017253,48.3375010172526,weighted_sample
3944,-94.6875010172526,48.3375010172526,weighted_sample
3945,-92.4791676839193,48.3375010172526,weighted_sample
3946,-93.9541676839193,48.3208343505859,weighted_sample
3947,-110.987501017253,48.3041676839193,weighted_sample
3948,-97.8625010172526,48.2875010172526,weighted_sample
3949,-102.162501017253,48.2791676839193,weighted_sample
3950,-108.579167683919,48.2541676839193,weighted_sample
3951,-113.287501017253,48.2375010172526,weighted_sample
3952,-92.4208343505859,48.2375010172526,weighted_sample
3953,-74.3125010172526,48.2375010172526,weighted_sample
3954,-72.5875010172526,48.2375010172526,weighted_sample
3955,-120.387501017253,48.2291676839193,weighted_sample
3956,-97.6375010172526,48.2291676839193,weighted_sample
3957,-92.1458343505859,48.2291676839193,weighted_sample
3958,-95.4958343505859,48.2208343505859,weighted_sample
3959,-82.1541676839193,48.2208343505859,GLEES (US-GLE)
3960,-115.804167683919,48.2125010172526,weighted_sample
3961,-115.395834350586,48.2041676839193,weighted_sample
3962,-96.3875010172526,48.2041676839193,weighted_sample
3963,-113.762501017253,48.1958343505859,Harvard Forest Hemlock Site (US-Ha2)
3964,-70.5708343505859,48.1958343505859,weighted_sample
3965,-121.487501017253,48.1875010172526,weighted_sample
3966,-114.154167683919,48.1875010172526,Rosemount- G21 (US-Ro1)
3967,-114.204167683919,48.1791676839193,Great Mountain Forest (US-GMF)
3968,-85.5708343505859,48.1791676839193,weighted_sample
3969,-66.9125010172526,48.1791676839193,weighted_sample
3970,-124.112501017253,48.1625010172526,weighted_sample
3971,-122.604167683919,48.1625010172526,weighted_sample
3972,-123.962501017253,48.1458343505859,weighted_sample
3973,-74.6458343505859,48.1375010172526,weighted_sample
3974,-115.929167683919,48.1208343505859,weighted_sample
3975,-114.929167683919,48.1125010172526,weighted_sample
3976,-120.137501017253,48.1041676839193,weighted_sample
3977,-110.629167683919,48.1041676839193,weighted_sample
3978,-54.1791676839193,48.1041676839193,weighted_sample
3979,-98.6708343505859,48.0708343505859,weighted_sample
3980,-95.3125010172526,48.0708343505859,weighted_sample
3981,-81.2791676839193,48.0375010172526,weighted_sample
3982,-94.3875010172526,48.0291676839193,weighted_sample
3983,-123.304167683919,48.0125010172526,weighted_sample
3984,-93.2708343505859,48.0041676839193,weighted_sample
3985,-106.437501017253,47.9958343505859,"Saskatchewan - Western Boreal, forest burned in 1998 (CA-SF3)"
3986,-92.0375010172526,47.9958343505859,weighted_sample
3987,-123.345834350586,47.9875010172526,weighted_sample
3988,-117.945834350586,47.9541676839193,weighted_sample
3989,-114.187501017253,47.9458343505859,Arctic Long-Term Ecological Research (LTER)
3990,-92.6791676839193,47.9458343505859,weighted_sample
3991,-89.7208343505859,47.9458343505859,weighted_sample
3992,-104.620834350586,47.9375010172526,weighted_sample
3993,-111.912501017253,47.9291676839193,weighted_sample
3994,-80.3458343505859,47.9291676839193,weighted_sample
3995,-113.404167683919,47.9208343505859,weighted_sample
3996,-122.720834350586,47.9125010172526,weighted_sample
3997,-121.345834350586,47.9125010172526,weighted_sample
3998,-101.854167683919,47.9125010172526,weighted_sample
3999,-98.6375010172526,47.9125010172526,UCI-1850 burn site (CA-NS1)
4000,-91.0625010172526,47.9041676839193,weighted_sample
4001,-117.479167683919,47.8958343505859,weighted_sample
4002,-94.2291676839193,47.8958343505859,weighted_sample
4003,-90.4125010172526,47.8875010172526,weighted_sample
4004,-124.545834350586,47.8708343505859,weighted_sample
4005,-93.8291676839193,47.8708343505859,California UC ANR Desert Research and Extension Center Urban Farm Tower (US-Deu)
4006,-114.037501017253,47.8541676839193,Southern California Climate Gradient - Pinyon/Juniper Woodland (US-SCw)
4007,-120.587501017253,47.8458343505859,weighted_sample
4008,-78.2125010172526,47.8375010172526,weighted_sample
4009,-105.954167683919,47.8291676839193,Jasper Ridge (US-Jas)
4010,-116.004167683919,47.8125010172526,weighted_sample
4011,-102.770834350586,47.8125010172526,Missouri Ozark Site/BREA (US-MOz)
4012,-100.287501017253,47.8125010172526,weighted_sample
4013,-97.5208343505859,47.8125010172526,Oak Openings (US-Oho)
4014,-90.9875010172526,47.8125010172526,weighted_sample
4015,-120.429167683919,47.7958343505859,weighted_sample
4016,-117.887501017253,47.7958343505859,weighted_sample
4017,-115.129167683919,47.7958343505859,weighted_sample
4018,-95.4208343505859,47.7875010172526,weighted_sample
4019,-98.8791676839193,47.7791676839193,weighted_sample
4020,-117.070834350586,47.7708343505859,weighted_sample
4021,-110.695834350586,47.7708343505859,Barrow (US-Brw)
4022,-107.237501017253,47.7708343505859,weighted_sample
4023,-71.3458343505859,47.7708343505859,weighted_sample
4024,-112.512501017253,47.7625010172526,weighted_sample
4025,-106.270834350586,47.7625010172526,weighted_sample
4026,-116.920834350586,47.7458343505859,weighted_sample
4027,-97.3458343505859,47.7375010172526,weighted_sample
4028,-112.104167683919,47.7291676839193,weighted_sample
4029,-95.0541676839193,47.7125010172526,weighted_sample
4030,-90.8625010172526,47.6958343505859,weighted_sample
4031,-121.387501017253,47.6875010172526,weighted_sample
4032,-111.462501017253,47.6875010172526,Coweeta (LTER-CWT)
4033,-107.145834350586,47.6791676839193,Cypress wetland (US-Cyp)
4034,-123.970834350586,47.6708343505859,weighted_sample
4035,-111.487501017253,47.6708343505859,Goodwin Creek (US-Goo)
4036,-99.5625010172526,47.6708343505859,Intermediate hardwood (IHW) (US-Wi1)
4037,-91.5625010172526,47.6708343505859,weighted_sample
4038,-123.379167683919,47.6625010172526,weighted_sample
4039,-109.962501017253,47.6625010172526,Northern Plains Site (US-NPn)
4040,-81.170834350586,47.6541676839193,weighted_sample
4041,-79.5958343505859,47.6541676839193,weighted_sample
4042,-97.1041676839193,47.6458343505859,weighted_sample
4043,-111.504167683919,47.6291676839193,weighted_sample
4044,-100.337501017253,47.6291676839193,Yosemite National Park
4045,-124.245834350586,47.6208343505859,weighted_sample
4046,-118.487501017253,47.6208343505859,weighted_sample
4047,-113.379167683919,47.6041676839193,Disney Wilderness Preserve (NEON-D03-DSNY)
4048,-115.354167683919,47.5875010172526,Mt Bigelow (US-MtB)
4049,-115.804167683919,47.5791676839193,weighted_sample
4050,-114.145834350586,47.5791676839193,weighted_sample
4051,-115.337501017253,47.5708343505859,weighted_sample
4052,-94.5375010172526,47.5458343505859,weighted_sample
4053,-93.7041676839193,47.5375010172526,weighted_sample
4054,-69.8625010172526,47.5375010172526,weighted_sample
4055,-106.462501017253,47.5208343505859,Hubbard Brook (LTER-HBR)
4056,-93.4875010172526,47.5041676839193,Wind River
4057,-93.4541676839193,47.5041676839193,Chimney Park (US-CPk)
4058,-109.495834350586,47.4958343505859,Marys River (Fir) site (US-MRf)
4059,-114.445834350586,47.4791676839193,weighted_sample
4060,-111.720834350586,47.4791676839193,Jornada LTER (NEON-D14-JORN)
4061,-108.512501017253,47.4625010172526,weighted_sample
4062,-111.712501017253,47.4375010172526,weighted_sample
4063,-111.029167683919,47.4375010172526,weighted_sample
4064,-81.0125010172526,47.4375010172526,weighted_sample
4065,-122.937501017253,47.4208343505859,weighted_sample
4066,-106.620834350586,47.4208343505859,weighted_sample
4067,-109.454167683919,47.4125010172526,weighted_sample
4068,-55.1041676839193,47.4125010172526,weighted_sample
4069,-106.312501017253,47.3875010172526,weighted_sample
4070,-88.0791676839193,47.3875010172526,weighted_sample
4071,-121.862501017253,47.3791676839193,weighted_sample
4072,-118.529167683919,47.3791676839193,Santa Rita Creosote (US-SRC)
4073,-121.187501017253,47.3625010172526,weighted_sample
4074,-95.7541676839193,47.3541676839193,weighted_sample
4075,-84.0875010172526,47.3541676839193,weighted_sample
4076,-112.654167683919,47.3458343505859,weighted_sample
4077,-106.804167683919,47.3375010172526,weighted_sample
4078,-91.4875010172526,47.3375010172526,weighted_sample
4079,-103.995834350586,47.3291676839193,weighted_sample
4080,-95.4291676839193,47.3208343505859,weighted_sample
4081,-116.704167683919,47.3125010172526,Intermediate red pine (IRP) (US-Wi2)
4082,-106.454167683919,47.3125010172526,Fort Peck (US-FPe)
4083,-103.254167683919,47.3125010172526,Oak Ridge (NEON-D07-ORNL)
4084,-96.8875010172526,47.3125010172526,weighted_sample
4085,-71.0291676839193,47.3041676839193,weighted_sample
4086,-82.3125010172526,47.2958343505859,weighted_sample
4087,-98.3541676839193,47.2791676839193,Valles Caldera National Preserve (Ponderosa pine) (US-Vcp)
4088,-115.545834350586,47.2708343505859,"Great Smoky Mountains National Park, Twin Creeks (NEON-D07-GRSM)"
4089,-94.0541676839193,47.2708343505859,weighted_sample
4090,-114.904167683919,47.2625010172526,UCI-1964 burn site (CA-NS3)
4091,-95.8125010172526,47.2625010172526,weighted_sample
4092,-108.695834350586,47.2541676839193,weighted_sample
4093,-88.1708343505859,47.2458343505859,weighted_sample
4094,-113.904167683919,47.2291676839193,weighted_sample
4095,-121.595834350586,47.2125010172526,weighted_sample
4096,-117.487501017253,47.2041676839193,Delta Junction (NEON-D19-DEJU)
4097,-121.712501017253,47.1791676839193,weighted_sample
4098,-121.312501017253,47.1708343505859,weighted_sample
4099,-94.9458343505859,47.1708343505859,weighted_sample
4100,-93.2208343505859,47.1708343505859,weighted_sample
4101,-101.562501017253,47.1625010172526,weighted_sample
4102,-99.1041676839193,47.1625010172526,Mountain Lake Biological Station (NEON-D07-MLBS)
4103,-123.870834350586,47.1541676839193,weighted_sample
4104,-107.454167683919,47.1541676839193,Duke Forest - loblolly pine (US-Dk3)
4105,-92.2458343505859,47.1541676839193,Southern California Climate Gradient Sierran Mixed Conifer (US-CZ3)
4106,-92.0541676839193,47.1541676839193,weighted_sample
4107,-68.9458343505859,47.1458343505859,weighted_sample
4108,-116.937501017253,47.1375010172526,weighted_sample
4109,-93.8375010172526,47.1375010172526,weighted_sample
4110,-123.387501017253,47.1291676839193,weighted_sample
4111,-121.779167683919,47.1291676839193,weighted_sample
4112,-115.487501017253,47.1291676839193,weighted_sample
4113,-99.2375010172526,47.1291676839193,Andrews Forest (LTER-AND)
4114,-69.0041676839193,47.1208343505859,weighted_sample
4115,-116.187501017253,47.1125010172526,weighted_sample
4116,-110.620834350586,47.1125010172526,weighted_sample
4117,-109.037501017253,47.1125010172526,Brookings (US-Bkg)
4118,-114.362501017253,47.1041676839193,weighted_sample
4119,-106.262501017253,47.1041676839193,weighted_sample
4120,-92.6875010172526,47.0958343505859,weighted_sample
4121,-96.7291676839193,47.0875010172526,weighted_sample
4122,-119.629167683919,47.0708343505859,weighted_sample
4123,-92.0291676839193,47.0708343505859,weighted_sample
4124,-117.704167683919,47.0625010172526,weighted_sample
4125,-108.520834350586,47.0625010172526,weighted_sample
4126,-94.0458343505859,47.0625010172526,weighted_sample
4127,-115.720834350586,47.0541676839193,weighted_sample
4128,-93.2875010172526,47.0541676839193,weighted_sample
4129,-96.4458343505859,47.0375010172526,weighted_sample
4130,-94.1291676839193,47.0375010172526,weighted_sample
4131,-112.579167683919,47.0291676839193,weighted_sample
4132,-67.6791676839193,47.0291676839193,weighted_sample
4133,-112.995834350586,47.0208343505859,weighted_sample
4134,-119.245834350586,47.0125010172526,Anaktuvuk River Unburned (US-An3)
4135,-108.162501017253,47.0125010172526,weighted_sample
4136,-105.312501017253,47.0125010172526,Ponca City (US-Pon)
4137,-94.9041676839193,47.0125010172526,weighted_sample
4138,-92.5041676839193,47.0125010172526,weighted_sample
4139,-92.9791676839193,47.0041676839193,weighted_sample
4140,-109.629167683919,46.9958343505859,BOREAS NSA - (CA-Man)
4141,-109.612501017253,46.9958343505859,SCBI: Smithsonian Conservation Biology Institute
4142,-118.595834350586,46.9875010172526,Smithsonian Conservation Biology Institute (NEON-D02-SCBI)
4143,-89.0125010172526,46.9875010172526,weighted_sample
4144,-82.9958343505859,46.9791676839193,weighted_sample
4145,-88.7125010172526,46.9708343505859,weighted_sample
4146,-81.7375010172526,46.9708343505859,weighted_sample
4147,-68.8958343505859,46.9708343505859,weighted_sample
4148,-103.629167683919,46.9625010172526,weighted_sample
4149,-110.887501017253,46.9541676839193,Eight Mile Lake Permafrost (US-EML)
4150,-110.887501017253,46.9458343505859,Everglades (short hydroperiod marsh) (US-Esm)
4151,-96.7875010172526,46.9458343505859,weighted_sample
4152,-76.8625010172526,46.9458343505859,weighted_sample
4153,-66.8291676839193,46.9458343505859,weighted_sample
4154,-123.587501017253,46.9291676839193,weighted_sample
4155,-73.3875010172526,46.9125010172526,weighted_sample
4156,-93.2875010172526,46.8791676839193,weighted_sample
4157,-117.987501017253,46.8708343505859,Pu'u Maka'ala Natural Area Reserve (NEON-D20-PUUM)
4158,-92.7791676839193,46.8625010172526,weighted_sample
4159,-96.6208343505859,46.8458343505859,weighted_sample
4160,-95.9708343505859,46.8291676839193,weighted_sample
4161,-109.745834350586,46.8208343505859,weighted_sample
4162,-106.179167683919,46.8208343505859,weighted_sample
4163,-124.079167683919,46.8041676839193,weighted_sample
4164,-117.087501017253,46.7875010172526,SPRUCE
4165,-117.079167683919,46.7875010172526,Pinon-juniper site (Mountainair) (US-Mpj)
4166,-88.4708343505859,46.7875010172526,weighted_sample
4167,-122.720834350586,46.7791676839193,weighted_sample
4168,-122.670834350586,46.7791676839193,Kennedy Space Center (scrub oak) (US-KS2)
4169,-117.079167683919,46.7791676839193,UCI-1981 burn site (CA-NS5)
4170,-100.912501017253,46.7708343505859,Jornada Basin (LTER-JRN)
4171,-113.770834350586,46.7625010172526,Fermi National Accelerator Laboratory-Prairie site (US-IB2)
4172,-117.129167683919,46.7541676839193,"Bonanza Creek, 1999 Burn site near Delta Junction (US-Bn3)"
4173,-116.945834350586,46.7541676839193,Florida Coastal Everglades (LTER-FCE)
4174,-124.020834350586,46.7375010172526,weighted_sample
4175,-119.320834350586,46.7375010172526,Wisconsin South Fork Spagnum Bog (US-SFK-bog)
4176,-91.1625010172526,46.7375010172526,Konza Prairie LTER (KNZ) (US-Kon)
4177,-120.945834350586,46.7291676839193,weighted_sample
4178,-91.2291676839193,46.7291676839193,Happy Valley (US-HVa)
4179,-100.695834350586,46.7208343505859,weighted_sample
4180,-91.2541676839193,46.7208343505859,Freeman Ranch- Woodland (US-FR3)
4181,-103.220834350586,46.7041676839193,weighted_sample
4182,-104.537501017253,46.6958343505859,Lower Teakettle (NEON-D17-TEAK)
4183,-119.462501017253,46.6875010172526,Konza Prairie Biological Station (NEON-D06-KONZ)
4184,-91.1541676839193,46.6875010172526,Walden (US-Wdn)
4185,-89.6791676839193,46.6875010172526,weighted_sample
4186,-68.9458343505859,46.6875010172526,weighted_sample
4187,-121.879167683919,46.6791676839193,Sioux Falls Portable (US-SFP)
4188,-120.162501017253,46.6791676839193,weighted_sample
4189,-110.154167683919,46.6791676839193,weighted_sample
4190,-107.954167683919,46.6791676839193,weighted_sample
4191,-122.362501017253,46.6708343505859,weighted_sample
4192,-64.7208343505859,46.6625010172526,weighted_sample
4193,-91.8208343505859,46.6541676839193,weighted_sample
4194,-91.0875010172526,46.6541676839193,Klemme Range Research Station (NEON-D11-OAES)
4195,-114.979167683919,46.6458343505859,Susquehanna Shale Hills Critical Zone Observatory (US-SSH)
4196,-91.0708343505859,46.6458343505859,Riparian Meadow (US-Rip)
4197,-88.5208343505859,46.6458343505859,Kansas Field Station (US-KFS)
4198,-105.004167683919,46.6375010172526,weighted_sample
4199,-91.0958343505859,46.6375010172526,Fermi National Accelerator Laboratory- Batavia-Agricultural site (US-IB1)
4200,-88.9291676839193,46.6375010172526,weighted_sample
4201,-115.362501017253,46.6291676839193,weighted_sample
4202,-91.2958343505859,46.6208343505859,Park Falls WLEF (US-PFa)
4203,-91.0791676839193,46.6208343505859,KCMP Tall Tower (US-KCM)
4204,-116.470834350586,46.5875010172526,La Paz (MX-Lpa)
4205,-114.520834350586,46.5708343505859,weighted_sample
4206,-119.087501017253,46.5375010172526,weighted_sample
4207,-105.204167683919,46.5125010172526,weighted_sample
4208,-116.279167683919,46.5041676839193,weighted_sample
4209,-95.6458343505859,46.4958343505859,weighted_sample
4210,-97.7708343505859,46.4875010172526,weighted_sample
4211,-88.6958343505859,46.4875010172526,weighted_sample
4212,-87.5791676839193,46.4791676839193,Tesopaco (MX-Tes)
4213,-67.0791676839193,46.4791676839193,Rayón (MX-Ray)
4214,-72.5541676839193,46.4708343505859,weighted_sample
4215,-67.0958343505859,46.4708343505859,Mogor
4216,-110.679167683919,46.4625010172526,weighted_sample
4217,-78.5791676839193,46.4625010172526,weighted_sample
4218,-123.804167683919,46.4541676839193,weighted_sample
4219,-116.312501017253,46.4458343505859,weighted_sample
4220,-63.4875010172526,46.4458343505859,weighted_sample
4221,-123.387501017253,46.4375010172526,Chamela
4222,-108.370834350586,46.4375010172526,weighted_sample
4223,-90.3875010172526,46.4375010172526,weighted_sample
4224,-121.754167683919,46.4125010172526,weighted_sample
4225,-69.4041676839193,46.4125010172526,weighted_sample
4226,-124.020834350586,46.4041676839193,weighted_sample
4227,-84.7208343505859,46.4041676839193,weighted_sample
4228,-122.420834350586,46.3958343505859,weighted_sample
4229,-116.787501017253,46.3958343505859,Sierra de los Locos (MX-Loc)
4230,-105.787501017253,46.3708343505859,weighted_sample
4231,-63.2041676839193,46.3541676839193,weighted_sample
4232,-63.1708343505859,46.3458343505859,weighted_sample
4233,-122.004167683919,46.3375010172526,weighted_sample
4234,-107.329167683919,46.3375010172526,weighted_sample
4235,-114.070834350586,46.3291676839193,weighted_sample
4236,-111.404167683919,46.3291676839193,Ojuelos (MX-Oju)
4237,-92.3875010172526,46.3291676839193,weighted_sample
4238,-104.620834350586,46.3208343505859,weighted_sample
4239,-93.2208343505859,46.3125010172526,weighted_sample
4240,-88.9958343505859,46.3041676839193,weighted_sample
4241,-117.712501017253,46.2958343505859,weighted_sample
4242,-116.429167683919,46.2958343505859,weighted_sample
4243,-92.1625010172526,46.2875010172526,weighted_sample
4244,-90.3625010172526,46.2875010172526,weighted_sample
4245,-114.429167683919,46.2791676839193,weighted_sample
4246,-96.1958343505859,46.2791676839193,weighted_sample
4247,-88.0875010172526,46.2791676839193,weighted_sample
4248,-84.9541676839193,46.2791676839193,weighted_sample
4249,-121.762501017253,46.2708343505859,weighted_sample
4250,-72.9708343505859,46.2625010172526,weighted_sample
4251,-85.0541676839193,46.2541676839193,weighted_sample
4252,-96.5625010172526,46.2458343505859,weighted_sample
4253,-89.3458343505859,46.2458343505859,Atopixco  (MX-Ato)
4254,-89.5375010172526,46.2375010172526,Colorada (MX-Col)
4255,-117.454167683919,46.2291676839193,Kaxil Kiuic (MX-Kax)
4256,-105.362501017253,46.2291676839193,Chamela
4257,-92.0625010172526,46.2208343505859,weighted_sample
4258,-87.6041676839193,46.2208343505859,weighted_sample
4259,-85.6125010172526,46.2208343505859,weighted_sample
4260,-68.3208343505859,46.2208343505859,weighted_sample
4261,-120.962501017253,46.2125010172526,weighted_sample
4262,-118.787501017253,46.2125010172526,Ecosistemas Costeros de la Peninsula de Yucatan (ECOPEY)
4263,-113.270834350586,46.2125010172526,weighted_sample
4264,-100.079167683919,46.2125010172526,weighted_sample
4265,-91.9375010172526,46.2125010172526,weighted_sample
4266,-122.262501017253,46.1958343505859,weighted_sample
4267,-92.4125010172526,46.1958343505859,weighted_sample
4268,-89.2458343505859,46.1958343505859,weighted_sample
4269,-115.645834350586,46.1791676839193,weighted_sample
4270,-112.037501017253,46.1791676839193,weighted_sample
4271,-84.8041676839193,46.1791676839193,weighted_sample
4272,-113.379167683919,46.1625010172526,Ecosistemas del Altiplano
4273,-107.629167683919,46.1625010172526,weighted_sample
4274,-89.1041676839193,46.1625010172526,weighted_sample
4275,-117.787501017253,46.1458343505859,weighted_sample
4276,-95.6875010172526,46.1458343505859,weighted_sample
4277,-90.6208343505859,46.1458343505859,weighted_sample
4278,-69.0041676839193,46.1458343505859,weighted_sample
4279,-93.3625010172526,46.1375010172526,weighted_sample
4280,-117.754167683919,46.1291676839193,weighted_sample
4281,-112.679167683919,46.1291676839193,weighted_sample
4282,-88.3375010172526,46.1291676839193,weighted_sample
4283,-87.0291676839193,46.1291676839193,weighted_sample
4284,-122.712501017253,46.1041676839193,weighted_sample
4285,-97.8791676839193,46.1041676839193,weighted_sample
4286,-83.6375010172526,46.0875010172526,weighted_sample
4287,-102.504167683919,46.0791676839193,weighted_sample
4288,-89.9791676839193,46.0791676839193,GRACILIS
4289,-89.9708343505859,46.0791676839193,La Mancha
4290,-86.870834350586,46.0791676839193,weighted_sample
4291,-108.770834350586,46.0708343505859,Los Tuxtlas
4292,-119.162501017253,46.0625010172526,Manantlan
4293,-88.195834350586,46.0625010172526,weighted_sample
4294,-87.0708343505859,46.0625010172526,weighted_sample
4295,-76.6541676839193,46.0625010172526,weighted_sample
4296,-94.0625010172526,46.0375010172526,weighted_sample
4297,-118.970834350586,46.0291676839193,weighted_sample
4298,-89.6041676839193,46.0291676839193,
4299,-87.0041676839193,46.0291676839193,weighted_sample
4300,-85.0208343505859,46.0291676839193,weighted_sample
4301,-62.8958343505859,46.0291676839193,weighted_sample
4302,-109.754167683919,46.0125010172526,
4303,-89.6708343505859,46.0125010172526,
4304,-86.8291676839193,46.0125010172526,weighted_sample
4305,-66.3625010172526,46.0125010172526,
4306,-89.7041676839193,46.0041676839193,
4307,-90.3041676839193,45.9791676839193,
4308,-69.2125010172526,45.9791676839193,weighted_sample
4309,-108.195834350586,45.9708343505859,
4310,-90.3541676839193,45.9708343505859,weighted_sample
4311,-90.3208343505859,45.9708343505859,Centro de Investigaciones Agricolas de la Peninsula de Yucatan
4312,-90.3125010172526,45.9708343505859,Chihuahuan Desert
4313,-90.3041676839193,45.9708343505859,El Mogor (MX-EMg)
4314,-90.2708343505859,45.9708343505859,Sainte-Foy Agriculture Canada Research Station
4315,-90.2291676839193,45.9708343505859,Amos
4316,-90.2291676839193,45.9625010172526,
4317,-90.2375010172526,45.9541676839193,Groundhog River-Mat. Boreal Mixed Wood (CA-Gro)
4318,-118.937501017253,45.9458343505859,Turkey Point- Seedling White Pine (CA-TP1)
4319,-96.2958343505859,45.9458343505859,Eastern Peatland- Mer Bleue (CA-Mer)
4320,-90.2958343505859,45.9458343505859,Lethbridge (CA-Let)
4321,-90.2708343505859,45.9458343505859,Turkey Point-Middle-aged White Pine (CA-TP3)
4322,-74.1875010172526,45.9458343505859,weighted_sample
4323,-72.7625010172526,45.9458343505859,weighted_sample
4324,-120.737501017253,45.9375010172526,weighted_sample
4325,-90.3208343505859,45.9375010172526,Sask.- 1994 Harv. Jack Pine (Ca-SJ1)
4326,-90.2708343505859,45.9375010172526,Campbell River - Young Plantation Site (CA-Ca3)
4327,-90.2375010172526,45.9375010172526,Turkey Point- Young White Pine (CA-TP2)
4328,-88.1041676839193,45.9375010172526,weighted_sample
4329,-96.2625010172526,45.9291676839193,weighted_sample
4330,-94.1625010172526,45.9291676839193,weighted_sample
4331,-90.2458343505859,45.9291676839193,BOREAS SSA Old Jack Pine (CA-Ojp)
4332,-108.237501017253,45.9208343505859,Campbell River - Mature Forest Site (CA-Ca1)
4333,-92.6541676839193,45.9208343505859,Sask.- SSA 1975 Harv. Yng Jack Pine (Ca-SJ3)
4334,-90.3125010172526,45.9208343505859,Sask.- 2002 Harvested Jack Pine (CA-SJ2)
4335,-90.2708343505859,45.9208343505859,Campbell River - Clearcut Site (CA-Ca2)
4336,-90.2458343505859,45.9208343505859,Ontario - Turkey Point Mature Deciduous (CA-TPD)
4337,-90.2291676839193,45.9208343505859,UCI-2003 burn site (CA-NS8)
4338,-90.1208343505859,45.9208343505859,"Quebec - Eastern Boreal, Black Spruce/Jack Pine Cutover. (CA-Qcu)"
4339,-114.129167683919,45.9125010172526,weighted_sample
4340,-108.670834350586,45.9125010172526,New Brunswick - Charlie Lake site 01 (immature balsam fir forest to be thinned in year 3). (CA-Cha)
4341,-91.7375010172526,45.9125010172526,weighted_sample
4342,-90.3458343505859,45.9125010172526,New Brunswick - 1975 Balsam Fir - Nashwaak Lake site 02 (Young balsam fir forest to be thinned fall 2004). (CA-Na2)
4343,-123.954167683919,45.8958343505859,weighted_sample
4344,-123.170834350586,45.8958343505859,weighted_sample
4345,-122.195834350586,45.8958343505859,weighted_sample
4346,-122.987501017253,45.8875010172526,"Saskatchewan - Western Boreal, wetland. (CA-Fen)"
4347,-119.537501017253,45.8875010172526,weighted_sample
4348,-114.554167683919,45.8875010172526,weighted_sample
4349,-103.245834350586,45.8875010172526,Alberta - Western Peatland - Rich Fen (Carex) (CA-WP3)
4350,-67.3541676839193,45.8875010172526,New Brunswick - 1967 Balsam Fir - Nashwaak Lake Site 01 (Mature balsam fir forest). (CA-Na1)
4351,-119.787501017253,45.8791676839193,weighted_sample
4352,-91.6625010172526,45.8791676839193,weighted_sample
4353,-88.745834350586,45.8791676839193,weighted_sample
4354,-92.6541676839193,45.8625010172526,Western Peatland- LaBiche- Black Sprice/Larch Fen (CA-WP1)
4355,-100.704167683919,45.8541676839193,weighted_sample
4356,-84.7708343505859,45.8541676839193,weighted_sample
4357,-113.179167683919,45.8458343505859,"Ontario - Mixed Deciduous, Borden Forest Site (CA-Cbo)"
4358,-96.2041676839193,45.8458343505859,weighted_sample
4359,-86.4791676839193,45.8291676839193,weighted_sample
4360,-121.954167683919,45.8208343505859,Alberta - Western Peatland - Poor Fen (Sphagnum moss). (CA-WP2)
4361,-121.645834350586,45.8208343505859,Daring Lake Fen (CA-Da2)
4362,-91.3541676839193,45.8208343505859,weighted_sample
4363,-90.1708343505859,45.8125010172526,Daring Lake (CA-Da1)
4364,-61.2041676839193,45.8125010172526,weighted_sample
4365,-121.945834350586,45.8041676839193,weighted_sample
4366,-93.0375010172526,45.8041676839193,weighted_sample
4367,-90.0791676839193,45.8041676839193,QC-1975 Harvested Black Spruce (HBS75) (CA-Qc2)
4368,-114.095834350586,45.7958343505859,weighted_sample
4369,-109.929167683919,45.7958343505859,weighted_sample
4370,-89.6291676839193,45.7875010172526,Estación Experimental Forestal Horizontes
4371,-116.429167683919,45.7791676839193,weighted_sample
4372,-110.779167683919,45.7791676839193,Hacienda La Pacifica
4373,-107.370834350586,45.7791676839193,weighted_sample
4374,-96.1375010172526,45.7791676839193,weighted_sample
4375,-113.929167683919,45.7708343505859,Los Inocentes (CR-Lin)
4376,-102.354167683919,45.7708343505859,weighted_sample
4377,-122.329167683919,45.7625010172526,Santa Rosa National Park (CR-Sro)
4378,-100.479167683919,45.7625010172526,weighted_sample
4379,-95.070834350586,45.7625010172526,weighted_sample
4380,-113.262501017253,45.7541676839193,weighted_sample
4381,-105.737501017253,45.7458343505859,Volcan Barava
4382,-80.0458343505859,45.7458343505859,weighted_sample
4383,-109.345834350586,45.7375010172526,weighted_sample
4384,-89.8125010172526,45.7291676839193,La Selva (CR-Lse)
4385,-73.2208343505859,45.7291676839193,weighted_sample
4386,-113.770834350586,45.7208343505859,weighted_sample
4387,-114.554167683919,45.7125010172526,weighted_sample
4388,-96.9208343505859,45.7041676839193,weighted_sample
4389,-89.1875010172526,45.7041676839193,weighted_sample
4390,-105.904167683919,45.6958343505859,Las Cruces Biological Station
4391,-98.6208343505859,45.6958343505859,weighted_sample
4392,-72.7291676839193,45.6958343505859,weighted_sample
4393,-97.2958343505859,45.6875010172526,weighted_sample
4394,-96.8375010172526,45.6875010172526,weighted_sample
4395,-65.4208343505859,45.6791676839193,weighted_sample
4396,-120.237501017253,45.6625010172526,weighted_sample
4397,-88.0708343505859,45.6625010172526,weighted_sample
4398,-69.7791676839193,45.6541676839193,weighted_sample
4399,-115.979167683919,45.6458343505859,weighted_sample
4400,-115.654167683919,45.6458343505859,weighted_sample
4401,-98.9708343505859,45.6458343505859,weighted_sample
4402,-112.154167683919,45.6375010172526,weighted_sample
4403,-96.1291676839193,45.6291676839193,Palo Verde Biological Station
4404,-88.1458343505859,45.6291676839193,weighted_sample
4405,-121.729167683919,45.6208343505859,weighted_sample
4406,-98.3458343505859,45.6208343505859,Cocoli
4407,-96.1291676839193,45.6208343505859,Sardinilla Pasture (PA-SPs)
4408,-70.1375010172526,45.6208343505859,weighted_sample
4409,-106.245834350586,45.6125010172526,Sardinilla Plantation (PA-SPn)
4410,-96.1291676839193,45.6125010172526,"Puntarenas Province, near Monteverde"
4411,-106.595834350586,45.6041676839193,weighted_sample
4412,-93.2875010172526,45.6041676839193,weighted_sample
4413,-66.2625010172526,45.6041676839193,weighted_sample
4414,-97.9875010172526,45.5958343505859,weighted_sample
4415,-91.4791676839193,45.5791676839193,weighted_sample
4416,-89.3291676839193,45.5791676839193,weighted_sample
4417,-69.9125010172526,45.5791676839193,weighted_sample
4418,-116.570834350586,45.5708343505859,weighted_sample
4419,-98.7208343505859,45.5708343505859,weighted_sample
4420,-84.7125010172526,45.5625010172526,Soltis Center (CR-SoC)
4421,-84.6958343505859,45.5625010172526,Bocas del Toro Research Station
4422,-111.229167683919,45.5541676839193,Gamboa
4423,-88.7958343505859,45.5541676839193,"Agua Salud, Celestino Station"
4424,-84.4291676839193,45.5458343505859,weighted_sample
4425,-75.6041676839193,45.5458343505859,weighted_sample
4426,-93.7875010172526,45.5375010172526,weighted_sample
4427,-70.5541676839193,45.5291676839193,Sal Lorenzo Crane
4428,-68.570834350586,45.5208343505859,Fortuna Field Station
4429,-118.370834350586,45.5125010172526,"El Verde, Puerto Rico"
4430,-117.587501017253,45.5125010172526,weighted_sample
4431,-89.5875010172526,45.5125010172526,CMS_500_SDA_-11438
4432,-109.320834350586,45.5041676839193,CMS_200SDA_-8738
4433,-123.945834350586,45.4958343505859,weighted_sample
4434,-98.445834350586,45.4958343505859,weighted_sample
4435,-89.5875010172526,45.4958343505859,CMS_500_SDA_-8637
4436,-117.020834350586,45.4708343505859,CMS_200SDA_-11844
4437,-110.229167683919,45.4625010172526,weighted_sample
4438,-89.5958343505859,45.4625010172526,weighted_sample
4439,-89.2791676839193,45.4625010172526,weighted_sample
4440,-88.0291676839193,45.4625010172526,weighted_sample
4441,-75.4208343505859,45.4625010172526,weighted_sample
4442,-94.0375010172526,45.4458343505859,weighted_sample
4443,-122.462501017253,45.4291676839193,CMS_200SDA_-10337
4444,-74.3875010172526,45.4291676839193,weighted_sample
4445,-113.195834350586,45.4208343505859,weighted_sample
4446,-111.137501017253,45.4208343505859,weighted_sample
4447,-68.5958343505859,45.4208343505859,weighted_sample
4448,-87.6291676839193,45.4125010172526,weighted_sample
4449,-75.5208343505859,45.4125010172526,CMS_200SDA_-9937
4450,-95.1708343505859,45.4041676839193,weighted_sample
4451,-93.195834350586,45.3958343505859,CMS_200SDA_-11946
4452,-88.7041676839193,45.3958343505859,weighted_sample
4453,-67.4625010172526,45.3958343505859,weighted_sample
4454,-90.2625010172526,45.3875010172526,weighted_sample
4455,-89.2375010172526,45.3875010172526,weighted_sample
4456,-101.520834350586,45.3708343505859,weighted_sample
4457,-68.4708343505859,45.3708343505859,weighted_sample
4458,-100.304167683919,45.3541676839193,weighted_sample
4459,-83.7041676839193,45.3541676839193,weighted_sample
4460,-84.8291676839193,45.3458343505859,weighted_sample
4461,-73.4625010172526,45.3458343505859,weighted_sample
4462,-122.054167683919,45.3291676839193,weighted_sample
4463,-75.8458343505859,45.3291676839193,CMS_500_SDA_-8932
4464,-89.1291676839193,45.3208343505859,weighted_sample
4465,-87.6875010172526,45.3208343505859,CMS_500_SDA_-9345
4466,-92.6458343505859,45.3125010172526,weighted_sample
4467,-118.020834350586,45.2958343505859,CMS_200SDA_-9838
4468,-78.6375010172526,45.2875010172526,CMS_500_SDA_-8126
4469,-109.487501017253,45.2708343505859,CMS_200SDA_-11234
4470,-101.679167683919,45.2708343505859,CMS_500_SDA_-10940
4471,-70.3791676839193,45.2708343505859,weighted_sample
4472,-123.520834350586,45.2625010172526,weighted_sample
4473,-123.770834350586,45.2375010172526,weighted_sample
4474,-89.2375010172526,45.2375010172526,weighted_sample
4475,-73.2625010172526,45.2291676839193,weighted_sample
4476,-91.4875010172526,45.2208343505859,weighted_sample
4477,-90.1125010172526,45.2208343505859,weighted_sample
4478,-68.7458343505859,45.2125010172526,CMS_200SDA_-11943
4479,-123.695834350586,45.2041676839193,weighted_sample
4480,-68.7375010172526,45.2041676839193,CMS_500_SDA_-8937
4481,-68.7208343505859,45.2041676839193,CMS_500_SDA_-12139
4482,-93.9958343505859,45.1875010172526,weighted_sample
4483,-121.504167683919,45.1791676839193,weighted_sample
4484,-118.545834350586,45.1791676839193,weighted_sample
4485,-84.8875010172526,45.1791676839193,weighted_sample
4486,-103.145834350586,45.1708343505859,weighted_sample
4487,-83.5791676839193,45.1708343505859,weighted_sample
4488,-73.6208343505859,45.1708343505859,weighted_sample
4489,-118.162501017253,45.1625010172526,weighted_sample
4490,-106.779167683919,45.1541676839193,CMS_500_SDA_-9235
4491,-104.229167683919,45.1541676839193,weighted_sample
4492,-92.3041676839193,45.1541676839193,weighted_sample
4493,-70.4875010172526,45.1458343505859,weighted_sample
4494,-123.004167683919,45.1375010172526,CMS_500_SDA_-12245
4495,-118.270834350586,45.1375010172526,weighted_sample
4496,-117.395834350586,45.1208343505859,weighted_sample
4497,-120.595834350586,45.1125010172526,weighted_sample
4498,-119.670834350586,45.1125010172526,weighted_sample
4499,-84.7291676839193,45.1125010172526,weighted_sample
4500,-119.612501017253,45.0958343505859,weighted_sample
4501,-95.3208343505859,45.0958343505859,weighted_sample
4502,-75.5791676839193,45.0958343505859,weighted_sample
4503,-106.012501017253,45.0875010172526,weighted_sample
4504,-117.279167683919,45.0791676839193,weighted_sample
4505,-112.145834350586,45.0791676839193,weighted_sample
4506,-69.9958343505859,45.0791676839193,weighted_sample
4507,-118.479167683919,45.0708343505859,weighted_sample
4508,-94.6208343505859,45.0541676839193,weighted_sample
4509,-114.587501017253,45.0375010172526,weighted_sample
4510,-85.1125010172526,45.0375010172526,weighted_sample
4511,-68.6791676839193,45.0375010172526,CMS_200SDA_-8831
4512,-121.312501017253,45.0291676839193,weighted_sample
4513,-116.887501017253,45.0291676839193,weighted_sample
4514,-114.729167683919,45.0291676839193,weighted_sample
4515,-88.3958343505859,45.0291676839193,weighted_sample
4516,-85.6375010172526,45.0291676839193,weighted_sample
4517,-109.554167683919,45.0125010172526,CMS_500_SDA_-10839
4518,-71.1375010172526,45.0125010172526,CMS_500_SDA_-8931
4519,-123.987501017253,45.0041676839193,weighted_sample
4520,-68.3041676839193,45.0041676839193,weighted_sample
4521,-116.312501017253,44.9958343505859,weighted_sample
4522,-113.620834350586,44.9958343505859,CMS_500_SDA_-10636
4523,-92.2708343505859,44.9958343505859,weighted_sample
4524,-70.0791676839193,44.9875010172526,weighted_sample
4525,-119.945834350586,44.9791676839193,weighted_sample
4526,-99.2458343505859,44.9791676839193,weighted_sample
4527,-110.537501017253,44.9541676839193,CMS_200SDA_-10044
4528,-116.045834350586,44.9291676839193,CMS_200SDA_-8931
4529,-121.329167683919,44.9208343505859,CMS_500_SDA_-9042
4530,-117.237501017253,44.9208343505859,weighted_sample
4531,-83.4458343505859,44.9125010172526,weighted_sample
4532,-97.8708343505859,44.9041676839193,weighted_sample
4533,-91.8291676839193,44.9041676839193,weighted_sample
4534,-74.4208343505859,44.9041676839193,weighted_sample
4535,-96.9875010172526,44.8875010172526,weighted_sample
4536,-85.3291676839193,44.8708343505859,weighted_sample
4537,-111.012501017253,44.8541676839193,weighted_sample
4538,-94.8541676839193,44.8541676839193,CMS_500_SDA_-7842
4539,-117.379167683919,44.8375010172526,CMS_500_SDA_-11641
4540,-116.370834350586,44.8375010172526,weighted_sample
4541,-121.787501017253,44.8291676839193,weighted_sample
4542,-112.770834350586,44.8125010172526,CMS_500_SDA_-12041
4543,-70.0541676839193,44.8041676839193,weighted_sample
4544,-96.1708343505859,44.7958343505859,weighted_sample
4545,-90.9458343505859,44.7958343505859,weighted_sample
4546,-112.195834350586,44.7875010172526,weighted_sample
4547,-108.720834350586,44.7791676839193,weighted_sample
4548,-83.6958343505859,44.7791676839193,weighted_sample
4549,-72.6958343505859,44.7791676839193,weighted_sample
4550,-113.929167683919,44.7625010172526,weighted_sample
4551,-84.5375010172526,44.7625010172526,weighted_sample
4552,-119.870834350586,44.7458343505859,weighted_sample
4553,-111.629167683919,44.7458343505859,weighted_sample
4554,-115.795834350586,44.7375010172526,weighted_sample
4555,-121.662501017253,44.7291676839193,weighted_sample
4556,-93.0875010172526,44.7291676839193,CMS_200SDA_-8637
4557,-90.6458343505859,44.7291676839193,weighted_sample
4558,-93.0875010172526,44.7208343505859,CMS_500_SDA_-9039
4559,-84.2208343505859,44.7208343505859,weighted_sample
4560,-99.1041676839193,44.7125010172526,weighted_sample
4561,-93.0875010172526,44.7125010172526,CMS_500_SDA_-11547
4562,-91.3041676839193,44.7125010172526,CMS_500_SDA_-8537
4563,-68.1791676839193,44.7125010172526,weighted_sample
4564,-68.0125010172526,44.7125010172526,weighted_sample
4565,-118.337501017253,44.7041676839193,weighted_sample
4566,-94.8541676839193,44.7041676839193,weighted_sample
4567,-93.0541676839193,44.6958343505859,CMS_200SDA_-8933
4568,-93.0708343505859,44.6875010172526,CMS_500_SDA_-12346
4569,-93.0541676839193,44.6875010172526,CMS_500_SDA_-9943
4570,-74.8041676839193,44.6875010172526,weighted_sample
4571,-68.4791676839193,44.6875010172526,weighted_sample
4572,-114.670834350586,44.6791676839193,weighted_sample
4573,-93.0708343505859,44.6791676839193,CMS_500_SDA_-11539
4574,-121.995834350586,44.6708343505859,weighted_sample
4575,-118.170834350586,44.6708343505859,weighted_sample
4576,-114.529167683919,44.6708343505859,weighted_sample
4577,-87.6041676839193,44.6708343505859,weighted_sample
4578,-84.295834350586,44.6708343505859,weighted_sample
4579,-123.554167683919,44.6458343505859,CMS_500_SDA_-11947
4580,-121.554167683919,44.6375010172526,weighted_sample
4581,-71.3791676839193,44.6375010172526,weighted_sample
4582,-115.020834350586,44.6208343505859,weighted_sample
4583,-105.970834350586,44.6208343505859,weighted_sample
4584,-91.9041676839193,44.6208343505859,weighted_sample
4585,-89.7708343505859,44.6208343505859,weighted_sample
4586,-85.4375010172526,44.6208343505859,weighted_sample
4587,-122.612501017253,44.6125010172526,weighted_sample
4588,-85.5708343505859,44.6125010172526,weighted_sample
4589,-121.937501017253,44.5958343505859,weighted_sample
4590,-119.037501017253,44.5958343505859,weighted_sample
4591,-90.8791676839193,44.5875010172526,weighted_sample
4592,-68.3125010172526,44.5875010172526,weighted_sample
4593,-121.495834350586,44.5791676839193,CMS_500_SDA_-9731
4594,-114.554167683919,44.5791676839193,weighted_sample
4595,-92.3541676839193,44.5708343505859,CMS_500_SDA_-9336
4596,-85.1041676839193,44.5625010172526,weighted_sample
4597,-97.5875010172526,44.5541676839193,weighted_sample
4598,-119.254167683919,44.5458343505859,weighted_sample
4599,-84.5958343505859,44.5458343505859,weighted_sample
4600,-84.0458343505859,44.5458343505859,weighted_sample
4601,-84.0458343505859,44.5375010172526,weighted_sample
4602,-83.5458343505859,44.5375010172526,weighted_sample
4603,-73.5541676839193,44.5208343505859,weighted_sample
4604,-71.2875010172526,44.5208343505859,weighted_sample
4605,-70.0541676839193,44.5208343505859,weighted_sample
4606,-123.995834350586,44.5125010172526,weighted_sample
4607,-105.562501017253,44.5125010172526,weighted_sample
4608,-97.5291676839193,44.5041676839193,CMS_500_SDA_-8228
4609,-92.9958343505859,44.5041676839193,CMS_500_SDA_-10841
4610,-90.0541676839193,44.5041676839193,CMS_500_SDA_-10633
4611,-121.620834350586,44.4958343505859,CMS_200SDA_-12246
4612,-111.695834350586,44.4958343505859,CMS_500_SDA_-9041
4613,-100.270834350586,44.4875010172526,weighted_sample
4614,-110.437501017253,44.4791676839193,CMS_500_SDA_-10142
4615,-83.3791676839193,44.4791676839193,weighted_sample
4616,-64.5375010172526,44.4791676839193,weighted_sample
4617,-83.5125010172526,44.4708343505859,weighted_sample
4618,-121.554167683919,44.4541676839193,CMS_200SDA_-7934
4619,-93.2375010172526,44.4541676839193,weighted_sample
4620,-74.4291676839193,44.4541676839193,weighted_sample
4621,-121.570834350586,44.4375010172526,CMS_200SDA_-11440
4622,-121.212501017253,44.4375010172526,weighted_sample
4623,-112.037501017253,44.4375010172526,CMS_200SDA_-11535
4624,-89.5375010172526,44.4375010172526,CMS_200SDA_-9545
4625,-89.5458343505859,44.4291676839193,CMS_500_SDA_-10435
4626,-85.9125010172526,44.4291676839193,CMS_500_SDA_-8539
4627,-83.7375010172526,44.4291676839193,weighted_sample
4628,-85.4041676839193,44.4125010172526,CMS_200SDA_-8739
4629,-73.1375010172526,44.4125010172526,CMS_500_SDA_-12240
4630,-90.695834350586,44.4041676839193,weighted_sample
4631,-90.2875010172526,44.4041676839193,weighted_sample
4632,-88.6458343505859,44.3958343505859,weighted_sample
4633,-116.304167683919,44.3875010172526,weighted_sample
4634,-89.4708343505859,44.3875010172526,weighted_sample
4635,-112.829167683919,44.3791676839193,CMS_500_SDA_-8737
4636,-111.662501017253,44.3791676839193,CMS_200SDA_-7344
4637,-72.3458343505859,44.3791676839193,weighted_sample
4638,-71.3458343505859,44.3791676839193,CMS_500_SDA_-9046
4639,-95.8375010172526,44.3708343505859,weighted_sample
4640,-111.879167683919,44.3541676839193,weighted_sample
4641,-94.1875010172526,44.3541676839193,weighted_sample
4642,-84.4875010172526,44.3541676839193,weighted_sample
4643,-124.054167683919,44.3458343505859,weighted_sample
4644,-122.920834350586,44.3458343505859,weighted_sample
4645,-119.095834350586,44.3458343505859,weighted_sample
4646,-96.8375010172526,44.3458343505859,CMS_500_SDA_-9241
4647,-119.287501017253,44.3375010172526,weighted_sample
4648,-89.7208343505859,44.3375010172526,weighted_sample
4649,-89.5291676839193,44.3375010172526,weighted_sample
4650,-68.1875010172526,44.3291676839193,weighted_sample
4651,-121.812501017253,44.3208343505859,weighted_sample
4652,-121.604167683919,44.3208343505859,CMS_500_SDA_-7145
4653,-79.9291676839193,44.3208343505859,CMS_200SDA_-9733
4654,-121.604167683919,44.3125010172526,CMS_500_SDA_-8437
4655,-117.179167683919,44.3125010172526,weighted_sample
4656,-110.354167683919,44.3125010172526,weighted_sample
4657,-119.912501017253,44.3041676839193,weighted_sample
4658,-111.370834350586,44.3041676839193,weighted_sample
4659,-90.695834350586,44.3041676839193,CMS_200SDA_-11041
4660,-68.3208343505859,44.3041676839193,weighted_sample
4661,-92.3375010172526,44.2958343505859,weighted_sample
4662,-115.429167683919,44.2875010172526,weighted_sample
4663,-94.8375010172526,44.2875010172526,weighted_sample
4664,-122.212501017253,44.2708343505859,weighted_sample
4665,-89.3291676839193,44.2708343505859,weighted_sample
4666,-120.512501017253,44.2541676839193,weighted_sample
4667,-94.8625010172526,44.2541676839193,weighted_sample
4668,-88.5125010172526,44.2458343505859,weighted_sample
4669,-70.1125010172526,44.2458343505859,weighted_sample
4670,-119.195834350586,44.2375010172526,weighted_sample
4671,-85.3125010172526,44.2375010172526,weighted_sample
4672,-118.270834350586,44.2291676839193,weighted_sample
4673,-103.312501017253,44.2208343505859,weighted_sample
4674,-89.8708343505859,44.2208343505859,weighted_sample
4675,-122.262501017253,44.2125010172526,CMS_200SDA_-10234
4676,-111.704167683919,44.2125010172526,CMS_200SDA_-10546
4677,-74.2041676839193,44.2125010172526,weighted_sample
4678,-103.929167683919,44.2041676839193,weighted_sample
4679,-69.4291676839193,44.2041676839193,weighted_sample
4680,-113.379167683919,44.1958343505859,CMS_500_SDA_-10235
4681,-70.6875010172526,44.1958343505859,weighted_sample
4682,-90.6458343505859,44.1875010172526,weighted_sample
4683,-89.5458343505859,44.1625010172526,CMS_200SDA_-11235
4684,-86.170834350586,44.1625010172526,weighted_sample
4685,-103.645834350586,44.1541676839193,CMS_500_SDA_-8846
4686,-123.987501017253,44.1458343505859,weighted_sample
4687,-89.5041676839193,44.1458343505859,CMS_200SDA_-11442
4688,-110.112501017253,44.1375010172526,CMS_200SDA_-11234
4689,-89.5708343505859,44.1375010172526,CMS_500_SDA_-11234
4690,-85.9458343505859,44.1375010172526,weighted_sample
4691,-120.212501017253,44.1125010172526,weighted_sample
4692,-89.5375010172526,44.1125010172526,CMS_500_SDA_-11947
4693,-118.837501017253,44.1041676839193,weighted_sample
4694,-111.720834350586,44.1041676839193,weighted_sample
4695,-105.662501017253,44.1041676839193,weighted_sample
4696,-89.6208343505859,44.1041676839193,CMS_200SDA_-9829
4697,-89.5375010172526,44.1041676839193,CMS_500_SDA_-12347
4698,-96.8125010172526,44.0958343505859,weighted_sample
4699,-74.8791676839193,44.0875010172526,weighted_sample
4700,-111.887501017253,44.0708343505859,weighted_sample
4701,-92.6458343505859,44.0708343505859,weighted_sample
4702,-89.6791676839193,44.0708343505859,CMS_500_SDA_-8832
4703,-111.654167683919,44.0625010172526,CMS_200SDA_-11036
4704,-87.9208343505859,44.0625010172526,weighted_sample
4705,-71.2875010172526,44.0625010172526,CMS_500_SDA_-10942
4706,-124.029167683919,44.0541676839193,weighted_sample
4707,-91.7125010172526,44.0541676839193,weighted_sample
4708,-116.854167683919,44.0375010172526,weighted_sample
4709,-111.629167683919,44.0375010172526,CMS_500_SDA_-8341
4710,-88.7125010172526,44.0291676839193,weighted_sample
4711,-107.304167683919,44.0125010172526,weighted_sample
4712,-108.404167683919,43.9958343505859,weighted_sample
4713,-108.154167683919,43.9958343505859,weighted_sample
4714,-86.0291676839193,43.9958343505859,weighted_sample
4715,-108.120834350586,43.9875010172526,weighted_sample
4716,-102.504167683919,43.9875010172526,CMS_500_SDA_-9846
4717,-83.9041676839193,43.9875010172526,weighted_sample
4718,-123.504167683919,43.9791676839193,weighted_sample
4719,-120.154167683919,43.9791676839193,weighted_sample
4720,-74.7958343505859,43.9625010172526,weighted_sample
4721,-71.8958343505859,43.9625010172526,weighted_sample
4722,-122.587501017253,43.9541676839193,weighted_sample
4723,-104.812501017253,43.9541676839193,weighted_sample
4724,-101.845834350586,43.9458343505859,CMS_500_SDA_-9238
4725,-101.345834350586,43.9458343505859,weighted_sample
4726,-84.4375010172526,43.9458343505859,weighted_sample
4727,-84.2708343505859,43.9458343505859,weighted_sample
4728,-70.3541676839193,43.9458343505859,weighted_sample
4729,-111.062501017253,43.9375010172526,weighted_sample
4730,-109.704167683919,43.9375010172526,CMS_200SDA_-12036
4731,-103.870834350586,43.9375010172526,weighted_sample
4732,-72.9791676839193,43.9375010172526,weighted_sample
4733,-72.4541676839193,43.9375010172526,weighted_sample
4734,-71.7458343505859,43.9375010172526,CMS_500_SDA_-11539
4735,-71.7208343505859,43.9375010172526,CMS_200SDA_-10941
4736,-119.662501017253,43.9125010172526,weighted_sample
4737,-90.4375010172526,43.9125010172526,weighted_sample
4738,-122.012501017253,43.9041676839193,weighted_sample
4739,-94.4791676839193,43.9041676839193,weighted_sample
4740,-82.8791676839193,43.9041676839193,weighted_sample
4741,-71.4375010172526,43.9041676839193,weighted_sample
4742,-90.4458343505859,43.8958343505859,weighted_sample
4743,-86.1625010172526,43.8958343505859,weighted_sample
4744,-121.862501017253,43.8791676839193,weighted_sample
4745,-78.7208343505859,43.8708343505859,weighted_sample
4746,-80.8791676839193,43.8625010172526,weighted_sample
4747,-118.770834350586,43.8541676839193,weighted_sample
4748,-90.8791676839193,43.8458343505859,weighted_sample
4749,-118.854167683919,43.8375010172526,weighted_sample
4750,-117.962501017253,43.8375010172526,weighted_sample
4751,-110.612501017253,43.8375010172526,CMS_500_SDA_-9143
4752,-92.2041676839193,43.8375010172526,weighted_sample
4753,-90.2708343505859,43.8375010172526,weighted_sample
4754,-121.812501017253,43.8291676839193,weighted_sample
4755,-119.695834350586,43.8291676839193,weighted_sample
4756,-99.0125010172526,43.8041676839193,CMS_500_SDA_-10733
4757,-70.7208343505859,43.8041676839193,weighted_sample
4758,-114.212501017253,43.7958343505859,weighted_sample
4759,-87.8875010172526,43.7625010172526,weighted_sample
4760,-121.570834350586,43.7541676839193,weighted_sample
4761,-99.1041676839193,43.7541676839193,weighted_sample
4762,-98.3791676839193,43.7541676839193,weighted_sample
4763,-88.1458343505859,43.7458343505859,weighted_sample
4764,-119.362501017253,43.7291676839193,weighted_sample
4765,-89.6541676839193,43.7291676839193,weighted_sample
4766,-72.6958343505859,43.7208343505859,CMS_200SDA_-8540
4767,-122.354167683919,43.7125010172526,weighted_sample
4768,-103.479167683919,43.7125010172526,weighted_sample
4769,-121.979167683919,43.7041676839193,weighted_sample
4770,-92.5541676839193,43.7041676839193,weighted_sample
4771,-96.2458343505859,43.6875010172526,weighted_sample
4772,-91.1708343505859,43.6875010172526,weighted_sample
4773,-80.8958343505859,43.6791676839193,weighted_sample
4774,-92.3291676839193,43.6708343505859,CMS_500_SDA_-10134
4775,-83.3375010172526,43.6625010172526,weighted_sample
4776,-121.845834350586,43.6541676839193,weighted_sample
4777,-117.837501017253,43.6541676839193,CMS_500_SDA_-11137
4778,-113.354167683919,43.6375010172526,CMS_500_SDA_-8137
4779,-99.1291676839193,43.6375010172526,weighted_sample
4780,-80.4125010172526,43.6375010172526,CMS_200SDA_-9948
4781,-123.712501017253,43.6291676839193,weighted_sample
4782,-98.4041676839193,43.6291676839193,CMS_500_SDA_-8534
4783,-73.3458343505859,43.6291676839193,CMS_500_SDA_-11746
4784,-81.4791676839193,43.6208343505859,weighted_sample
4785,-113.529167683919,43.6125010172526,CMS_500_SDA_-8735
4786,-93.4875010172526,43.6125010172526,weighted_sample
4787,-113.670834350586,43.5958343505859,weighted_sample
4788,-93.1041676839193,43.5791676839193,weighted_sample
4789,-70.4791676839193,43.5791676839193,weighted_sample
4790,-108.087501017253,43.5708343505859,weighted_sample
4791,-106.162501017253,43.5625010172526,weighted_sample
4792,-95.6208343505859,43.5625010172526,CMS_500_SDA_-9844
4793,-84.0208343505859,43.5625010172526,weighted_sample
4794,-123.004167683919,43.5541676839193,weighted_sample
4795,-118.270834350586,43.5541676839193,CMS_200SDA_-8643
4796,-92.4625010172526,43.5541676839193,weighted_sample
4797,-83.5375010172526,43.5541676839193,weighted_sample
4798,-100.354167683919,43.5458343505859,CMS_500_SDA_-8435
4799,-86.4791676839193,43.5458343505859,weighted_sample
4800,-84.7875010172526,43.5458343505859,weighted_sample
4801,-83.3958343505859,43.5458343505859,weighted_sample
4802,-122.429167683919,43.5375010172526,weighted_sample
4803,-124.120834350586,43.5291676839193,weighted_sample
4804,-91.6708343505859,43.5291676839193,weighted_sample
4805,-83.0208343505859,43.5291676839193,weighted_sample
4806,-73.8875010172526,43.5291676839193,weighted_sample
4807,-90.7125010172526,43.5125010172526,weighted_sample
4808,-72.7541676839193,43.5125010172526,weighted_sample
4809,-114.462501017253,43.5041676839193,weighted_sample
4810,-97.8625010172526,43.5041676839193,CMS_500_SDA_-10236
4811,-99.1291676839193,43.4958343505859,weighted_sample
4812,-108.870834350586,43.4875010172526,weighted_sample
4813,-98.9625010172526,43.4791676839193,weighted_sample
4814,-73.1291676839193,43.4791676839193,CMS_500_SDA_-9235
4815,-119.687501017253,43.4708343505859,CMS_500_SDA_-11036
4816,-112.629167683919,43.4708343505859,CMS_200SDA_-8832
4817,-89.6125010172526,43.4708343505859,weighted_sample
4818,-110.029167683919,43.4625010172526,weighted_sample
4819,-90.695834350586,43.4625010172526,weighted_sample
4820,-85.6291676839193,43.4458343505859,weighted_sample
4821,-121.629167683919,43.4375010172526,weighted_sample
4822,-87.8625010172526,43.4375010172526,weighted_sample
4823,-80.8708343505859,43.4375010172526,weighted_sample
4824,-72.5041676839193,43.4375010172526,weighted_sample
4825,-91.0291676839193,43.4291676839193,CMS_200SDA_-9837
4826,-124.070834350586,43.4208343505859,weighted_sample
4827,-83.6291676839193,43.4208343505859,weighted_sample
4828,-107.445834350586,43.4125010172526,weighted_sample
4829,-84.1625010172526,43.4125010172526,weighted_sample
4830,-95.4291676839193,43.4041676839193,weighted_sample
4831,-85.545834350586,43.4041676839193,CMS_200SDA_-12142
4832,-94.7708343505859,43.3875010172526,weighted_sample
4833,-91.0541676839193,43.3791676839193,weighted_sample
4834,-93.4458343505859,43.3708343505859,weighted_sample
4835,-84.0708343505859,43.3708343505859,weighted_sample
4836,-76.1875010172526,43.3625010172526,weighted_sample
4837,-122.595834350586,43.3541676839193,weighted_sample
4838,-120.787501017253,43.3541676839193,weighted_sample
4839,-89.9375010172526,43.3541676839193,weighted_sample
4840,-98.1291676839193,43.3458343505859,weighted_sample
4841,-89.7125010172526,43.3458343505859,CMS_500_SDA_-11434
4842,-78.2625010172526,43.3458343505859,weighted_sample
4843,-102.862501017253,43.3375010172526,weighted_sample
4844,-84.1708343505859,43.3375010172526,CMS_500_SDA_-10129
4845,-74.3875010172526,43.3375010172526,weighted_sample
4846,-119.454167683919,43.3291676839193,CMS_200SDA_-9835
4847,-124.262501017253,43.3125010172526,weighted_sample
4848,-113.345834350586,43.3125010172526,weighted_sample
4849,-93.7791676839193,43.3125010172526,weighted_sample
4850,-105.729167683919,43.3041676839193,CMS_500_SDA_-12037
4851,-80.1541676839193,43.2958343505859,weighted_sample
4852,-71.0875010172526,43.2958343505859,weighted_sample
4853,-88.3625010172526,43.2875010172526,weighted_sample
4854,-94.3041676839193,43.2791676839193,weighted_sample
4855,-122.654167683919,43.2708343505859,weighted_sample
4856,-111.304167683919,43.2625010172526,weighted_sample
4857,-105.995834350586,43.2625010172526,weighted_sample
4858,-93.1625010172526,43.2458343505859,weighted_sample
4859,-111.237501017253,43.2375010172526,weighted_sample
4860,-96.9041676839193,43.2375010172526,CMS_500_SDA_-9033
4861,-112.937501017253,43.2291676839193,CMS_200SDA_-8933
4862,-78.1791676839193,43.2291676839193,weighted_sample
4863,-73.0125010172526,43.2291676839193,weighted_sample
4864,-101.987501017253,43.2208343505859,weighted_sample
4865,-94.2625010172526,43.2208343505859,CMS_500_SDA_-11641
4866,-111.929167683919,43.2041676839193,CMS_500_SDA_-11344
4867,-114.770834350586,43.1958343505859,weighted_sample
4868,-85.2041676839193,43.1958343505859,weighted_sample
4869,-116.312501017253,43.1791676839193,weighted_sample
4870,-80.1625010172526,43.1791676839193,weighted_sample
4871,-116.712501017253,43.1708343505859,CMS_200SDA_-9131
4872,-84.5958343505859,43.1708343505859,weighted_sample
4873,-103.304167683919,43.1625010172526,weighted_sample
4874,-113.120834350586,43.1541676839193,CMS_200SDA_-8040
4875,-91.3791676839193,43.1541676839193,weighted_sample
4876,-116.737501017253,43.1458343505859,CMS_500_SDA_-11333
4877,-102.995834350586,43.1458343505859,weighted_sample
4878,-122.895834350586,43.1375010172526,weighted_sample
4879,-122.087501017253,43.1375010172526,weighted_sample
4880,-120.462501017253,43.1375010172526,weighted_sample
4881,-116.720834350586,43.1208343505859,CMS_200SDA_-11244
4882,-122.620834350586,43.1125010172526,weighted_sample
4883,-121.937501017253,43.1041676839193,weighted_sample
4884,-94.4541676839193,43.1041676839193,weighted_sample
4885,-91.2041676839193,43.1041676839193,weighted_sample
4886,-109.645834350586,43.0708343505859,weighted_sample
4887,-90.1291676839193,43.0708343505859,weighted_sample
4888,-116.745834350586,43.0625010172526,CMS_200SDA_-10733
4889,-84.7208343505859,43.0625010172526,weighted_sample
4890,-122.037501017253,43.0458343505859,weighted_sample
4891,-112.270834350586,43.0458343505859,weighted_sample
4892,-89.8125010172526,43.0458343505859,weighted_sample
4893,-118.820834350586,43.0375010172526,weighted_sample
4894,-101.779167683919,43.0375010172526,weighted_sample
4895,-75.1291676839193,43.0291676839193,weighted_sample
4896,-123.379167683919,42.9958343505859,weighted_sample
4897,-78.3625010172526,42.9875010172526,weighted_sample
4898,-104.054167683919,42.9708343505859,CMS_500_SDA_-9140
4899,-83.2541676839193,42.9708343505859,weighted_sample
4900,-121.887501017253,42.9625010172526,weighted_sample
4901,-77.2708343505859,42.9541676839193,weighted_sample
4902,-80.0458343505859,42.9458343505859,weighted_sample
4903,-73.0708343505859,42.9458343505859,weighted_sample
4904,-105.320834350586,42.9208343505859,weighted_sample
4905,-98.4708343505859,42.9208343505859,weighted_sample
4906,-97.3958343505859,42.9125010172526,weighted_sample
4907,-72.4958343505859,42.9125010172526,CMS_500_SDA_-11547
4908,-110.804167683919,42.9041676839193,weighted_sample
4909,-96.5458343505859,42.9041676839193,weighted_sample
4910,-84.8541676839193,42.8958343505859,weighted_sample
4911,-80.1625010172526,42.8958343505859,weighted_sample
4912,-107.604167683919,42.8875010172526,weighted_sample
4913,-82.8291676839193,42.8791676839193,weighted_sample
4914,-92.5125010172526,42.8708343505859,weighted_sample
4915,-85.1375010172526,42.8458343505859,weighted_sample
4916,-82.3875010172526,42.8458343505859,weighted_sample
4917,-116.554167683919,42.8375010172526,weighted_sample
4918,-70.8958343505859,42.8375010172526,weighted_sample
4919,-94.6291676839193,42.8208343505859,weighted_sample
4920,-77.6291676839193,42.8041676839193,weighted_sample
4921,-116.079167683919,42.7958343505859,CMS_500_SDA_-10934
4922,-89.0791676839193,42.7958343505859,CMS_500_SDA_-11238
4923,-88.7875010172526,42.7958343505859,weighted_sample
4924,-94.7791676839193,42.7875010172526,weighted_sample
4925,-97.4958343505859,42.7791676839193,weighted_sample
4926,-93.4041676839193,42.7791676839193,weighted_sample
4927,-80.8541676839193,42.7791676839193,weighted_sample
4928,-80.4625010172526,42.7708343505859,CMS_500_SDA_-10841
4929,-116.904167683919,42.7625010172526,weighted_sample
4930,-70.8875010172526,42.7625010172526,CMS_200SDA_-9631
4931,-112.812501017253,42.7541676839193,weighted_sample
4932,-92.7291676839193,42.7458343505859,weighted_sample
4933,-70.8291676839193,42.7458343505859,CMS_200SDA_-8837
4934,-103.695834350586,42.7375010172526,weighted_sample
4935,-100.212501017253,42.7375010172526,weighted_sample
4936,-116.345834350586,42.7291676839193,weighted_sample
4937,-103.537501017253,42.7291676839193,CMS_200SDA_-8340
4938,-99.8208343505859,42.7291676839193,weighted_sample
4939,-92.7208343505859,42.7208343505859,weighted_sample
4940,-88.1375010172526,42.7125010172526,weighted_sample
4941,-80.3541676839193,42.7125010172526,CMS_500_SDA_-10033
4942,-80.4375010172526,42.7041676839193,weighted_sample
4943,-80.3458343505859,42.7041676839193,CMS_500_SDA_-11344
4944,-94.7958343505859,42.6958343505859,CMS_500_SDA_-9443
4945,-78.3708343505859,42.6958343505859,weighted_sample
4946,-91.6208343505859,42.6875010172526,weighted_sample
4947,-90.1458343505859,42.6875010172526,weighted_sample
4948,-86.0041676839193,42.6875010172526,weighted_sample
4949,-75.4708343505859,42.6875010172526,weighted_sample
4950,-123.412501017253,42.6791676839193,weighted_sample
4951,-108.504167683919,42.6791676839193,weighted_sample
4952,-112.695834350586,42.6708343505859,CMS_500_SDA_-9233
4953,-84.1458343505859,42.6708343505859,weighted_sample
4954,-103.029167683919,42.6625010172526,CMS_500_SDA_-9137
4955,-80.5625010172526,42.6625010172526,CMS_200SDA_-8435
4956,-117.337501017253,42.6458343505859,CMS_500_SDA_-10740
4957,-90.6541676839193,42.6375010172526,weighted_sample
4958,-80.5541676839193,42.6375010172526,CMS_500_SDA_-12240
4959,-112.337501017253,42.6291676839193,weighted_sample
4960,-98.195834350586,42.6291676839193,weighted_sample
4961,-81.8041676839193,42.6291676839193,weighted_sample
4962,-94.8791676839193,42.6208343505859,weighted_sample
4963,-121.262501017253,42.6125010172526,weighted_sample
4964,-82.1875010172526,42.6125010172526,weighted_sample
4965,-122.662501017253,42.6041676839193,weighted_sample
4966,-108.237501017253,42.5875010172526,weighted_sample
4967,-123.862501017253,42.5708343505859,weighted_sample
4968,-114.854167683919,42.5625010172526,CMS_500_SDA_-8433
4969,-122.329167683919,42.5541676839193,weighted_sample
4970,-113.387501017253,42.5541676839193,weighted_sample
4971,-109.754167683919,42.5541676839193,weighted_sample
4972,-87.9708343505859,42.5541676839193,weighted_sample
4973,-122.720834350586,42.5458343505859,weighted_sample
4974,-72.1875010172526,42.5458343505859,CMS_200SDA_-10038
4975,-85.7791676839193,42.5375010172526,weighted_sample
4976,-72.1791676839193,42.5375010172526,CMS_200SDA_-10348
4977,-72.1708343505859,42.5375010172526,CMS_500_SDA_-7344
4978,-117.162501017253,42.5291676839193,weighted_sample
4979,-105.762501017253,42.5291676839193,CMS_500_SDA_-12339
4980,-101.604167683919,42.5291676839193,weighted_sample
4981,-100.012501017253,42.5291676839193,weighted_sample
4982,-85.6541676839193,42.5291676839193,weighted_sample
4983,-72.1875010172526,42.5291676839193,CMS_500_SDA_-10648
4984,-97.4125010172526,42.5208343505859,weighted_sample
4985,-99.3791676839193,42.5125010172526,CMS_500_SDA_-11844
4986,-85.1291676839193,42.5125010172526,weighted_sample
4987,-119.154167683919,42.5041676839193,weighted_sample
4988,-93.1708343505859,42.5041676839193,weighted_sample
4989,-121.762501017253,42.4958343505859,weighted_sample
4990,-116.529167683919,42.4958343505859,weighted_sample
4991,-121.337501017253,42.4875010172526,weighted_sample
4992,-85.445834350586,42.4875010172526,CMS_500_SDA_-10747
4993,-84.4875010172526,42.4875010172526,weighted_sample
4994,-101.587501017253,42.4791676839193,weighted_sample
4995,-85.445834350586,42.4791676839193,CMS_200SDA_-10932
4996,-72.3875010172526,42.4791676839193,weighted_sample
4997,-94.0791676839193,42.4708343505859,weighted_sample
4998,-85.445834350586,42.4708343505859,CMS_500_SDA_-11747
4999,-83.9958343505859,42.4708343505859,CMS_500_SDA_-9742
5000,-119.695834350586,42.4625010172526,weighted_sample
5001,-113.187501017253,42.4625010172526,CMS_500_SDA_-11842
5002,-83.8125010172526,42.4541676839193,weighted_sample
5003,-85.3291676839193,42.4458343505859,CMS_500_SDA_-8738
5004,-85.3125010172526,42.4458343505859,CMS_500_SDA_-10138
5005,-106.970834350586,42.4375010172526,weighted_sample
5006,-98.2875010172526,42.4375010172526,weighted_sample
5007,-85.3291676839193,42.4375010172526,CMS_200SDA_-9145
5008,-75.6041676839193,42.4208343505859,CMS_500_SDA_-8336
5009,-124.395834350586,42.4125010172526,weighted_sample
5010,-122.229167683919,42.4041676839193,weighted_sample
5011,-100.512501017253,42.4041676839193,weighted_sample
5012,-114.662501017253,42.3958343505859,weighted_sample
5013,-85.3958343505859,42.3958343505859,CMS_500_SDA_-8236
5014,-95.7791676839193,42.3875010172526,weighted_sample
5015,-84.6041676839193,42.3875010172526,weighted_sample
5016,-120.404167683919,42.3791676839193,weighted_sample
5017,-99.0375010172526,42.3708343505859,weighted_sample
5018,-121.129167683919,42.3625010172526,weighted_sample
5019,-92.6708343505859,42.3541676839193,weighted_sample
5020,-117.779167683919,42.3458343505859,CMS_500_SDA_-8235
5021,-84.2291676839193,42.3458343505859,weighted_sample
5022,-84.0791676839193,42.3458343505859,weighted_sample
5023,-84.1708343505859,42.3375010172526,weighted_sample
5024,-113.045834350586,42.3291676839193,weighted_sample
5025,-122.429167683919,42.3208343505859,weighted_sample
5026,-104.812501017253,42.3208343505859,CMS_500_SDA_-10933
5027,-84.8125010172526,42.3208343505859,CMS_200SDA_-11138
5028,-72.8708343505859,42.3208343505859,CMS_500_SDA_-9931
5029,-124.329167683919,42.3125010172526,weighted_sample
5030,-118.054167683919,42.3125010172526,weighted_sample
5031,-106.554167683919,42.3125010172526,CMS_500_SDA_-10940
5032,-101.112501017253,42.3125010172526,CMS_500_SDA_-9346
5033,-121.304167683919,42.2958343505859,weighted_sample
5034,-99.0875010172526,42.2875010172526,CMS_200SDA_-9644
5035,-76.8708343505859,42.2791676839193,weighted_sample
5036,-93.3458343505859,42.2708343505859,CMS_500_SDA_-8538
5037,-92.8125010172526,42.2708343505859,weighted_sample
5038,-79.3708343505859,42.2625010172526,weighted_sample
5039,-110.137501017253,42.2541676839193,weighted_sample
5040,-121.145834350586,42.2458343505859,weighted_sample
5041,-111.454167683919,42.2458343505859,weighted_sample
5042,-113.854167683919,42.2291676839193,weighted_sample
5043,-113.512501017253,42.2208343505859,CMS_200SDA_-10946
5044,-97.1375010172526,42.2208343505859,weighted_sample
5045,-92.1125010172526,42.2208343505859,weighted_sample
5046,-76.8708343505859,42.2208343505859,CMS_500_SDA_-11447
5047,-86.0541676839193,42.1958343505859,weighted_sample
5048,-82.7541676839193,42.1875010172526,weighted_sample
5049,-97.5125010172526,42.1791676839193,weighted_sample
5050,-88.2041676839193,42.1791676839193,weighted_sample
5051,-86.3458343505859,42.1791676839193,weighted_sample
5052,-84.0791676839193,42.1791676839193,weighted_sample
5053,-102.879167683919,42.1708343505859,weighted_sample
5054,-95.7041676839193,42.1708343505859,weighted_sample
5055,-94.5291676839193,42.1708343505859,weighted_sample
5056,-121.787501017253,42.1625010172526,weighted_sample
5057,-120.712501017253,42.1625010172526,weighted_sample
5058,-111.937501017253,42.1625010172526,CMS_500_SDA_-9040
5059,-77.6625010172526,42.1625010172526,CMS_500_SDA_-11244
5060,-77.5208343505859,42.1625010172526,weighted_sample
5061,-89.6458343505859,42.1375010172526,CMS_500_SDA_-11343
5062,-71.0458343505859,42.1375010172526,weighted_sample
5063,-95.4958343505859,42.1208343505859,weighted_sample
5064,-86.0375010172526,42.1208343505859,weighted_sample
5065,-78.7708343505859,42.1208343505859,weighted_sample
5066,-89.0958343505859,42.0958343505859,CMS_500_SDA_-10239
5067,-118.362501017253,42.0708343505859,weighted_sample
5068,-101.404167683919,42.0708343505859,CMS_200SDA_-8039
5069,-73.4625010172526,42.0708343505859,weighted_sample
5070,-122.962501017253,42.0625010172526,weighted_sample
5071,-102.520834350586,42.0625010172526,weighted_sample
5072,-82.7291676839193,42.0625010172526,weighted_sample
5073,-77.5125010172526,42.0625010172526,CMS_500_SDA_-9730
5074,-102.962501017253,42.0541676839193,weighted_sample
5075,-96.6958343505859,42.0541676839193,CMS_500_SDA_-10942
5076,-111.445834350586,42.0458343505859,weighted_sample
5077,-85.8541676839193,42.0375010172526,weighted_sample
5078,-84.9541676839193,42.0375010172526,weighted_sample
5079,-123.195834350586,42.0291676839193,weighted_sample
5080,-101.529167683919,42.0291676839193,weighted_sample
5081,-91.4375010172526,42.0291676839193,weighted_sample
5082,-78.6375010172526,42.0208343505859,weighted_sample
5083,-90.7291676839193,41.9958343505859,weighted_sample
5084,-124.120834350586,41.9875010172526,weighted_sample
5085,-83.5458343505859,41.9875010172526,weighted_sample
5086,-93.6958343505859,41.9791676839193,CMS_200SDA_-8837
5087,-112.804167683919,41.9708343505859,weighted_sample
5088,-93.6958343505859,41.9708343505859,CMS_500_SDA_-8540
5089,-73.2291676839193,41.9708343505859,CMS_500_SDA_-10646
5090,-101.770834350586,41.9625010172526,weighted_sample
5091,-117.004167683919,41.9541676839193,weighted_sample
5092,-93.5291676839193,41.9541676839193,weighted_sample
5093,-108.470834350586,41.8958343505859,CMS_500_SDA_-9841
5094,-122.879167683919,41.8875010172526,weighted_sample
5095,-93.7625010172526,41.8791676839193,weighted_sample
5096,-121.379167683919,41.8708343505859,weighted_sample
5097,-88.2208343505859,41.8625010172526,CMS_200SDA_-10443
5098,-110.870834350586,41.8541676839193,CMS_500_SDA_-8845
5099,-88.2375010172526,41.8375010172526,CMS_500_SDA_-12138
5100,-122.112501017253,41.8291676839193,weighted_sample
5101,-80.3541676839193,41.8291676839193,weighted_sample
5102,-79.7291676839193,41.8291676839193,weighted_sample
5103,-108.854167683919,41.8208343505859,CMS_200SDA_-9832
5104,-96.1625010172526,41.8208343505859,weighted_sample
5105,-80.6375010172526,41.8208343505859,CMS_500_SDA_-11938
5106,-93.7541676839193,41.8125010172526,weighted_sample
5107,-85.8958343505859,41.8125010172526,weighted_sample
5108,-93.3125010172526,41.8041676839193,weighted_sample
5109,-105.429167683919,41.7958343505859,weighted_sample
5110,-103.179167683919,41.7958343505859,weighted_sample
5111,-91.9541676839193,41.7875010172526,weighted_sample
5112,-84.0041676839193,41.7875010172526,weighted_sample
5113,-90.070834350586,41.7791676839193,weighted_sample
5114,-80.6291676839193,41.7708343505859,CMS_500_SDA_-11647
5115,-92.5958343505859,41.7625010172526,weighted_sample
5116,-76.1458343505859,41.7208343505859,weighted_sample
5117,-73.6958343505859,41.7208343505859,weighted_sample
5118,-113.529167683919,41.7125010172526,CMS_200SDA_-11535
5119,-90.3541676839193,41.7041676839193,weighted_sample
5120,-87.9958343505859,41.7041676839193,CMS_500_SDA_-11148
5121,-121.895834350586,41.6958343505859,weighted_sample
5122,-93.6125010172526,41.6958343505859,weighted_sample
5123,-88.4791676839193,41.6958343505859,weighted_sample
5124,-121.504167683919,41.6875010172526,weighted_sample
5125,-93.6875010172526,41.6875010172526,CMS_500_SDA_-10937
5126,-109.070834350586,41.6791676839193,CMS_500_SDA_-8837
5127,-88.195834350586,41.6708343505859,weighted_sample
5128,-85.5291676839193,41.6708343505859,weighted_sample
5129,-101.504167683919,41.6625010172526,weighted_sample
5130,-77.820834350586,41.6541676839193,weighted_sample
5131,-77.6375010172526,41.6541676839193,weighted_sample
5132,-123.229167683919,41.6375010172526,weighted_sample
5133,-83.3458343505859,41.6291676839193,CMS_200SDA_-8933
5134,-77.9375010172526,41.6291676839193,CMS_500_SDA_-10732
5135,-123.954167683919,41.6125010172526,weighted_sample
5136,-78.1208343505859,41.6125010172526,weighted_sample
5137,-116.387501017253,41.6041676839193,weighted_sample
5138,-71.5875010172526,41.5958343505859,weighted_sample
5139,-98.3291676839193,41.5875010172526,weighted_sample
5140,-85.2875010172526,41.5875010172526,weighted_sample
5141,-121.304167683919,41.5708343505859,CMS_200SDA_-8531
5142,-117.512501017253,41.5708343505859,weighted_sample
5143,-79.4291676839193,41.5708343505859,weighted_sample
5144,-73.3125010172526,41.5708343505859,weighted_sample
5145,-93.0458343505859,41.5625010172526,weighted_sample
5146,-92.9458343505859,41.5625010172526,weighted_sample
5147,-107.754167683919,41.5541676839193,CMS_200SDA_-8833
5148,-93.2958343505859,41.5541676839193,CMS_200SDA_-11747
5149,-83.8458343505859,41.5541676839193,CMS_500_SDA_-7342
5150,-81.0625010172526,41.5458343505859,weighted_sample
5151,-80.8541676839193,41.5458343505859,CMS_200SDA_-9937
5152,-112.045834350586,41.5291676839193,weighted_sample
5153,-91.6458343505859,41.5291676839193,weighted_sample
5154,-90.6291676839193,41.5208343505859,weighted_sample
5155,-89.6791676839193,41.5208343505859,weighted_sample
5156,-84.1708343505859,41.5208343505859,weighted_sample
5157,-97.2041676839193,41.5125010172526,weighted_sample
5158,-109.120834350586,41.4791676839193,CMS_500_SDA_-9848
5159,-108.587501017253,41.4791676839193,weighted_sample
5160,-76.0625010172526,41.4791676839193,weighted_sample
5161,-76.0375010172526,41.4708343505859,CMS_500_SDA_-9640
5162,-82.9958343505859,41.4625010172526,CMS_500_SDA_-11847
5163,-93.1041676839193,41.4541676839193,weighted_sample
5164,-86.8208343505859,41.4541676839193,weighted_sample
5165,-74.6208343505859,41.4541676839193,weighted_sample
5166,-92.1291676839193,41.4458343505859,CMS_200SDA_-11242
5167,-89.8708343505859,41.4291676839193,CMS_500_SDA_-10033
5168,-75.2375010172526,41.4291676839193,weighted_sample
5169,-106.295834350586,41.4208343505859,weighted_sample
5170,-93.820834350586,41.4208343505859,weighted_sample
5171,-95.7625010172526,41.4125010172526,weighted_sample
5172,-108.345834350586,41.3958343505859,CMS_200SDA_-8126
5173,-106.804167683919,41.3958343505859,CMS_200SDA_-11936
5174,-95.6291676839193,41.3875010172526,weighted_sample
5175,-95.070834350586,41.3791676839193,weighted_sample
5176,-92.3791676839193,41.3791676839193,weighted_sample
5177,-88.4791676839193,41.3791676839193,CMS_200SDA_-9831
5178,-85.5291676839193,41.3791676839193,CMS_500_SDA_-11237
5179,-82.5125010172526,41.3791676839193,CMS_500_SDA_-10842
5180,-120.170834350586,41.3708343505859,CMS_500_SDA_-11146
5181,-99.8625010172526,41.3708343505859,weighted_sample
5182,-106.237501017253,41.3625010172526,CMS_200SDA_-7641
5183,-101.912501017253,41.3541676839193,weighted_sample
5184,-82.4458343505859,41.3458343505859,weighted_sample
5185,-76.6458343505859,41.3458343505859,weighted_sample
5186,-77.1041676839193,41.3375010172526,CMS_200SDA_-11037
5187,-119.920834350586,41.3291676839193,weighted_sample
5188,-110.562501017253,41.3291676839193,CMS_200SDA_-8732
5189,-90.3625010172526,41.3291676839193,weighted_sample
5190,-95.7458343505859,41.3041676839193,weighted_sample
5191,-117.162501017253,41.2958343505859,weighted_sample
5192,-74.6708343505859,41.2958343505859,weighted_sample
5193,-104.270834350586,41.2625010172526,weighted_sample
5194,-78.1458343505859,41.2625010172526,weighted_sample
5195,-97.9041676839193,41.2541676839193,weighted_sample
5196,-91.2458343505859,41.2541676839193,weighted_sample
5197,-87.3708343505859,41.2541676839193,weighted_sample
5198,-69.9958343505859,41.2458343505859,CMS_500_SDA_-10745
5199,-121.787501017253,41.2375010172526,weighted_sample
5200,-101.012501017253,41.2375010172526,weighted_sample
5201,-104.879167683919,41.2291676839193,weighted_sample
5202,-75.7708343505859,41.2208343505859,weighted_sample
5203,-98.0041676839193,41.2041676839193,weighted_sample
5204,-84.6458343505859,41.2041676839193,weighted_sample
5205,-83.0375010172526,41.2041676839193,weighted_sample
5206,-123.762501017253,41.1958343505859,weighted_sample
5207,-122.304167683919,41.1875010172526,weighted_sample
5208,-96.4375010172526,41.1791676839193,CMS_200SDA_-11244
5209,-86.0291676839193,41.1708343505859,weighted_sample
5210,-100.945834350586,41.1625010172526,weighted_sample
5211,-98.5041676839193,41.1625010172526,weighted_sample
5212,-96.4791676839193,41.1625010172526,CMS_500_SDA_-10331
5213,-96.4708343505859,41.1625010172526,CMS_500_SDA_-9234
5214,-87.3125010172526,41.1541676839193,weighted_sample
5215,-86.7875010172526,41.1541676839193,weighted_sample
5216,-79.7625010172526,41.1541676839193,weighted_sample
5217,-120.395834350586,41.1375010172526,weighted_sample
5218,-84.4708343505859,41.1375010172526,weighted_sample
5219,-81.5791676839193,41.1375010172526,weighted_sample
5220,-96.9041676839193,41.1208343505859,weighted_sample
5221,-121.670834350586,41.1125010172526,weighted_sample
5222,-92.0875010172526,41.1125010172526,weighted_sample
5223,-123.070834350586,41.1041676839193,weighted_sample
5224,-75.5625010172526,41.0791676839193,weighted_sample
5225,-106.120834350586,41.0708343505859,CMS_500_SDA_-11647
5226,-98.1125010172526,41.0708343505859,CMS_500_SDA_-10347
5227,-106.045834350586,41.0625010172526,weighted_sample
5228,-79.2791676839193,41.0625010172526,weighted_sample
5229,-111.904167683919,41.0541676839193,CMS_500_SDA_-10441
5230,-103.795834350586,41.0541676839193,CMS_500_SDA_-8940
5231,-86.4875010172526,41.0458343505859,weighted_sample
5232,-104.437501017253,41.0375010172526,weighted_sample
5233,-116.354167683919,41.0291676839193,CMS_500_SDA_-9230
5234,-100.745834350586,41.0208343505859,weighted_sample
5235,-90.7291676839193,41.0041676839193,weighted_sample
5236,-123.812501017253,40.9958343505859,weighted_sample
5237,-106.720834350586,40.9791676839193,weighted_sample
5238,-101.620834350586,40.9791676839193,weighted_sample
5239,-98.1625010172526,40.9791676839193,weighted_sample
5240,-82.6208343505859,40.9791676839193,weighted_sample
5241,-122.604167683919,40.9708343505859,weighted_sample
5242,-88.195834350586,40.9708343505859,weighted_sample
5243,-110.354167683919,40.9541676839193,CMS_500_SDA_-8733
5244,-109.262501017253,40.9541676839193,CMS_200SDA_-10643
5245,-122.479167683919,40.9458343505859,weighted_sample
5246,-117.754167683919,40.9458343505859,weighted_sample
5247,-99.5541676839193,40.9375010172526,CMS_500_SDA_-7842
5248,-98.2875010172526,40.9291676839193,weighted_sample
5249,-86.7541676839193,40.9291676839193,weighted_sample
5250,-78.0625010172526,40.9291676839193,weighted_sample
5251,-98.2375010172526,40.9208343505859,weighted_sample
5252,-81.0541676839193,40.9208343505859,weighted_sample
5253,-122.504167683919,40.9041676839193,CMS_500_SDA_-10335
5254,-112.729167683919,40.9041676839193,CMS_500_SDA_-11345
5255,-108.070834350586,40.9041676839193,weighted_sample
5256,-100.120834350586,40.9041676839193,weighted_sample
5257,-75.6958343505859,40.8958343505859,weighted_sample
5258,-91.7041676839193,40.8791676839193,weighted_sample
5259,-77.8458343505859,40.8625010172526,CMS_500_SDA_-10531
5260,-108.495834350586,40.8541676839193,CMS_200SDA_-10531
5261,-109.720834350586,40.8458343505859,weighted_sample
5262,-105.504167683919,40.8458343505859,CMS_500_SDA_-10033
5263,-89.3875010172526,40.8458343505859,weighted_sample
5264,-84.6875010172526,40.8458343505859,weighted_sample
5265,-110.112501017253,40.8375010172526,CMS_200SDA_-11038
5266,-102.787501017253,40.8375010172526,weighted_sample
5267,-86.1458343505859,40.8375010172526,weighted_sample
5268,-85.9041676839193,40.8375010172526,weighted_sample
5269,-104.720834350586,40.8291676839193,CMS_500_SDA_-10547
5270,-98.1708343505859,40.8291676839193,weighted_sample
5271,-122.695834350586,40.8208343505859,weighted_sample
5272,-81.6208343505859,40.8208343505859,weighted_sample
5273,-116.295834350586,40.8125010172526,weighted_sample
5274,-110.887501017253,40.8125010172526,CMS_200SDA_-9338
5275,-104.745834350586,40.8125010172526,CMS_200SDA_-9640
5276,-83.4625010172526,40.8125010172526,weighted_sample
5277,-81.9041676839193,40.8125010172526,weighted_sample
5278,-110.012501017253,40.8041676839193,CMS_500_SDA_-10935
5279,-77.2791676839193,40.8041676839193,weighted_sample
5280,-121.262501017253,40.7958343505859,weighted_sample
5281,-121.062501017253,40.7875010172526,weighted_sample
5282,-106.262501017253,40.7875010172526,CMS_500_SDA_-11543
5283,-102.954167683919,40.7708343505859,CMS_500_SDA_-10031
5284,-101.520834350586,40.7625010172526,weighted_sample
5285,-76.4625010172526,40.7625010172526,CMS_500_SDA_-10937
5286,-94.5458343505859,40.7541676839193,weighted_sample
5287,-81.8791676839193,40.7541676839193,CMS_500_SDA_-10437
5288,-78.0041676839193,40.7541676839193,CMS_200SDA_-9244
5289,-77.9958343505859,40.7541676839193,CMS_200SDA_-10739
5290,-77.4375010172526,40.7458343505859,CMS_500_SDA_-9635
5291,-122.745834350586,40.7375010172526,weighted_sample
5292,-104.304167683919,40.7375010172526,CMS_500_SDA_-9942
5293,-104.304167683919,40.7291676839193,CMS_200SDA_-7842
5294,-97.6958343505859,40.7125010172526,weighted_sample
5295,-81.7708343505859,40.7125010172526,weighted_sample
5296,-106.495834350586,40.6875010172526,weighted_sample
5297,-105.670834350586,40.6708343505859,weighted_sample
5298,-102.454167683919,40.6708343505859,weighted_sample
5299,-123.337501017253,40.6625010172526,weighted_sample
5300,-100.670834350586,40.6625010172526,weighted_sample
5301,-77.9041676839193,40.6625010172526,CMS_500_SDA_-8137
5302,-103.579167683919,40.6541676839193,weighted_sample
5303,-89.1208343505859,40.6541676839193,weighted_sample
5304,-77.9291676839193,40.6458343505859,weighted_sample
5305,-114.437501017253,40.6375010172526,weighted_sample
5306,-77.945834350586,40.6375010172526,CMS_500_SDA_-8835
5307,-118.487501017253,40.6291676839193,weighted_sample
5308,-115.579167683919,40.6208343505859,CMS_500_SDA_-10341
5309,-98.3958343505859,40.6208343505859,weighted_sample
5310,-110.937501017253,40.6125010172526,weighted_sample
5311,-83.4541676839193,40.6041676839193,CMS_500_SDA_-8339
5312,-96.9291676839193,40.5958343505859,weighted_sample
5313,-91.2458343505859,40.5875010172526,weighted_sample
5314,-119.479167683919,40.5708343505859,CMS_500_SDA_-12340
5315,-118.045834350586,40.5708343505859,weighted_sample
5316,-102.529167683919,40.5708343505859,weighted_sample
5317,-102.495834350586,40.5708343505859,weighted_sample
5318,-91.1875010172526,40.5708343505859,weighted_sample
5319,-110.337501017253,40.5375010172526,weighted_sample
5320,-96.5458343505859,40.5041676839193,weighted_sample
5321,-83.3875010172526,40.4958343505859,weighted_sample
5322,-85.3041676839193,40.4875010172526,CMS_500_SDA_-9033
5323,-112.912501017253,40.4791676839193,weighted_sample
5324,-108.795834350586,40.4791676839193,weighted_sample
5325,-106.679167683919,40.4791676839193,weighted_sample
5326,-105.820834350586,40.4708343505859,weighted_sample
5327,-100.195834350586,40.4708343505859,weighted_sample
5328,-103.029167683919,40.4625010172526,CMS_200SDA_-11337
5329,-78.0208343505859,40.4625010172526,weighted_sample
5330,-96.8958343505859,40.4541676839193,weighted_sample
5331,-124.137501017253,40.4458343505859,weighted_sample
5332,-121.012501017253,40.4458343505859,weighted_sample
5333,-85.2708343505859,40.4458343505859,weighted_sample
5334,-108.962501017253,40.4375010172526,weighted_sample
5335,-99.0541676839193,40.4375010172526,weighted_sample
5336,-83.4375010172526,40.4375010172526,weighted_sample
5337,-106.245834350586,40.4208343505859,weighted_sample
5338,-77.2791676839193,40.4208343505859,weighted_sample
5339,-123.170834350586,40.4041676839193,weighted_sample
5340,-80.2208343505859,40.4041676839193,weighted_sample
5341,-98.9625010172526,40.3958343505859,weighted_sample
5342,-117.745834350586,40.3791676839193,weighted_sample
5343,-105.054167683919,40.3791676839193,CMS_200SDA_-9827
5344,-88.8041676839193,40.3708343505859,CMS_500_SDA_-12145
5345,-101.529167683919,40.3541676839193,weighted_sample
5346,-80.8041676839193,40.3541676839193,weighted_sample
5347,-80.8625010172526,40.3458343505859,weighted_sample
5348,-103.670834350586,40.3375010172526,weighted_sample
5349,-94.8791676839193,40.3375010172526,weighted_sample
5350,-75.4041676839193,40.3375010172526,weighted_sample
5351,-121.970834350586,40.3291676839193,weighted_sample
5352,-77.4458343505859,40.3291676839193,weighted_sample
5353,-79.7375010172526,40.3208343505859,weighted_sample
5354,-76.7291676839193,40.3125010172526,weighted_sample
5355,-114.004167683919,40.3041676839193,CMS_500_SDA_-8832
5356,-99.6625010172526,40.3041676839193,weighted_sample
5357,-89.7708343505859,40.3041676839193,weighted_sample
5358,-115.520834350586,40.2875010172526,weighted_sample
5359,-112.470834350586,40.2791676839193,CMS_500_SDA_-10440
5360,-112.462501017253,40.2791676839193,CMS_500_SDA_-12345
5361,-105.545834350586,40.2791676839193,CMS_500_SDA_-11140
5362,-79.0125010172526,40.2791676839193,CMS_200SDA_-8635
5363,-74.4708343505859,40.2791676839193,weighted_sample
5364,-124.062501017253,40.2708343505859,weighted_sample
5365,-97.0041676839193,40.2708343505859,weighted_sample
5366,-112.479167683919,40.2625010172526,CMS_200SDA_-10646
5367,-91.1291676839193,40.2541676839193,weighted_sample
5368,-86.7291676839193,40.2458343505859,weighted_sample
5369,-79.3291676839193,40.2458343505859,weighted_sample
5370,-110.070834350586,40.2375010172526,weighted_sample
5371,-87.1791676839193,40.2208343505859,weighted_sample
5372,-118.587501017253,40.2125010172526,weighted_sample
5373,-101.645834350586,40.2125010172526,weighted_sample
5374,-123.745834350586,40.2041676839193,weighted_sample
5375,-106.879167683919,40.1875010172526,weighted_sample
5376,-114.554167683919,40.1791676839193,weighted_sample
5377,-112.454167683919,40.1791676839193,CMS_200SDA_-11334
5378,-110.745834350586,40.1791676839193,weighted_sample
5379,-86.4125010172526,40.1791676839193,weighted_sample
5380,-110.837501017253,40.1708343505859,CMS_200SDA_-10840
5381,-83.9708343505859,40.1708343505859,CMS_500_SDA_-11341
5382,-122.779167683919,40.1625010172526,CMS_500_SDA_-9844
5383,-120.945834350586,40.1541676839193,weighted_sample
5384,-105.412501017253,40.1541676839193,weighted_sample
5385,-80.3291676839193,40.1541676839193,weighted_sample
5386,-84.3875010172526,40.1458343505859,weighted_sample
5387,-75.9208343505859,40.1458343505859,weighted_sample
5388,-123.779167683919,40.1375010172526,weighted_sample
5389,-114.020834350586,40.1375010172526,CMS_200SDA_-8942
5390,-104.287501017253,40.1375010172526,weighted_sample
5391,-109.954167683919,40.1291676839193,CMS_200SDA_-11437
5392,-108.120834350586,40.1291676839193,CMS_500_SDA_-8337
5393,-96.1458343505859,40.1291676839193,CMS_500_SDA_-11643
5394,-91.3458343505859,40.1208343505859,CMS_200SDA_-11739
5395,-116.187501017253,40.1125010172526,weighted_sample
5396,-79.1541676839193,40.1125010172526,weighted_sample
5397,-100.345834350586,40.1041676839193,weighted_sample
5398,-100.162501017253,40.0958343505859,weighted_sample
5399,-91.7208343505859,40.0958343505859,weighted_sample
5400,-77.3958343505859,40.0875010172526,weighted_sample
5401,-77.3791676839193,40.0791676839193,weighted_sample
5402,-91.2958343505859,40.0708343505859,weighted_sample
5403,-88.195834350586,40.0625010172526,CMS_500_SDA_-10647
5404,-117.212501017253,40.0541676839193,weighted_sample
5405,-106.704167683919,40.0541676839193,weighted_sample
5406,-105.579167683919,40.0541676839193,CMS_200SDA_-11339
5407,-89.6541676839193,40.0375010172526,weighted_sample
5408,-105.545834350586,40.0291676839193,CMS_500_SDA_-11238
5409,-102.554167683919,40.0291676839193,weighted_sample
5410,-91.1125010172526,40.0208343505859,weighted_sample
5411,-88.2875010172526,40.0125010172526,CMS_500_SDA_-10138
5412,-123.837501017253,40.0041676839193,weighted_sample
5413,-111.529167683919,40.0041676839193,weighted_sample
5414,-94.5125010172526,40.0041676839193,weighted_sample
5415,-88.7875010172526,40.0041676839193,weighted_sample
5416,-88.2958343505859,40.0041676839193,CMS_500_SDA_-9735
5417,-102.970834350586,39.9958343505859,weighted_sample
5418,-100.954167683919,39.9958343505859,weighted_sample
5419,-100.895834350586,39.9958343505859,weighted_sample
5420,-76.4375010172526,39.9708343505859,weighted_sample
5421,-86.7875010172526,39.9458343505859,CMS_500_SDA_-11039
5422,-86.7791676839193,39.9458343505859,CMS_500_SDA_-9135
5423,-106.170834350586,39.9375010172526,weighted_sample
5424,-86.870834350586,39.9375010172526,weighted_sample
5425,-106.637501017253,39.9208343505859,weighted_sample
5426,-99.6625010172526,39.9208343505859,CMS_200SDA_-10839
5427,-83.4791676839193,39.9125010172526,CMS_200SDA_-9346
5428,-74.5958343505859,39.9125010172526,CMS_500_SDA_-8638
5429,-89.2208343505859,39.9041676839193,weighted_sample
5430,-84.1125010172526,39.9041676839193,weighted_sample
5431,-103.370834350586,39.8958343505859,weighted_sample
5432,-110.887501017253,39.8875010172526,CMS_500_SDA_-11140
5433,-99.9458343505859,39.8791676839193,weighted_sample
5434,-85.7041676839193,39.8791676839193,CMS_500_SDA_-7940
5435,-89.4541676839193,39.8625010172526,weighted_sample
5436,-86.5041676839193,39.8625010172526,CMS_200SDA_-9944
5437,-84.7875010172526,39.8541676839193,weighted_sample
5438,-107.870834350586,39.8458343505859,weighted_sample
5439,-107.454167683919,39.8458343505859,CMS_500_SDA_-12038
5440,-80.7708343505859,39.8375010172526,weighted_sample
5441,-74.3791676839193,39.8375010172526,CMS_500_SDA_-8542
5442,-95.8791676839193,39.8291676839193,CMS_500_SDA_-11946
5443,-86.1791676839193,39.8291676839193,CMS_500_SDA_-9237
5444,-108.645834350586,39.8208343505859,weighted_sample
5445,-107.220834350586,39.8208343505859,weighted_sample
5446,-85.7041676839193,39.8208343505859,CMS_500_SDA_-7735
5447,-112.487501017253,39.8125010172526,weighted_sample
5448,-80.3375010172526,39.8125010172526,weighted_sample
5449,-104.029167683919,39.8041676839193,weighted_sample
5450,-76.3541676839193,39.8041676839193,CMS_500_SDA_-11743
5451,-114.545834350586,39.7958343505859,weighted_sample
5452,-75.7125010172526,39.7958343505859,weighted_sample
5453,-104.429167683919,39.7875010172526,CMS_200SDA_-10048
5454,-89.9458343505859,39.7791676839193,CMS_500_SDA_-9131
5455,-80.1541676839193,39.7708343505859,weighted_sample
5456,-122.370834350586,39.7541676839193,CMS_200SDA_-9639
5457,-112.620834350586,39.7458343505859,weighted_sample
5458,-98.6708343505859,39.7458343505859,weighted_sample
5459,-96.8041676839193,39.7458343505859,weighted_sample
5460,-89.3291676839193,39.7458343505859,weighted_sample
5461,-83.3791676839193,39.7458343505859,weighted_sample
5462,-85.5791676839193,39.7375010172526,weighted_sample
5463,-78.9541676839193,39.7375010172526,weighted_sample
5464,-110.545834350586,39.6958343505859,weighted_sample
5465,-111.879167683919,39.6875010172526,CMS_500_SDA_-10733
5466,-95.2875010172526,39.6875010172526,weighted_sample
5467,-122.004167683919,39.6791676839193,CMS_500_SDA_-11337
5468,-80.1625010172526,39.6791676839193,CMS_200SDA_-11137
5469,-85.0208343505859,39.6708343505859,weighted_sample
5470,-79.3708343505859,39.6625010172526,weighted_sample
5471,-105.987501017253,39.6541676839193,weighted_sample
5472,-102.987501017253,39.6291676839193,weighted_sample
5473,-90.3375010172526,39.6291676839193,weighted_sample
5474,-106.945834350586,39.6208343505859,weighted_sample
5475,-103.887501017253,39.6208343505859,weighted_sample
5476,-88.5875010172526,39.6208343505859,weighted_sample
5477,-78.1291676839193,39.6208343505859,weighted_sample
5478,-78.0541676839193,39.6208343505859,weighted_sample
5479,-116.320834350586,39.6125010172526,weighted_sample
5480,-80.2875010172526,39.5958343505859,CMS_500_SDA_-10031
5481,-121.854167683919,39.5791676839193,CMS_500_SDA_-12346
5482,-84.7541676839193,39.5791676839193,CMS_500_SDA_-10643
5483,-108.762501017253,39.5708343505859,CMS_500_SDA_-7146
5484,-105.345834350586,39.5708343505859,weighted_sample
5485,-123.354167683919,39.5625010172526,weighted_sample
5486,-106.095834350586,39.5625010172526,CMS_500_SDA_-10343
5487,-109.387501017253,39.5541676839193,CMS_500_SDA_-8831
5488,-88.5375010172526,39.5375010172526,weighted_sample
5489,-121.904167683919,39.5291676839193,CMS_200SDA_-11142
5490,-111.995834350586,39.5291676839193,CMS_200SDA_-8232
5491,-84.8458343505859,39.5291676839193,CMS_500_SDA_-12247
5492,-101.070834350586,39.5208343505859,weighted_sample
5493,-84.5458343505859,39.5125010172526,weighted_sample
5494,-123.679167683919,39.4958343505859,weighted_sample
5495,-91.5541676839193,39.4958343505859,weighted_sample
5496,-84.5125010172526,39.4958343505859,weighted_sample
5497,-88.820834350586,39.4875010172526,weighted_sample
5498,-104.054167683919,39.4625010172526,weighted_sample
5499,-96.7541676839193,39.4625010172526,CMS_500_SDA_-11343
5500,-85.8041676839193,39.4625010172526,weighted_sample
5501,-110.729167683919,39.4458343505859,CMS_500_SDA_-9543
5502,-87.5375010172526,39.4458343505859,weighted_sample
5503,-84.0708343505859,39.4458343505859,weighted_sample
5504,-106.812501017253,39.4291676839193,weighted_sample
5505,-120.587501017253,39.4208343505859,CMS_500_SDA_-10135
5506,-106.912501017253,39.4208343505859,weighted_sample
5507,-85.1041676839193,39.4041676839193,weighted_sample
5508,-78.2291676839193,39.4041676839193,weighted_sample
5509,-107.195834350586,39.3958343505859,weighted_sample
5510,-102.470834350586,39.3958343505859,weighted_sample
5511,-87.0041676839193,39.3958343505859,weighted_sample
5512,-119.545834350586,39.3875010172526,weighted_sample
5513,-82.1625010172526,39.3875010172526,weighted_sample
5514,-78.0791676839193,39.3875010172526,weighted_sample
5515,-107.037501017253,39.3791676839193,CMS_500_SDA_-9245
5516,-106.737501017253,39.3791676839193,weighted_sample
5517,-112.612501017253,39.3708343505859,weighted_sample
5518,-78.7125010172526,39.3708343505859,weighted_sample
5519,-94.0875010172526,39.3625010172526,weighted_sample
5520,-86.7875010172526,39.3625010172526,weighted_sample
5521,-101.295834350586,39.3541676839193,weighted_sample
5522,-82.2875010172526,39.3458343505859,weighted_sample
5523,-116.720834350586,39.3375010172526,CMS_500_SDA_-9530
5524,-110.070834350586,39.3375010172526,CMS_500_SDA_-11444
5525,-79.6125010172526,39.3375010172526,CMS_500_SDA_-9839
5526,-77.8125010172526,39.3375010172526,weighted_sample
5527,-122.679167683919,39.3208343505859,weighted_sample
5528,-86.9541676839193,39.3208343505859,weighted_sample
5529,-86.4125010172526,39.3208343505859,CMS_500_SDA_-9045
5530,-123.629167683919,39.2958343505859,weighted_sample
5531,-100.620834350586,39.2958343505859,weighted_sample
5532,-84.995834350586,39.2958343505859,weighted_sample
5533,-82.945834350586,39.2958343505859,weighted_sample
5534,-86.4125010172526,39.2875010172526,weighted_sample
5535,-84.7541676839193,39.2791676839193,weighted_sample
5536,-119.787501017253,39.2708343505859,weighted_sample
5537,-90.1791676839193,39.2625010172526,CMS_500_SDA_-8631
5538,-83.8125010172526,39.2625010172526,CMS_500_SDA_-7742
5539,-109.662501017253,39.2541676839193,weighted_sample
5540,-102.345834350586,39.2541676839193,weighted_sample
5541,-123.354167683919,39.2458343505859,CMS_500_SDA_-10732
5542,-76.1291676839193,39.2375010172526,weighted_sample
5543,-96.5791676839193,39.2291676839193,weighted_sample
5544,-92.1458343505859,39.2291676839193,CMS_500_SDA_-12139
5545,-92.1208343505859,39.2291676839193,CMS_200SDA_-11336
5546,-86.5375010172526,39.2208343505859,CMS_500_SDA_-11046
5547,-85.3791676839193,39.2125010172526,weighted_sample
5548,-120.420834350586,39.1958343505859,weighted_sample
5549,-100.137501017253,39.1958343505859,weighted_sample
5550,-96.3791676839193,39.1958343505859,weighted_sample
5551,-90.9291676839193,39.1958343505859,weighted_sample
5552,-77.4541676839193,39.1958343505859,CMS_200SDA_-10344
5553,-106.829167683919,39.1875010172526,weighted_sample
5554,-104.354167683919,39.1875010172526,weighted_sample
5555,-91.8375010172526,39.1875010172526,weighted_sample
5556,-82.1791676839193,39.1875010172526,weighted_sample
5557,-123.520834350586,39.1791676839193,weighted_sample
5558,-82.9791676839193,39.1791676839193,weighted_sample
5559,-108.695834350586,39.1708343505859,weighted_sample
5560,-85.2458343505859,39.1625010172526,weighted_sample
5561,-113.145834350586,39.1541676839193,CMS_500_SDA_-9928
5562,-110.579167683919,39.1541676839193,weighted_sample
5563,-108.479167683919,39.1541676839193,weighted_sample
5564,-81.5708343505859,39.1541676839193,weighted_sample
5565,-86.0625010172526,39.1458343505859,weighted_sample
5566,-114.662501017253,39.1375010172526,CMS_500_SDA_-11846
5567,-96.5291676839193,39.1375010172526,CMS_200SDA_-11445
5568,-96.5208343505859,39.1375010172526,CMS_500_SDA_-11233
5569,-121.129167683919,39.1291676839193,weighted_sample
5570,-115.162501017253,39.1125010172526,weighted_sample
5571,-97.9291676839193,39.1125010172526,weighted_sample
5572,-96.6125010172526,39.1125010172526,CMS_200SDA_-7344
5573,-93.8291676839193,39.1125010172526,weighted_sample
5574,-108.012501017253,39.1041676839193,weighted_sample
5575,-96.5625010172526,39.1041676839193,CMS_200SDA_-11244
5576,-107.579167683919,39.0875010172526,CMS_500_SDA_-10041
5577,-107.004167683919,39.0875010172526,weighted_sample
5578,-75.4375010172526,39.0875010172526,CMS_500_SDA_-11238
5579,-96.5625010172526,39.0791676839193,CMS_500_SDA_-6946
5580,-93.3708343505859,39.0791676839193,weighted_sample
5581,-107.187501017253,39.0625010172526,CMS_500_SDA_-9032
5582,-87.6125010172526,39.0625010172526,weighted_sample
5583,-79.4208343505859,39.0625010172526,CMS_200SDA_-10648
5584,-78.0708343505859,39.0625010172526,CMS_200SDA_-9131
5585,-95.1875010172526,39.0541676839193,CMS_500_SDA_-10945
5586,-100.712501017253,39.0458343505859,CMS_200SDA_-9737
5587,-93.4541676839193,39.0458343505859,weighted_sample
5588,-95.1958343505859,39.0375010172526,CMS_500_SDA_-7343
5589,-76.8458343505859,39.0291676839193,CMS_500_SDA_-11346
5590,-113.270834350586,39.0208343505859,CMS_500_SDA_-10333
5591,-105.020834350586,39.0208343505859,weighted_sample
5592,-121.279167683919,38.9958343505859,CMS_200SDA_-9336
5593,-112.612501017253,38.9958343505859,weighted_sample
5594,-111.229167683919,38.9791676839193,CMS_500_SDA_-10048
5595,-118.920834350586,38.9708343505859,weighted_sample
5596,-120.870834350586,38.9625010172526,weighted_sample
5597,-90.3041676839193,38.9625010172526,CMS_500_SDA_-10938
5598,-120.695834350586,38.9541676839193,weighted_sample
5599,-97.9458343505859,38.9541676839193,CMS_500_SDA_-10739
5600,-117.654167683919,38.9458343505859,weighted_sample
5601,-102.754167683919,38.9458343505859,weighted_sample
5602,-91.9958343505859,38.9458343505859,CMS_500_SDA_-12035
5603,-87.3125010172526,38.9458343505859,CMS_500_SDA_-8440
5604,-86.4125010172526,38.9458343505859,weighted_sample
5605,-113.912501017253,38.9375010172526,weighted_sample
5606,-83.1291676839193,38.9208343505859,weighted_sample
5607,-100.479167683919,38.9041676839193,weighted_sample
5608,-120.629167683919,38.8958343505859,CMS_500_SDA_-11745
5609,-78.1375010172526,38.8958343505859,CMS_500_SDA_-12238
5610,-122.870834350586,38.8875010172526,weighted_sample
5611,-78.1458343505859,38.8875010172526,CMS_200SDA_-7144
5612,-76.5625010172526,38.8875010172526,CMS_200SDA_-7243
5613,-115.154167683919,38.8708343505859,weighted_sample
5614,-88.9041676839193,38.8458343505859,weighted_sample
5615,-86.7708343505859,38.8458343505859,CMS_200SDA_-8641
5616,-82.8375010172526,38.8458343505859,CMS_200SDA_-8736
5617,-108.370834350586,38.8375010172526,CMS_200SDA_-7640
5618,-108.079167683919,38.8375010172526,weighted_sample
5619,-107.887501017253,38.8375010172526,weighted_sample
5620,-115.187501017253,38.8291676839193,CMS_500_SDA_-8439
5621,-82.5958343505859,38.8291676839193,weighted_sample
5622,-121.945834350586,38.8208343505859,weighted_sample
5623,-92.6125010172526,38.8125010172526,CMS_500_SDA_-10031
5624,-82.8458343505859,38.8041676839193,weighted_sample
5625,-108.762501017253,38.7958343505859,weighted_sample
5626,-101.629167683919,38.7875010172526,CMS_500_SDA_-8737
5627,-91.7958343505859,38.7875010172526,weighted_sample
5628,-83.1375010172526,38.7791676839193,weighted_sample
5629,-106.779167683919,38.7708343505859,CMS_500_SDA_-10139
5630,-97.570834350586,38.7708343505859,CMS_200SDA_-11343
5631,-109.637501017253,38.7625010172526,weighted_sample
5632,-93.0541676839193,38.7625010172526,weighted_sample
5633,-78.0708343505859,38.7625010172526,weighted_sample
5634,-87.9041676839193,38.7541676839193,weighted_sample
5635,-92.4708343505859,38.7458343505859,weighted_sample
5636,-92.1958343505859,38.7458343505859,CMS_500_SDA_-10946
5637,-119.537501017253,38.7291676839193,CMS_500_SDA_-10947
5638,-113.462501017253,38.7208343505859,weighted_sample
5639,-107.129167683919,38.7041676839193,weighted_sample
5640,-95.8125010172526,38.7041676839193,CMS_500_SDA_-8931
5641,-85.2375010172526,38.7041676839193,CMS_200SDA_-11333
5642,-117.520834350586,38.6958343505859,weighted_sample
5643,-89.1625010172526,38.6958343505859,weighted_sample
5644,-99.9458343505859,38.6875010172526,weighted_sample
5645,-123.120834350586,38.6791676839193,weighted_sample
5646,-86.0958343505859,38.6791676839193,weighted_sample
5647,-82.5625010172526,38.6791676839193,weighted_sample
5648,-122.895834350586,38.6708343505859,weighted_sample
5649,-110.137501017253,38.6625010172526,weighted_sample
5650,-87.4458343505859,38.6625010172526,weighted_sample
5651,-100.579167683919,38.6541676839193,weighted_sample
5652,-76.1208343505859,38.6541676839193,weighted_sample
5653,-79.3541676839193,38.6458343505859,weighted_sample
5654,-79.6208343505859,38.6375010172526,weighted_sample
5655,-114.462501017253,38.6291676839193,weighted_sample
5656,-86.0541676839193,38.6208343505859,weighted_sample
5657,-99.2458343505859,38.6125010172526,weighted_sample
5658,-97.4125010172526,38.6125010172526,weighted_sample
5659,-101.829167683919,38.5958343505859,weighted_sample
5660,-91.1541676839193,38.5958343505859,weighted_sample
5661,-120.487501017253,38.5875010172526,weighted_sample
5662,-109.579167683919,38.5875010172526,CMS_200SDA_-10346
5663,-103.112501017253,38.5708343505859,CMS_500_SDA_-8735
5664,-113.620834350586,38.5625010172526,weighted_sample
5665,-89.0125010172526,38.5625010172526,weighted_sample
5666,-108.245834350586,38.5458343505859,weighted_sample
5667,-76.6125010172526,38.5458343505859,weighted_sample
5668,-118.045834350586,38.5375010172526,weighted_sample
5669,-96.1041676839193,38.5375010172526,weighted_sample
5670,-87.320834350586,38.5375010172526,weighted_sample
5671,-88.7541676839193,38.5208343505859,weighted_sample
5672,-86.4125010172526,38.5208343505859,weighted_sample
5673,-80.9041676839193,38.5125010172526,weighted_sample
5674,-76.2125010172526,38.5125010172526,CMS_500_SDA_-9032
5675,-79.820834350586,38.5041676839193,CMS_500_SDA_-7041
5676,-79.3041676839193,38.5041676839193,weighted_sample
5677,-85.0125010172526,38.4875010172526,weighted_sample
5678,-120.645834350586,38.4791676839193,weighted_sample
5679,-87.3125010172526,38.4791676839193,weighted_sample
5680,-121.770834350586,38.4625010172526,weighted_sample
5681,-103.120834350586,38.4625010172526,weighted_sample
5682,-99.5458343505859,38.4541676839193,CMS_500_SDA_-9937
5683,-85.3125010172526,38.4541676839193,CMS_500_SDA_-11135
5684,-106.095834350586,38.4458343505859,weighted_sample
5685,-115.145834350586,38.4375010172526,CMS_500_SDA_-10842
5686,-98.6791676839193,38.4375010172526,weighted_sample
5687,-120.962501017253,38.4291676839193,CMS_200SDA_-10435
5688,-88.7625010172526,38.4291676839193,CMS_500_SDA_-8943
5689,-101.245834350586,38.4208343505859,CMS_500_SDA_-8739
5690,-96.5791676839193,38.4208343505859,CMS_500_SDA_-9938
5691,-82.2125010172526,38.4208343505859,weighted_sample
5692,-120.954167683919,38.4125010172526,CMS_500_SDA_-8230
5693,-98.1291676839193,38.4125010172526,weighted_sample
5694,-93.8541676839193,38.4125010172526,weighted_sample
5695,-83.2875010172526,38.4125010172526,weighted_sample
5696,-118.704167683919,38.3791676839193,CMS_500_SDA_-10040
5697,-109.937501017253,38.3791676839193,weighted_sample
5698,-108.662501017253,38.3791676839193,weighted_sample
5699,-83.1791676839193,38.3791676839193,weighted_sample
5700,-89.6875010172526,38.3708343505859,weighted_sample
5701,-114.220834350586,38.3625010172526,weighted_sample
5702,-87.2458343505859,38.3541676839193,weighted_sample
5703,-76.4291676839193,38.3458343505859,weighted_sample
5704,-97.9458343505859,38.3208343505859,weighted_sample
5705,-86.6291676839193,38.3041676839193,CMS_200SDA_-10335
5706,-94.8708343505859,38.2875010172526,weighted_sample
5707,-80.5291676839193,38.2791676839193,weighted_sample
5708,-88.3708343505859,38.2708343505859,weighted_sample
5709,-97.7125010172526,38.2541676839193,weighted_sample
5710,-80.0208343505859,38.2541676839193,weighted_sample
5711,-109.387501017253,38.2458343505859,CMS_500_SDA_-10835
5712,-78.7875010172526,38.2458343505859,weighted_sample
5713,-122.020834350586,38.2375010172526,CMS_500_SDA_-11044
5714,-108.145834350586,38.2291676839193,weighted_sample
5715,-103.645834350586,38.2291676839193,weighted_sample
5716,-102.579167683919,38.2208343505859,weighted_sample
5717,-78.6708343505859,38.2208343505859,weighted_sample
5718,-112.479167683919,38.2125010172526,weighted_sample
5719,-122.029167683919,38.2041676839193,CMS_500_SDA_-8544
5720,-112.129167683919,38.1958343505859,weighted_sample
5721,-89.0041676839193,38.1958343505859,weighted_sample
5722,-112.345834350586,38.1875010172526,weighted_sample
5723,-104.720834350586,38.1875010172526,weighted_sample
5724,-87.4625010172526,38.1791676839193,CMS_500_SDA_-7641
5725,-111.912501017253,38.1708343505859,weighted_sample
5726,-98.9041676839193,38.1708343505859,CMS_200SDA_-11141
5727,-75.6375010172526,38.1708343505859,weighted_sample
5728,-81.4791676839193,38.1541676839193,weighted_sample
5729,-121.537501017253,38.1375010172526,CMS_200SDA_-10245
5730,-121.512501017253,38.1375010172526,CMS_500_SDA_-9339
5731,-122.104167683919,38.1208343505859,CMS_500_SDA_-8039
5732,-121.545834350586,38.1208343505859,CMS_200SDA_-9738
5733,-106.654167683919,38.1208343505859,weighted_sample
5734,-121.654167683919,38.1125010172526,CMS_200SDA_-10937
5735,-121.645834350586,38.1125010172526,CMS_500_SDA_-7642
5736,-121.537501017253,38.1125010172526,CMS_500_SDA_-11048
5737,-97.3708343505859,38.1125010172526,weighted_sample
5738,-121.645834350586,38.1041676839193,CMS_200SDA_-11240
5739,-121.637501017253,38.1041676839193,CMS_500_SDA_-8535
5740,-109.595834350586,38.1041676839193,CMS_200SDA_-11346
5741,-121.495834350586,38.0958343505859,CMS_500_SDA_-9833
5742,-79.3541676839193,38.0958343505859,weighted_sample
5743,-109.387501017253,38.0875010172526,CMS_500_SDA_-7741
5744,-82.7208343505859,38.0875010172526,weighted_sample
5745,-121.420834350586,38.0791676839193,weighted_sample
5746,-120.945834350586,38.0791676839193,weighted_sample
5747,-92.7375010172526,38.0791676839193,weighted_sample
5748,-116.770834350586,38.0708343505859,weighted_sample
5749,-111.429167683919,38.0708343505859,weighted_sample
5750,-116.879167683919,38.0625010172526,weighted_sample
5751,-87.9625010172526,38.0541676839193,weighted_sample
5752,-121.762501017253,38.0458343505859,CMS_500_SDA_-10641
5753,-115.154167683919,38.0458343505859,weighted_sample
5754,-114.212501017253,38.0458343505859,CMS_500_SDA_-10031
5755,-111.545834350586,38.0458343505859,CMS_500_SDA_-10536
5756,-106.962501017253,38.0458343505859,weighted_sample
5757,-92.5958343505859,38.0458343505859,CMS_200SDA_-9338
5758,-121.754167683919,38.0375010172526,CMS_200SDA_-8834
5759,-116.187501017253,38.0291676839193,weighted_sample
5760,-86.9791676839193,38.0291676839193,weighted_sample
5761,-76.9958343505859,38.0208343505859,weighted_sample
5762,-107.670834350586,38.0125010172526,CMS_200SDA_-10738
5763,-92.5791676839193,38.0125010172526,weighted_sample
5764,-121.670834350586,38.0041676839193,CMS_500_SDA_-10547
5765,-104.629167683919,38.0041676839193,weighted_sample
5766,-75.6875010172526,37.9958343505859,weighted_sample
5767,-98.1208343505859,37.9875010172526,weighted_sample
5768,-91.2125010172526,37.9875010172526,weighted_sample
5769,-121.879167683919,37.9791676839193,weighted_sample
5770,-110.304167683919,37.9791676839193,weighted_sample
5771,-86.5791676839193,37.9791676839193,weighted_sample
5772,-86.0541676839193,37.9791676839193,weighted_sample
5773,-78.6041676839193,37.9791676839193,weighted_sample
5774,-107.737501017253,37.9541676839193,CMS_200SDA_-10935
5775,-100.620834350586,37.9541676839193,weighted_sample
5776,-111.637501017253,37.9458343505859,CMS_200SDA_-8938
5777,-121.979167683919,37.9375010172526,CMS_500_SDA_-11746
5778,-120.237501017253,37.9375010172526,CMS_500_SDA_-10947
5779,-95.0125010172526,37.9375010172526,weighted_sample
5780,-82.7458343505859,37.9208343505859,weighted_sample
5781,-99.1375010172526,37.9125010172526,weighted_sample
5782,-111.837501017253,37.8958343505859,CMS_200SDA_-12341
5783,-119.262501017253,37.8875010172526,weighted_sample
5784,-115.112501017253,37.8875010172526,weighted_sample
5785,-97.120834350586,37.8875010172526,weighted_sample
5786,-109.662501017253,37.8541676839193,weighted_sample
5787,-97.6958343505859,37.8541676839193,CMS_500_SDA_-8228
5788,-112.470834350586,37.8458343505859,weighted_sample
5789,-93.7458343505859,37.8458343505859,weighted_sample
5790,-79.6875010172526,37.8458343505859,weighted_sample
5791,-80.6708343505859,37.8375010172526,weighted_sample
5792,-115.462501017253,37.8291676839193,weighted_sample
5793,-117.795834350586,37.8208343505859,weighted_sample
5794,-98.9125010172526,37.8125010172526,weighted_sample
5795,-83.1375010172526,37.8125010172526,weighted_sample
5796,-120.804167683919,37.8041676839193,weighted_sample
5797,-80.0125010172526,37.8041676839193,weighted_sample
5798,-77.7791676839193,37.8041676839193,weighted_sample
5799,-119.612501017253,37.7958343505859,weighted_sample
5800,-110.254167683919,37.7875010172526,weighted_sample
5801,-113.829167683919,37.7708343505859,weighted_sample
5802,-119.820834350586,37.7625010172526,CMS_500_SDA_-8332
5803,-109.529167683919,37.7625010172526,weighted_sample
5804,-122.070834350586,37.7458343505859,weighted_sample
5805,-78.0125010172526,37.7458343505859,weighted_sample
5806,-111.570834350586,37.7375010172526,CMS_500_SDA_-11339
5807,-82.8458343505859,37.7375010172526,weighted_sample
5808,-108.820834350586,37.7291676839193,weighted_sample
5809,-77.7625010172526,37.7291676839193,weighted_sample
5810,-120.562501017253,37.7208343505859,CMS_500_SDA_-11041
5811,-98.8791676839193,37.7208343505859,weighted_sample
5812,-120.670834350586,37.7041676839193,weighted_sample
5813,-77.2791676839193,37.7041676839193,weighted_sample
5814,-121.137501017253,37.6958343505859,CMS_200SDA_-10443
5815,-116.362501017253,37.6958343505859,weighted_sample
5816,-101.537501017253,37.6958343505859,weighted_sample
5817,-99.8125010172526,37.6875010172526,weighted_sample
5818,-121.529167683919,37.6791676839193,CMS_500_SDA_-8436
5819,-109.754167683919,37.6708343505859,weighted_sample
5820,-86.4958343505859,37.6708343505859,CMS_500_SDA_-9432
5821,-119.920834350586,37.6625010172526,weighted_sample
5822,-112.854167683919,37.6625010172526,CMS_200SDA_-9342
5823,-80.8375010172526,37.6625010172526,weighted_sample
5824,-109.220834350586,37.6541676839193,CMS_500_SDA_-11440
5825,-108.054167683919,37.6458343505859,weighted_sample
5826,-91.8375010172526,37.6458343505859,CMS_500_SDA_-10646
5827,-82.7208343505859,37.6458343505859,weighted_sample
5828,-111.479167683919,37.6375010172526,weighted_sample
5829,-101.145834350586,37.6291676839193,weighted_sample
5830,-112.762501017253,37.6208343505859,weighted_sample
5831,-98.8625010172526,37.6125010172526,weighted_sample
5832,-91.9208343505859,37.6041676839193,weighted_sample
5833,-89.4125010172526,37.6041676839193,weighted_sample
5834,-101.070834350586,37.5958343505859,CMS_500_SDA_-8635
5835,-100.812501017253,37.5791676839193,weighted_sample
5836,-97.7208343505859,37.5791676839193,weighted_sample
5837,-107.037501017253,37.5708343505859,weighted_sample
5838,-99.8958343505859,37.5625010172526,weighted_sample
5839,-81.2375010172526,37.5625010172526,weighted_sample
5840,-117.529167683919,37.5541676839193,weighted_sample
5841,-110.979167683919,37.5541676839193,CMS_200SDA_-11041
5842,-89.0458343505859,37.5541676839193,weighted_sample
5843,-83.3541676839193,37.5541676839193,weighted_sample
5844,-109.537501017253,37.5458343505859,CMS_500_SDA_-9847
5845,-79.3625010172526,37.5458343505859,CMS_500_SDA_-9144
5846,-98.4375010172526,37.5291676839193,weighted_sample
5847,-109.745834350586,37.5208343505859,CMS_500_SDA_-9046
5848,-96.8541676839193,37.5208343505859,CMS_200SDA_-10732
5849,-92.5791676839193,37.5208343505859,CMS_200SDA_-8644
5850,-80.0625010172526,37.5125010172526,weighted_sample
5851,-78.1875010172526,37.5125010172526,weighted_sample
5852,-107.295834350586,37.5041676839193,CMS_200SDA_-9827
5853,-104.012501017253,37.5041676839193,weighted_sample
5854,-77.8708343505859,37.4958343505859,weighted_sample
5855,-104.220834350586,37.4875010172526,weighted_sample
5856,-97.3208343505859,37.4791676839193,weighted_sample
5857,-108.287501017253,37.4708343505859,weighted_sample
5858,-107.837501017253,37.4708343505859,weighted_sample
5859,-107.262501017253,37.4708343505859,weighted_sample
5860,-103.870834350586,37.4708343505859,CMS_200SDA_-9448
5861,-100.379167683919,37.4625010172526,weighted_sample
5862,-94.7875010172526,37.4625010172526,weighted_sample
5863,-111.729167683919,37.4541676839193,CMS_500_SDA_-8841
5864,-101.637501017253,37.4541676839193,weighted_sample
5865,-111.004167683919,37.4458343505859,CMS_500_SDA_-8443
5866,-104.729167683919,37.4458343505859,weighted_sample
5867,-92.0125010172526,37.4375010172526,weighted_sample
5868,-75.9291676839193,37.4291676839193,weighted_sample
5869,-106.079167683919,37.4208343505859,weighted_sample
5870,-85.0291676839193,37.4208343505859,weighted_sample
5871,-82.8375010172526,37.4208343505859,weighted_sample
5872,-122.220834350586,37.4041676839193,CMS_500_SDA_-10935
5873,-109.937501017253,37.4041676839193,weighted_sample
5874,-109.920834350586,37.3958343505859,weighted_sample
5875,-94.9041676839193,37.3958343505859,weighted_sample
5876,-80.5208343505859,37.3791676839193,CMS_500_SDA_-8241
5877,-119.662501017253,37.3625010172526,weighted_sample
5878,-105.062501017253,37.3625010172526,weighted_sample
5879,-83.5625010172526,37.3625010172526,weighted_sample
5880,-81.3875010172526,37.3625010172526,CMS_500_SDA_-9646
5881,-121.504167683919,37.3541676839193,weighted_sample
5882,-101.362501017253,37.3541676839193,weighted_sample
5883,-77.2041676839193,37.3375010172526,CMS_500_SDA_-8536
5884,-120.862501017253,37.3291676839193,weighted_sample
5885,-78.0375010172526,37.3291676839193,weighted_sample
5886,-120.295834350586,37.3041676839193,weighted_sample
5887,-103.029167683919,37.3041676839193,CMS_500_SDA_-7639
5888,-120.320834350586,37.2791676839193,weighted_sample
5889,-114.337501017253,37.2791676839193,weighted_sample
5890,-109.537501017253,37.2791676839193,CMS_500_SDA_-10430
5891,-121.020834350586,37.2708343505859,weighted_sample
5892,-101.870834350586,37.2625010172526,weighted_sample
5893,-115.254167683919,37.2375010172526,weighted_sample
5894,-117.379167683919,37.2291676839193,weighted_sample
5895,-99.3291676839193,37.2291676839193,weighted_sample
5896,-114.295834350586,37.2208343505859,CMS_500_SDA_-10132
5897,-102.479167683919,37.2208343505859,weighted_sample
5898,-100.587501017253,37.2125010172526,weighted_sample
5899,-99.3375010172526,37.2125010172526,CMS_500_SDA_-9247
5900,-97.0958343505859,37.2125010172526,weighted_sample
5901,-98.7375010172526,37.2041676839193,weighted_sample
5902,-111.129167683919,37.1875010172526,CMS_500_SDA_-8832
5903,-105.037501017253,37.1875010172526,weighted_sample
5904,-101.020834350586,37.1625010172526,weighted_sample
5905,-82.9375010172526,37.1625010172526,CMS_200SDA_-7741
5906,-92.5541676839193,37.1541676839193,weighted_sample
5907,-111.595834350586,37.1375010172526,CMS_500_SDA_-8336
5908,-119.737501017253,37.1291676839193,weighted_sample
5909,-95.4125010172526,37.1291676839193,weighted_sample
5910,-82.8625010172526,37.1291676839193,weighted_sample
5911,-81.2125010172526,37.1291676839193,CMS_500_SDA_-11538
5912,-118.954167683919,37.1208343505859,weighted_sample
5913,-110.112501017253,37.1208343505859,weighted_sample
5914,-91.5291676839193,37.1208343505859,CMS_200SDA_-11243
5915,-79.5125010172526,37.1208343505859,weighted_sample
5916,-119.729167683919,37.1125010172526,CMS_500_SDA_-11446
5917,-110.887501017253,37.0958343505859,weighted_sample
5918,-110.187501017253,37.0958343505859,CMS_200SDA_-11342
5919,-112.370834350586,37.0875010172526,weighted_sample
5920,-119.195834350586,37.0708343505859,CMS_500_SDA_-11636
5921,-96.9708343505859,37.0708343505859,weighted_sample
5922,-99.0125010172526,37.0625010172526,weighted_sample
5923,-90.4791676839193,37.0541676839193,weighted_sample
5924,-99.5958343505859,37.0458343505859,weighted_sample
5925,-81.3291676839193,37.0458343505859,CMS_500_SDA_-8237
5926,-119.262501017253,37.0375010172526,CMS_500_SDA_-9039
5927,-98.2958343505859,37.0375010172526,weighted_sample
5928,-83.9458343505859,37.0375010172526,weighted_sample
5929,-115.979167683919,37.0208343505859,weighted_sample
5930,-99.3375010172526,37.0208343505859,CMS_500_SDA_-7938
5931,-86.8875010172526,37.0208343505859,weighted_sample
5932,-85.0791676839193,37.0208343505859,CMS_500_SDA_-11244
5933,-122.070834350586,37.0125010172526,CMS_500_SDA_-9845
5934,-119.004167683919,37.0041676839193,CMS_500_SDA_-8229
5935,-114.604167683919,36.9958343505859,weighted_sample
5936,-120.654167683919,36.9708343505859,weighted_sample
5937,-76.5291676839193,36.9708343505859,weighted_sample
5938,-101.120834350586,36.9625010172526,weighted_sample
5939,-95.6375010172526,36.9625010172526,weighted_sample
5940,-83.5208343505859,36.9625010172526,CMS_200SDA_-8235
5941,-95.5541676839193,36.9541676839193,weighted_sample
5942,-120.104167683919,36.9458343505859,CMS_500_SDA_-11946
5943,-105.554167683919,36.9458343505859,weighted_sample
5944,-119.029167683919,36.9375010172526,weighted_sample
5945,-108.995834350586,36.9375010172526,CMS_500_SDA_-11335
5946,-91.0208343505859,36.9375010172526,weighted_sample
5947,-96.6791676839193,36.9291676839193,CMS_500_SDA_-11745
5948,-113.662501017253,36.9208343505859,weighted_sample
5949,-98.5125010172526,36.9125010172526,weighted_sample
5950,-116.145834350586,36.8958343505859,weighted_sample
5951,-86.7125010172526,36.8958343505859,CMS_200SDA_-10339
5952,-110.970834350586,36.8875010172526,weighted_sample
5953,-87.6708343505859,36.8875010172526,CMS_200SDA_-10946
5954,-88.0541676839193,36.8791676839193,weighted_sample
5955,-86.5291676839193,36.8541676839193,CMS_500_SDA_-11343
5956,-111.404167683919,36.8458343505859,weighted_sample
5957,-80.8375010172526,36.8458343505859,weighted_sample
5958,-121.729167683919,36.8375010172526,CMS_500_SDA_-9035
5959,-88.045834350586,36.8375010172526,weighted_sample
5960,-87.8875010172526,36.8375010172526,weighted_sample
5961,-120.137501017253,36.8291676839193,CMS_200SDA_-10833
5962,-77.6375010172526,36.8291676839193,weighted_sample
5963,-97.820834350586,36.8208343505859,CMS_200SDA_-11442
5964,-97.5458343505859,36.8125010172526,CMS_500_SDA_-11845
5965,-83.8875010172526,36.8041676839193,weighted_sample
5966,-84.8291676839193,36.7958343505859,weighted_sample
5967,-96.0791676839193,36.7791676839193,weighted_sample
5968,-84.0875010172526,36.7791676839193,weighted_sample
5969,-109.312501017253,36.7708343505859,CMS_500_SDA_-11141
5970,-97.9125010172526,36.7708343505859,CMS_200SDA_-11244
5971,-97.1291676839193,36.7708343505859,CMS_200SDA_-10941
5972,-110.254167683919,36.7625010172526,weighted_sample
5973,-84.6625010172526,36.7541676839193,weighted_sample
5974,-90.9375010172526,36.7375010172526,CMS_500_SDA_-8137
5975,-91.5708343505859,36.7291676839193,weighted_sample
5976,-77.3291676839193,36.7291676839193,weighted_sample
5977,-119.554167683919,36.7208343505859,Hawaii
5978,-118.687501017253,36.7041676839193,weighted_sample
5979,-105.520834350586,36.7041676839193,Hawaii
5980,-109.462501017253,36.6958343505859,weighted_sample
5981,-120.495834350586,36.6708343505859,weighted_sample
5982,-97.8375010172526,36.6625010172526,weighted_sample
5983,-86.0875010172526,36.6625010172526,Hawaii
5984,-111.262501017253,36.6541676839193,weighted_sample
5985,-90.2791676839193,36.6541676839193,weighted_sample
5986,-105.595834350586,36.6458343505859,weighted_sample
5987,-99.5958343505859,36.6375010172526,Hawaii
5988,-90.8291676839193,36.6375010172526,weighted_sample
5989,-88.7375010172526,36.6375010172526,weighted_sample
5990,-85.5125010172526,36.6375010172526,weighted_sample
5991,-81.9041676839193,36.6375010172526,FIA_Tree_Core_CN_431917370489998
5992,-109.237501017253,36.6125010172526,FIA_Tree_Core_CN_431917767489998
5993,-102.562501017253,36.6125010172526,weighted_sample
5994,-79.5208343505859,36.6125010172526,weighted_sample
5995,-120.329167683919,36.6041676839193,weighted_sample
5996,-112.545834350586,36.6041676839193,FIA_Tree_Core_CN_3627700010690
5997,-97.4875010172526,36.6041676839193,FIA_Tree_Core_CN_3627772010690
5998,-88.3625010172526,36.6041676839193,weighted_sample
5999,-120.079167683919,36.5958343505859,weighted_sample
6000,-107.954167683919,36.5958343505859,weighted_sample
6001,-96.8208343505859,36.5875010172526,FIA_Tree_Core_CN_188757589020004
6002,-98.8458343505859,36.5791676839193,FIA_Tree_Core_CN_2484434010690
6003,-76.8041676839193,36.5625010172526,weighted_sample
6004,-112.845834350586,36.5541676839193,weighted_sample
6005,-106.279167683919,36.5541676839193,weighted_sample
6006,-87.8458343505859,36.5541676839193,FIA_Tree_Core_CN_355078126489998
6007,-112.120834350586,36.5458343505859,weighted_sample
6008,-90.4708343505859,36.5458343505859,weighted_sample
6009,-88.6375010172526,36.5375010172526,FIA_Tree_Core_CN_2595656010690
6010,-112.745834350586,36.5208343505859,FIA_Tree_Core_CN_2692363010690
6011,-111.212501017253,36.5208343505859,weighted_sample
6012,-90.070834350586,36.5208343505859,weighted_sample
6013,-89.8291676839193,36.5208343505859,weighted_sample
6014,-85.6125010172526,36.5208343505859,FIA_Tree_Core_CN_3018702010690
6015,-88.0791676839193,36.5125010172526,FIA_Tree_Core_CN_3019370010690
6016,-76.4791676839193,36.5125010172526,weighted_sample
6017,-113.112501017253,36.5041676839193,weighted_sample
6018,-107.729167683919,36.5041676839193,weighted_sample
6019,-105.112501017253,36.5041676839193,weighted_sample
6020,-110.195834350586,36.4958343505859,FIA_Tree_Core_CN_2989567010690
6021,-93.195834350586,36.4791676839193,weighted_sample
6022,-88.5458343505859,36.4791676839193,weighted_sample
6023,-92.570834350586,36.4708343505859,weighted_sample
6024,-89.8458343505859,36.4708343505859,weighted_sample
6025,-88.6875010172526,36.4708343505859,weighted_sample
6026,-86.6791676839193,36.4708343505859,FIA_Tree_Core_CN_3044959010690
6027,-118.612501017253,36.4541676839193,weighted_sample
6028,-79.1041676839193,36.4541676839193,weighted_sample
6029,-76.7958343505859,36.4375010172526,weighted_sample
6030,-99.4208343505859,36.4291676839193,FIA_Tree_Core_CN_2982193010690
6031,-90.6875010172526,36.4041676839193,weighted_sample
6032,-78.7625010172526,36.3958343505859,weighted_sample
6033,-120.237501017253,36.3625010172526,weighted_sample
6034,-98.3958343505859,36.3625010172526,weighted_sample
6035,-119.845834350586,36.3541676839193,FIA_Tree_Core_CN_2952918010690
6036,-88.3041676839193,36.3541676839193,weighted_sample
6037,-87.5541676839193,36.3541676839193,weighted_sample
6038,-87.1375010172526,36.3541676839193,weighted_sample
6039,-92.9291676839193,36.3458343505859,weighted_sample
6040,-97.1458343505859,36.3291676839193,weighted_sample
6041,-76.2541676839193,36.3291676839193,weighted_sample
6042,-103.029167683919,36.3208343505859,weighted_sample
6043,-93.8791676839193,36.3208343505859,weighted_sample
6044,-97.9291676839193,36.3125010172526,FIA_Tree_Core_CN_2997255010690
6045,-97.7375010172526,36.3041676839193,weighted_sample
6046,-99.9625010172526,36.2958343505859,weighted_sample
6047,-89.8958343505859,36.2958343505859,weighted_sample
6048,-119.437501017253,36.2875010172526,weighted_sample
6049,-91.4291676839193,36.2875010172526,weighted_sample
6050,-109.020834350586,36.2791676839193,weighted_sample
6051,-111.154167683919,36.2708343505859,weighted_sample
6052,-97.9958343505859,36.2708343505859,weighted_sample
6053,-92.6958343505859,36.2708343505859,weighted_sample
6054,-100.770834350586,36.2625010172526,weighted_sample
6055,-76.3208343505859,36.2625010172526,weighted_sample
6056,-119.370834350586,36.2541676839193,FIA_Tree_Core_CN_2959855010690
6057,-121.162501017253,36.2458343505859,weighted_sample
6058,-119.920834350586,36.2375010172526,FIA_Tree_Core_CN_356009187489998
6059,-96.8291676839193,36.2375010172526,weighted_sample
6060,-84.9291676839193,36.2375010172526,weighted_sample
6061,-109.595834350586,36.2291676839193,weighted_sample
6062,-99.5875010172526,36.2208343505859,weighted_sample
6063,-79.1041676839193,36.1958343505859,weighted_sample
6064,-117.529167683919,36.1875010172526,weighted_sample
6065,-120.204167683919,36.1791676839193,FIA_Tree_Core_CN_352143442489998
6066,-120.204167683919,36.1708343505859,FIA_Tree_Core_CN_40399032010690
6067,-93.0958343505859,36.1708343505859,weighted_sample
6068,-105.420834350586,36.1625010172526,weighted_sample
6069,-114.595834350586,36.1541676839193,weighted_sample
6070,-82.9625010172526,36.1375010172526,weighted_sample
6071,-107.504167683919,36.1208343505859,weighted_sample
6072,-112.529167683919,36.1125010172526,FIA_Tree_Core_CN_2890760010690
6073,-100.962501017253,36.1125010172526,weighted_sample
6074,-112.962501017253,36.0875010172526,weighted_sample
6075,-85.8958343505859,36.0791676839193,weighted_sample
6076,-120.704167683919,36.0625010172526,weighted_sample
6077,-99.7291676839193,36.0541676839193,weighted_sample
6078,-100.579167683919,36.0458343505859,weighted_sample
6079,-86.1625010172526,36.0458343505859,weighted_sample
6080,-99.4375010172526,36.0375010172526,weighted_sample
6081,-95.8791676839193,36.0375010172526,weighted_sample
6082,-82.8041676839193,36.0208343505859,weighted_sample
6083,-102.012501017253,36.0125010172526,weighted_sample
6084,-90.2041676839193,36.0125010172526,weighted_sample
6085,-80.7625010172526,36.0125010172526,weighted_sample
6086,-119.920834350586,35.9958343505859,FIA_Tree_Core_CN_2870286010690
6087,-102.345834350586,35.9958343505859,weighted_sample
6088,-121.187501017253,35.9875010172526,weighted_sample
6089,-84.5458343505859,35.9791676839193,weighted_sample
6090,-79.0958343505859,35.9791676839193,FIA_Tree_Core_CN_2860315010690
6091,-105.737501017253,35.9708343505859,weighted_sample
6092,-99.0958343505859,35.9708343505859,weighted_sample
6093,-93.4291676839193,35.9708343505859,weighted_sample
6094,-92.7458343505859,35.9708343505859,FIA_Tree_Core_CN_40406843010690
6095,-79.1041676839193,35.9708343505859,FIA_Tree_Core_CN_40422646010690
6096,-79.0958343505859,35.9708343505859,FIA_Tree_Core_CN_40422775010690
6097,-88.2958343505859,35.9625010172526,weighted_sample
6098,-84.2875010172526,35.9625010172526,FIA_Tree_Core_CN_40421129010690
6099,-84.2791676839193,35.9625010172526,soil_core_alaska
6100,-102.237501017253,35.9541676839193,weighted_sample
6101,-99.0291676839193,35.9458343505859,weighted_sample
6102,-116.395834350586,35.9291676839193,weighted_sample
6103,-102.087501017253,35.9291676839193,weighted_sample
6104,-84.3291676839193,35.9291676839193,soil_core_alaska
6105,-77.3708343505859,35.9291676839193,weighted_sample
6106,-106.612501017253,35.9208343505859,soil_core_alaska
6107,-76.1458343505859,35.9208343505859,soil_core_alaska
6108,-119.362501017253,35.9041676839193,weighted_sample
6109,-113.662501017253,35.9041676839193,weighted_sample
6110,-77.7208343505859,35.9041676839193,weighted_sample
6111,-97.9125010172526,35.8958343505859,weighted_sample
6112,-106.529167683919,35.8875010172526,soil_core_alaska
6113,-90.4708343505859,35.8875010172526,weighted_sample
6114,-106.479167683919,35.8791676839193,soil_core_alaska
6115,-106.595834350586,35.8625010172526,soil_core_alaska
6116,-85.3625010172526,35.8541676839193,weighted_sample
6117,-113.462501017253,35.8458343505859,weighted_sample
6118,-90.1041676839193,35.8375010172526,weighted_sample
6119,-76.8458343505859,35.8375010172526,weighted_sample
6120,-118.629167683919,35.8125010172526,weighted_sample
6121,-76.7125010172526,35.8125010172526,soil_core_alaska
6122,-76.6708343505859,35.8041676839193,soil_core_alaska
6123,-102.345834350586,35.7958343505859,soil_core_alaska
6124,-81.7041676839193,35.7958343505859,soil_core_alaska
6125,-78.2208343505859,35.7958343505859,weighted_sample
6126,-76.6541676839193,35.7958343505859,soil_core_alaska
6127,-93.0875010172526,35.7875010172526,soil_core_alaska
6128,-92.8708343505859,35.7875010172526,weighted_sample
6129,-75.9041676839193,35.7875010172526,soil_core_alaska
6130,-113.295834350586,35.7791676839193,weighted_sample
6131,-85.0458343505859,35.7791676839193,weighted_sample
6132,-109.287501017253,35.7708343505859,weighted_sample
6133,-109.570834350586,35.7541676839193,weighted_sample
6134,-82.8625010172526,35.7458343505859,soil_core_alaska
6135,-110.262501017253,35.7291676839193,weighted_sample
6136,-76.3625010172526,35.7291676839193,weighted_sample
6137,-98.2958343505859,35.7208343505859,weighted_sample
6138,-92.4375010172526,35.7208343505859,weighted_sample
6139,-108.704167683919,35.7041676839193,weighted_sample
6140,-92.9541676839193,35.6958343505859,weighted_sample
6141,-83.5041676839193,35.6875010172526,soil_core_alaska
6142,-91.2625010172526,35.6791676839193,weighted_sample
6143,-115.404167683919,35.6708343505859,weighted_sample
6144,-110.079167683919,35.6708343505859,soil_core_alaska
6145,-91.8458343505859,35.6708343505859,weighted_sample
6146,-105.545834350586,35.6541676839193,soil_core_alaska
6147,-115.537501017253,35.6458343505859,soil_core_alaska
6148,-104.937501017253,35.6458343505859,soil_core_alaska
6149,-93.9625010172526,35.6458343505859,weighted_sample
6150,-85.3625010172526,35.6458343505859,weighted_sample
6151,-95.0875010172526,35.6375010172526,weighted_sample
6152,-92.0625010172526,35.6375010172526,weighted_sample
6153,-112.529167683919,35.6125010172526,weighted_sample
6154,-76.6875010172526,35.6125010172526,weighted_sample
6155,-114.054167683919,35.6041676839193,weighted_sample
6156,-79.0625010172526,35.6041676839193,weighted_sample
6157,-91.2458343505859,35.5958343505859,weighted_sample
6158,-85.3875010172526,35.5875010172526,soil_core_alaska
6159,-84.3791676839193,35.5791676839193,soil_core_alaska
6160,-119.279167683919,35.5625010172526,weighted_sample
6161,-87.7791676839193,35.5541676839193,weighted_sample
6162,-78.2625010172526,35.5541676839193,weighted_sample
6163,-98.0375010172526,35.5458343505859,soil_core_alaska
6164,-90.9375010172526,35.5375010172526,weighted_sample
6165,-83.2541676839193,35.5375010172526,soil_core_alaska
6166,-112.287501017253,35.5291676839193,weighted_sample
6167,-98.3958343505859,35.5291676839193,weighted_sample
6168,-91.7541676839193,35.5208343505859,weighted_sample
6169,-98.3958343505859,35.5125010172526,weighted_sample
6170,-109.187501017253,35.5041676839193,weighted_sample
6171,-103.204167683919,35.4875010172526,soil_core_alaska
6172,-118.145834350586,35.4791676839193,weighted_sample
6173,-102.170834350586,35.4791676839193,weighted_sample
6174,-120.295834350586,35.4708343505859,weighted_sample
6175,-113.879167683919,35.4625010172526,weighted_sample
6176,-85.6791676839193,35.4541676839193,soil_core_alaska
6177,-111.770834350586,35.4458343505859,soil_core_alaska
6178,-97.9125010172526,35.4375010172526,weighted_sample
6179,-95.7541676839193,35.4375010172526,soil_core_alaska
6180,-76.9458343505859,35.4291676839193,weighted_sample
6181,-95.0291676839193,35.4208343505859,weighted_sample
6182,-76.6291676839193,35.4208343505859,weighted_sample
6183,-99.0625010172526,35.4125010172526,soil_core_alaska
6184,-108.295834350586,35.4041676839193,weighted_sample
6185,-99.5375010172526,35.4041676839193,weighted_sample
6186,-84.2541676839193,35.3958343505859,weighted_sample
6187,-103.545834350586,35.3875010172526,soil_core_alaska
6188,-102.437501017253,35.3875010172526,weighted_sample
6189,-86.5291676839193,35.3791676839193,soil_core_alaska
6190,-79.5375010172526,35.3791676839193,weighted_sample
6191,-110.779167683919,35.3708343505859,weighted_sample
6192,-92.4708343505859,35.3708343505859,soil_core_alaska
6193,-118.045834350586,35.3541676839193,weighted_sample
6194,-108.837501017253,35.3458343505859,soil_core_alaska
6195,-118.845834350586,35.3375010172526,weighted_sample
6196,-96.5791676839193,35.3291676839193,weighted_sample
6197,-95.9208343505859,35.3208343505859,weighted_sample
6198,-98.6041676839193,35.3125010172526,weighted_sample
6199,-78.9291676839193,35.3125010172526,weighted_sample
6200,-83.9291676839193,35.2958343505859,weighted_sample
6201,-115.479167683919,35.2875010172526,weighted_sample
6202,-109.045834350586,35.2875010172526,soil_core_alaska
6203,-102.812501017253,35.2875010172526,weighted_sample
6204,-100.604167683919,35.2875010172526,soil_core_alaska
6205,-112.095834350586,35.2791676839193,weighted_sample
6206,-82.3708343505859,35.2708343505859,soil_core_alaska
6207,-83.8125010172526,35.2625010172526,soil_core_alaska
6208,-113.362501017253,35.2541676839193,weighted_sample
6209,-95.9125010172526,35.2541676839193,weighted_sample
6210,-79.8708343505859,35.2541676839193,weighted_sample
6211,-112.204167683919,35.2458343505859,soil_core_alaska
6212,-111.937501017253,35.2458343505859,weighted_sample
6213,-109.312501017253,35.2458343505859,soil_core_alaska
6214,-107.579167683919,35.2208343505859,weighted_sample
6215,-101.962501017253,35.2125010172526,weighted_sample
6216,-119.704167683919,35.2041676839193,soil_core_alaska
6217,-114.587501017253,35.2041676839193,soil_core_alaska
6218,-101.204167683919,35.2041676839193,weighted_sample
6219,-95.0291676839193,35.2041676839193,weighted_sample
6220,-119.612501017253,35.1958343505859,weighted_sample
6221,-115.429167683919,35.1958343505859,soil_core_alaska
6222,-98.4291676839193,35.1958343505859,weighted_sample
6223,-107.212501017253,35.1875010172526,weighted_sample
6224,-85.3708343505859,35.1791676839193,weighted_sample
6225,-85.0541676839193,35.1791676839193,weighted_sample
6226,-78.2958343505859,35.1791676839193,weighted_sample
6227,-110.154167683919,35.1625010172526,weighted_sample
6228,-117.904167683919,35.1458343505859,weighted_sample
6229,-111.729167683919,35.1458343505859,soil_core_alaska
6230,-116.987501017253,35.1291676839193,weighted_sample
6231,-108.320834350586,35.1208343505859,soil_core_alaska
6232,-111.595834350586,35.1125010172526,weighted_sample
6233,-83.6041676839193,35.1125010172526,soil_core_alaska
6234,-84.2875010172526,35.1041676839193,weighted_sample
6235,-111.762501017253,35.0875010172526,soil_core_alaska
6236,-88.7708343505859,35.0875010172526,weighted_sample
6237,-83.4291676839193,35.0625010172526,soil_core_alaska
6238,-77.0958343505859,35.0625010172526,soil_core_alaska
6239,-105.587501017253,35.0541676839193,weighted_sample
6240,-103.387501017253,35.0458343505859,soil_core_alaska
6241,-113.629167683919,35.0375010172526,weighted_sample
6242,-89.0958343505859,35.0375010172526,weighted_sample
6243,-118.220834350586,35.0208343505859,weighted_sample
6244,-117.620834350586,35.0208343505859,weighted_sample
6245,-102.520834350586,35.0208343505859,weighted_sample
6246,-77.3625010172526,35.0125010172526,weighted_sample
6247,-118.845834350586,35.0041676839193,weighted_sample
6248,-118.795834350586,35.0041676839193,weighted_sample
6249,-101.154167683919,35.0041676839193,weighted_sample
6250,-86.9791676839193,35.0041676839193,soil_core_alaska
6251,-83.4958343505859,34.9958343505859,soil_core_alaska
6252,-79.8375010172526,34.9958343505859,weighted_sample
6253,-77.5958343505859,34.9958343505859,weighted_sample
6254,-102.512501017253,34.9875010172526,weighted_sample
6255,-89.6208343505859,34.9791676839193,soil_core_alaska
6256,-81.0375010172526,34.9791676839193,weighted_sample
6257,-97.9791676839193,34.9625010172526,soil_core_alaska
6258,-117.262501017253,34.9541676839193,weighted_sample
6259,-89.0958343505859,34.9541676839193,weighted_sample
6260,-88.9375010172526,34.9541676839193,weighted_sample
6261,-96.5041676839193,34.9458343505859,weighted_sample
6262,-94.7041676839193,34.9458343505859,weighted_sample
6263,-115.054167683919,34.9291676839193,weighted_sample
6264,-102.212501017253,34.9291676839193,weighted_sample
6265,-86.3291676839193,34.9291676839193,weighted_sample
6266,-92.4958343505859,34.9208343505859,soil_core_alaska
6267,-109.862501017253,34.9125010172526,weighted_sample
6268,-97.7958343505859,34.9125010172526,weighted_sample
6269,-83.0041676839193,34.9125010172526,weighted_sample
6270,-109.787501017253,34.9041676839193,weighted_sample
6271,-88.1541676839193,34.9041676839193,weighted_sample
6272,-111.754167683919,34.8875010172526,weighted_sample
6273,-84.6458343505859,34.8708343505859,weighted_sample
6274,-79.9041676839193,34.8708343505859,weighted_sample
6275,-82.9875010172526,34.8625010172526,weighted_sample
6276,-76.9541676839193,34.8625010172526,weighted_sample
6277,-107.779167683919,34.8541676839193,weighted_sample
6278,-93.2041676839193,34.8541676839193,weighted_sample
6279,-100.895834350586,34.8375010172526,weighted_sample
6280,-78.3625010172526,34.8375010172526,weighted_sample
6281,-76.8041676839193,34.8375010172526,weighted_sample
6282,-119.120834350586,34.8291676839193,weighted_sample
6283,-100.254167683919,34.8208343505859,weighted_sample
6284,-114.337501017253,34.8125010172526,weighted_sample
6285,-100.620834350586,34.8125010172526,weighted_sample
6286,-80.8375010172526,34.8041676839193,weighted_sample
6287,-96.5625010172526,34.7875010172526,weighted_sample
6288,-117.329167683919,34.7791676839193,weighted_sample
6289,-85.2791676839193,34.7791676839193,soil_core_alaska
6290,-111.395834350586,34.7625010172526,weighted_sample
6291,-110.645834350586,34.7625010172526,soil_core_alaska
6292,-103.812501017253,34.7625010172526,weighted_sample
6293,-102.170834350586,34.7625010172526,weighted_sample
6294,-104.462501017253,34.7541676839193,soil_core_alaska
6295,-90.8708343505859,34.7541676839193,soil_core_alaska
6296,-111.495834350586,34.7458343505859,weighted_sample
6297,-109.287501017253,34.7458343505859,weighted_sample
6298,-102.362501017253,34.7458343505859,soil_core_alaska
6299,-86.4875010172526,34.7458343505859,soil_core_alaska
6300,-94.4291676839193,34.7375010172526,weighted_sample
6301,-102.345834350586,34.7291676839193,weighted_sample
6302,-98.445834350586,34.7291676839193,soil_core_alaska
6303,-113.370834350586,34.7208343505859,weighted_sample
6304,-112.570834350586,34.7208343505859,weighted_sample
6305,-112.095834350586,34.7041676839193,weighted_sample
6306,-117.287501017253,34.6958343505859,weighted_sample
6307,-80.8458343505859,34.6958343505859,weighted_sample
6308,-102.395834350586,34.6875010172526,weighted_sample
6309,-81.4458343505859,34.6708343505859,weighted_sample
6310,-113.454167683919,34.6458343505859,soil_core_alaska
6311,-99.5791676839193,34.6458343505859,weighted_sample
6312,-83.7041676839193,34.6458343505859,weighted_sample
6313,-83.3791676839193,34.6291676839193,weighted_sample
6314,-118.920834350586,34.6208343505859,weighted_sample
6315,-118.604167683919,34.6208343505859,weighted_sample
6316,-85.8208343505859,34.6208343505859,weighted_sample
6317,-96.945834350586,34.6125010172526,soil_core_alaska
6318,-77.6291676839193,34.6125010172526,weighted_sample
6319,-81.7791676839193,34.6041676839193,soil_core_alaska
6320,-117.729167683919,34.5958343505859,weighted_sample
6321,-82.2125010172526,34.5958343505859,weighted_sample
6322,-91.7541676839193,34.5875010172526,soil_core_alaska
6323,-88.0875010172526,34.5875010172526,soil_core_alaska
6324,-111.912501017253,34.5791676839193,soil_core_alaska
6325,-83.9208343505859,34.5708343505859,weighted_sample
6326,-80.6041676839193,34.5708343505859,weighted_sample
6327,-81.3541676839193,34.5625010172526,weighted_sample
6328,-118.695834350586,34.5541676839193,weighted_sample
6329,-118.829167683919,34.5458343505859,weighted_sample
6330,-95.7625010172526,34.5458343505859,weighted_sample
6331,-108.070834350586,34.5375010172526,weighted_sample
6332,-96.4375010172526,34.5375010172526,weighted_sample
6333,-110.779167683919,34.5291676839193,weighted_sample
6334,-97.3625010172526,34.5291676839193,weighted_sample
6335,-102.537501017253,34.5208343505859,weighted_sample
6336,-99.3291676839193,34.5208343505859,weighted_sample
6337,-99.4291676839193,34.5041676839193,weighted_sample
6338,-119.712501017253,34.4958343505859,weighted_sample
6339,-99.1041676839193,34.4875010172526,weighted_sample
6340,-111.445834350586,34.4791676839193,weighted_sample
6341,-88.9375010172526,34.4791676839193,weighted_sample
6342,-111.820834350586,34.4541676839193,soil_core_alaska
6343,-88.0291676839193,34.4541676839193,soil_core_alaska
6344,-111.770834350586,34.4375010172526,weighted_sample
6345,-110.679167683919,34.4375010172526,weighted_sample
6346,-106.237501017253,34.4375010172526,soil_core_alaska
6347,-84.1708343505859,34.4375010172526,weighted_sample
6348,-111.054167683919,34.4291676839193,weighted_sample
6349,-105.862501017253,34.4291676839193,soil_core_alaska
6350,-113.770834350586,34.4125010172526,weighted_sample
6351,-91.6708343505859,34.4125010172526,soil_core_alaska
6352,-80.5041676839193,34.4125010172526,weighted_sample
6353,-105.312501017253,34.4041676839193,weighted_sample
6354,-86.170834350586,34.4041676839193,weighted_sample
6355,-106.520834350586,34.3958343505859,soil_core_alaska
6356,-102.045834350586,34.3958343505859,weighted_sample
6357,-87.4458343505859,34.3875010172526,weighted_sample
6358,-101.812501017253,34.3708343505859,soil_core_alaska
6359,-95.0208343505859,34.3708343505859,weighted_sample
6360,-92.4291676839193,34.3708343505859,weighted_sample
6361,-106.704167683919,34.3625010172526,soil_core_alaska
6362,-111.370834350586,34.3541676839193,weighted_sample
6363,-101.545834350586,34.3458343505859,weighted_sample
6364,-111.095834350586,34.3375010172526,weighted_sample
6365,-106.745834350586,34.3375010172526,soil_core_alaska
6366,-87.6125010172526,34.3375010172526,weighted_sample
6367,-99.0875010172526,34.3291676839193,weighted_sample
6368,-95.7125010172526,34.3208343505859,weighted_sample
6369,-89.0291676839193,34.3041676839193,weighted_sample
6370,-87.9875010172526,34.3041676839193,weighted_sample
6371,-105.179167683919,34.2958343505859,weighted_sample
6372,-117.220834350586,34.2875010172526,weighted_sample
6373,-93.9875010172526,34.2708343505859,weighted_sample
6374,-91.8291676839193,34.2625010172526,soil_core_alaska
6375,-89.8708343505859,34.2541676839193,soil_core_alaska
6376,-95.5541676839193,34.2458343505859,weighted_sample
6377,-79.4875010172526,34.2458343505859,weighted_sample
6378,-100.945834350586,34.2375010172526,weighted_sample
6379,-81.1125010172526,34.2375010172526,weighted_sample
6380,-116.512501017253,34.2291676839193,weighted_sample
6381,-102.262501017253,34.2208343505859,weighted_sample
6382,-98.445834350586,34.2125010172526,weighted_sample
6383,-98.8375010172526,34.2041676839193,weighted_sample
6384,-81.3708343505859,34.2041676839193,weighted_sample
6385,-113.420834350586,34.1458343505859,weighted_sample
6386,-99.1125010172526,34.1458343505859,weighted_sample
6387,-85.0541676839193,34.1458343505859,weighted_sample
6388,-92.0375010172526,34.1375010172526,weighted_sample
6389,-81.3541676839193,34.1375010172526,weighted_sample
6390,-116.295834350586,34.1291676839193,weighted_sample
6391,-106.070834350586,34.1291676839193,weighted_sample
6392,-88.4875010172526,34.1291676839193,weighted_sample
6393,-93.3958343505859,34.1041676839193,weighted_sample
6394,-85.445834350586,34.1041676839193,weighted_sample
6395,-111.912501017253,34.0958343505859,weighted_sample
6396,-98.1791676839193,34.0958343505859,weighted_sample
6397,-91.9958343505859,34.0958343505859,weighted_sample
6398,-79.2208343505859,34.0875010172526,soil_core_alaska
6399,-107.595834350586,34.0791676839193,weighted_sample
6400,-112.187501017253,34.0708343505859,soil_core_alaska
6401,-87.1958343505859,34.0708343505859,weighted_sample
6402,-109.637501017253,34.0625010172526,weighted_sample
6403,-88.8291676839193,34.0625010172526,weighted_sample
6404,-116.854167683919,34.0541676839193,weighted_sample
6405,-83.8708343505859,34.0541676839193,weighted_sample
6406,-81.3875010172526,34.0375010172526,weighted_sample
6407,-110.920834350586,34.0208343505859,weighted_sample
6408,-112.379167683919,34.0041676839193,weighted_sample
6409,-111.762501017253,34.0041676839193,soil_core_alaska
6410,-84.9458343505859,33.9958343505859,weighted_sample
6411,-112.587501017253,33.9875010172526,weighted_sample
6412,-102.579167683919,33.9791676839193,weighted_sample
6413,-97.5875010172526,33.9708343505859,weighted_sample
6414,-83.3458343505859,33.9708343505859,weighted_sample
6415,-113.087501017253,33.9625010172526,weighted_sample
6416,-116.079167683919,33.9458343505859,weighted_sample
6417,-93.0458343505859,33.9458343505859,weighted_sample
6418,-81.6291676839193,33.9458343505859,weighted_sample
6419,-92.4541676839193,33.9375010172526,weighted_sample
6420,-93.1375010172526,33.9291676839193,weighted_sample
6421,-89.7291676839193,33.9125010172526,weighted_sample
6422,-107.570834350586,33.9041676839193,weighted_sample
6423,-92.1458343505859,33.8958343505859,weighted_sample
6424,-93.9625010172526,33.8875010172526,weighted_sample
6425,-93.2291676839193,33.8875010172526,weighted_sample
6426,-109.379167683919,33.8791676839193,weighted_sample
6427,-105.862501017253,33.8791676839193,weighted_sample
6428,-81.5541676839193,33.8791676839193,weighted_sample
6429,-114.520834350586,33.8541676839193,weighted_sample
6430,-93.1291676839193,33.8375010172526,weighted_sample
6431,-81.945834350586,33.8208343505859,weighted_sample
6432,-88.195834350586,33.8125010172526,weighted_sample
6433,-81.870834350586,33.8125010172526,weighted_sample
6434,-98.6458343505859,33.8041676839193,weighted_sample
6435,-100.545834350586,33.7958343505859,weighted_sample
6436,-89.6291676839193,33.7875010172526,weighted_sample
6437,-105.920834350586,33.7625010172526,weighted_sample
6438,-100.745834350586,33.7541676839193,weighted_sample
6439,-115.770834350586,33.7458343505859,weighted_sample
6440,-103.954167683919,33.7458343505859,weighted_sample
6441,-117.695834350586,33.7375010172526,soil_core_alaska
6442,-91.4958343505859,33.7291676839193,weighted_sample
6443,-114.237501017253,33.7125010172526,soil_core_alaska
6444,-79.6791676839193,33.6958343505859,weighted_sample
6445,-102.354167683919,33.6791676839193,soil_core_alaska
6446,-100.845834350586,33.6791676839193,soil_core_alaska
6447,-112.837501017253,33.6708343505859,weighted_sample
6448,-106.237501017253,33.6708343505859,weighted_sample
6449,-101.645834350586,33.6708343505859,weighted_sample
6450,-111.662501017253,33.6625010172526,weighted_sample
6451,-93.6291676839193,33.6625010172526,weighted_sample
6452,-117.270834350586,33.6541676839193,weighted_sample
6453,-109.387501017253,33.6541676839193,weighted_sample
6454,-116.420834350586,33.6458343505859,weighted_sample
6455,-102.837501017253,33.6375010172526,weighted_sample
6456,-84.0958343505859,33.6291676839193,weighted_sample
6457,-106.820834350586,33.6208343505859,weighted_sample
6458,-91.4291676839193,33.6208343505859,soil_core_alaska
6459,-116.454167683919,33.6125010172526,soil_core_alaska
6460,-87.8875010172526,33.6125010172526,weighted_sample
6461,-116.454167683919,33.6041676839193,soil_core_alaska
6462,-113.270834350586,33.6041676839193,weighted_sample
6463,-113.245834350586,33.6041676839193,soil_core_alaska
6464,-110.954167683919,33.5875010172526,weighted_sample
6465,-104.704167683919,33.5875010172526,weighted_sample
6466,-99.1541676839193,33.5875010172526,weighted_sample
6467,-105.337501017253,33.5708343505859,weighted_sample
6468,-98.8458343505859,33.5708343505859,weighted_sample
6469,-105.670834350586,33.5625010172526,weighted_sample
6470,-85.8958343505859,33.5541676839193,weighted_sample
6471,-116.720834350586,33.5458343505859,weighted_sample
6472,-85.1791676839193,33.5458343505859,soil_core_alaska
6473,-108.887501017253,33.5375010172526,soil_core_alaska
6474,-99.3208343505859,33.5375010172526,weighted_sample
6475,-114.362501017253,33.5291676839193,weighted_sample
6476,-98.0791676839193,33.5291676839193,weighted_sample
6477,-89.9625010172526,33.4875010172526,soil_core_alaska
6478,-86.0875010172526,33.4791676839193,weighted_sample
6479,-79.7708343505859,33.4791676839193,weighted_sample
6480,-79.2791676839193,33.4791676839193,weighted_sample
6481,-88.8791676839193,33.4625010172526,weighted_sample
6482,-80.8791676839193,33.4625010172526,weighted_sample
6483,-101.679167683919,33.4541676839193,weighted_sample
6484,-82.4458343505859,33.4541676839193,weighted_sample
6485,-109.329167683919,33.4458343505859,soil_core_alaska
6486,-84.7041676839193,33.4458343505859,weighted_sample
6487,-110.262501017253,33.4208343505859,weighted_sample
6488,-83.6625010172526,33.4208343505859,weighted_sample
6489,-103.429167683919,33.4125010172526,soil_core_alaska
6490,-102.104167683919,33.4125010172526,weighted_sample
6491,-97.570834350586,33.4041676839193,soil_core_alaska
6492,-96.6875010172526,33.4041676839193,weighted_sample
6493,-85.7708343505859,33.3958343505859,weighted_sample
6494,-116.637501017253,33.3875010172526,soil_core_alaska
6495,-116.620834350586,33.3791676839193,soil_core_alaska
6496,-81.5625010172526,33.3791676839193,soil_core_alaska
6497,-92.4541676839193,33.3708343505859,weighted_sample
6498,-99.9375010172526,33.3625010172526,soil_core_alaska
6499,-83.7875010172526,33.3625010172526,weighted_sample
6500,-118.379167683919,33.3458343505859,weighted_sample
6501,-116.287501017253,33.3458343505859,weighted_sample
6502,-79.2291676839193,33.3458343505859,soil_core_alaska
6503,-79.195834350586,33.3458343505859,ameriflux
6504,-79.2458343505859,33.3208343505859,ameriflux
6505,-86.5208343505859,33.2958343505859,weighted_sample
6506,-92.6625010172526,33.2875010172526,weighted_sample
6507,-82.4791676839193,33.2875010172526,weighted_sample
6508,-107.529167683919,33.2791676839193,weighted_sample
6509,-100.104167683919,33.2791676839193,ameriflux
6510,-81.6541676839193,33.2791676839193,weighted_sample
6511,-86.0875010172526,33.2708343505859,weighted_sample
6512,-103.845834350586,33.2625010172526,weighted_sample
6513,-89.1541676839193,33.2625010172526,weighted_sample
6514,-82.7875010172526,33.2541676839193,weighted_sample
6515,-110.537501017253,33.2458343505859,weighted_sample
6516,-84.3541676839193,33.2458343505859,ameriflux
6517,-83.9208343505859,33.2458343505859,weighted_sample
6518,-90.9708343505859,33.2375010172526,weighted_sample
6519,-87.4541676839193,33.2291676839193,weighted_sample
6520,-89.2291676839193,33.2125010172526,ameriflux
6521,-79.3708343505859,33.2125010172526,weighted_sample
6522,-103.254167683919,33.2041676839193,weighted_sample
6523,-102.329167683919,33.2041676839193,weighted_sample
6524,-79.2958343505859,33.2041676839193,ameriflux
6525,-89.6708343505859,33.1791676839193,weighted_sample
6526,-81.7291676839193,33.1791676839193,weighted_sample
6527,-107.495834350586,33.1708343505859,weighted_sample
6528,-90.5375010172526,33.1708343505859,weighted_sample
6529,-116.737501017253,33.1625010172526,weighted_sample
6530,-113.437501017253,33.1625010172526,weighted_sample
6531,-111.687501017253,33.1625010172526,weighted_sample
6532,-83.0958343505859,33.1625010172526,weighted_sample
6533,-107.487501017253,33.1541676839193,ameriflux
6534,-83.3791676839193,33.1458343505859,weighted_sample
6535,-84.3791676839193,33.1375010172526,weighted_sample
6536,-82.5291676839193,33.1375010172526,weighted_sample
6537,-88.4625010172526,33.1291676839193,weighted_sample
6538,-84.9708343505859,33.1291676839193,weighted_sample
6539,-112.129167683919,33.1208343505859,ameriflux
6540,-111.079167683919,33.1208343505859,weighted_sample
6541,-106.870834350586,33.1208343505859,ameriflux
6542,-105.645834350586,33.1208343505859,weighted_sample
6543,-85.070834350586,33.1208343505859,weighted_sample
6544,-83.5791676839193,33.1208343505859,weighted_sample
6545,-105.879167683919,33.1041676839193,weighted_sample
6546,-84.4791676839193,33.0875010172526,weighted_sample
6547,-113.262501017253,33.0791676839193,ameriflux
6548,-111.687501017253,33.0791676839193,weighted_sample
6549,-112.570834350586,33.0625010172526,ameriflux
6550,-93.1291676839193,33.0625010172526,weighted_sample
6551,-92.2541676839193,33.0541676839193,weighted_sample
6552,-90.0958343505859,33.0541676839193,weighted_sample
6553,-79.5625010172526,33.0541676839193,weighted_sample
6554,-91.9208343505859,33.0458343505859,ameriflux
6555,-88.8125010172526,33.0458343505859,ameriflux
6556,-98.2541676839193,33.0375010172526,weighted_sample
6557,-108.712501017253,33.0291676839193,weighted_sample
6558,-106.804167683919,33.0291676839193,weighted_sample
6559,-103.454167683919,33.0208343505859,weighted_sample
6560,-99.8125010172526,33.0208343505859,ameriflux
6561,-112.604167683919,33.0041676839193,weighted_sample
6562,-86.0875010172526,33.0041676839193,weighted_sample
6563,-112.037501017253,32.9958343505859,weighted_sample
6564,-110.120834350586,32.9875010172526,weighted_sample
6565,-102.520834350586,32.9541676839193,weighted_sample
6566,-94.1708343505859,32.9541676839193,weighted_sample
6567,-87.3958343505859,32.9541676839193,ameriflux
6568,-94.6375010172526,32.9125010172526,weighted_sample
6569,-86.2875010172526,32.9125010172526,weighted_sample
6570,-86.1375010172526,32.9125010172526,weighted_sample
6571,-84.5875010172526,32.9125010172526,weighted_sample
6572,-85.4708343505859,32.9041676839193,weighted_sample
6573,-84.4125010172526,32.9041676839193,weighted_sample
6574,-82.7791676839193,32.9041676839193,weighted_sample
6575,-108.995834350586,32.8958343505859,weighted_sample
6576,-89.370834350586,32.8791676839193,weighted_sample
6577,-111.512501017253,32.8625010172526,weighted_sample
6578,-91.1625010172526,32.8625010172526,weighted_sample
6579,-87.2208343505859,32.8625010172526,weighted_sample
6580,-83.9541676839193,32.8625010172526,weighted_sample
6581,-81.2291676839193,32.8625010172526,weighted_sample
6582,-104.412501017253,32.8541676839193,ameriflux
6583,-103.537501017253,32.8541676839193,weighted_sample
6584,-92.3958343505859,32.8541676839193,weighted_sample
6585,-115.445834350586,32.8125010172526,ameriflux
6586,-109.587501017253,32.8125010172526,weighted_sample
6587,-115.445834350586,32.8041676839193,ameriflux
6588,-105.837501017253,32.8041676839193,ameriflux
6589,-91.6458343505859,32.8041676839193,ameriflux
6590,-116.695834350586,32.7958343505859,weighted_sample
6591,-104.145834350586,32.7958343505859,weighted_sample
6592,-89.7541676839193,32.7958343505859,weighted_sample
6593,-84.4958343505859,32.7958343505859,weighted_sample
6594,-81.1625010172526,32.7958343505859,weighted_sample
6595,-95.1708343505859,32.7791676839193,weighted_sample
6596,-82.8708343505859,32.7791676839193,weighted_sample
6597,-82.6875010172526,32.7791676839193,weighted_sample
6598,-87.1875010172526,32.7708343505859,weighted_sample
6599,-98.3458343505859,32.7625010172526,ameriflux
6600,-107.054167683919,32.7541676839193,weighted_sample
6601,-102.087501017253,32.7458343505859,weighted_sample
6602,-84.6541676839193,32.7458343505859,weighted_sample
6603,-81.5541676839193,32.7458343505859,weighted_sample
6604,-109.162501017253,32.7375010172526,weighted_sample
6605,-86.795834350586,32.7375010172526,weighted_sample
6606,-83.2875010172526,32.7375010172526,weighted_sample
6607,-94.7708343505859,32.7291676839193,weighted_sample
6608,-84.7375010172526,32.7291676839193,weighted_sample
6609,-104.670834350586,32.7208343505859,weighted_sample
6610,-110.037501017253,32.7125010172526,weighted_sample
6611,-115.662501017253,32.7041676839193,weighted_sample
6612,-84.820834350586,32.7041676839193,weighted_sample
6613,-100.254167683919,32.6958343505859,weighted_sample
6614,-95.6875010172526,32.6958343505859,weighted_sample
6615,-82.3791676839193,32.6958343505859,weighted_sample
6616,-110.137501017253,32.6875010172526,weighted_sample
6617,-108.404167683919,32.6875010172526,weighted_sample
6618,-85.4708343505859,32.6875010172526,weighted_sample
6619,-112.220834350586,32.6791676839193,weighted_sample
6620,-88.4458343505859,32.6791676839193,weighted_sample
6621,-87.5875010172526,32.6791676839193,ameriflux
6622,-85.0625010172526,32.6791676839193,weighted_sample
6623,-81.8125010172526,32.6791676839193,weighted_sample
6624,-79.9875010172526,32.6708343505859,weighted_sample
6625,-92.4291676839193,32.6625010172526,weighted_sample
6626,-108.037501017253,32.6541676839193,ameriflux
6627,-83.9375010172526,32.6541676839193,weighted_sample
6628,-82.3125010172526,32.6541676839193,weighted_sample
6629,-86.3458343505859,32.6458343505859,weighted_sample
6630,-109.354167683919,32.6375010172526,weighted_sample
6631,-104.837501017253,32.6375010172526,weighted_sample
6632,-86.7458343505859,32.6375010172526,weighted_sample
6633,-80.5375010172526,32.6375010172526,weighted_sample
6634,-110.304167683919,32.6291676839193,weighted_sample
6635,-92.8458343505859,32.6291676839193,weighted_sample
6636,-84.7375010172526,32.6291676839193,weighted_sample
6637,-106.737501017253,32.6208343505859,ameriflux
6638,-85.2625010172526,32.6125010172526,weighted_sample
6639,-85.3125010172526,32.6041676839193,weighted_sample
6640,-84.1875010172526,32.6041676839193,weighted_sample
6641,-83.9875010172526,32.6041676839193,weighted_sample
6642,-88.6291676839193,32.5958343505859,ameriflux
6643,-87.2375010172526,32.5958343505859,ameriflux
6644,-107.062501017253,32.5875010172526,ameriflux
6645,-106.845834350586,32.5875010172526,ameriflux
6646,-106.604167683919,32.5875010172526,ameriflux
6647,-106.637501017253,32.5791676839193,ameriflux
6648,-89.6708343505859,32.5791676839193,ameriflux
6649,-89.4041676839193,32.5791676839193,weighted_sample
6650,-82.5125010172526,32.5791676839193,weighted_sample
6651,-97.1041676839193,32.5708343505859,ameriflux
6652,-84.3041676839193,32.5708343505859,weighted_sample
6653,-82.3041676839193,32.5708343505859,weighted_sample
6654,-115.462501017253,32.5541676839193,weighted_sample
6655,-98.8958343505859,32.5541676839193,weighted_sample
6656,-87.8041676839193,32.5458343505859,ameriflux
6657,-86.8458343505859,32.5458343505859,weighted_sample
6658,-84.7875010172526,32.5458343505859,weighted_sample
6659,-82.6125010172526,32.5375010172526,weighted_sample
6660,-89.5958343505859,32.5291676839193,weighted_sample
6661,-83.1708343505859,32.5291676839193,weighted_sample
6662,-82.1125010172526,32.5208343505859,weighted_sample
6663,-109.004167683919,32.5125010172526,weighted_sample
6664,-94.4791676839193,32.5125010172526,weighted_sample
6665,-86.1375010172526,32.5125010172526,weighted_sample
6666,-85.7708343505859,32.5125010172526,weighted_sample
6667,-105.562501017253,32.5041676839193,weighted_sample
6668,-83.3125010172526,32.4958343505859,weighted_sample
6669,-83.4791676839193,32.4875010172526,weighted_sample
6670,-107.370834350586,32.4791676839193,ameriflux
6671,-108.329167683919,32.4625010172526,weighted_sample
6672,-104.354167683919,32.4625010172526,weighted_sample
6673,-91.9708343505859,32.4541676839193,ameriflux
6674,-111.095834350586,32.4458343505859,weighted_sample
6675,-98.820834350586,32.4458343505859,weighted_sample
6676,-92.3708343505859,32.4458343505859,weighted_sample
6677,-89.0958343505859,32.4458343505859,weighted_sample
6678,-88.4291676839193,32.4458343505859,weighted_sample
6679,-105.787501017253,32.4375010172526,weighted_sample
6680,-90.4875010172526,32.4375010172526,weighted_sample
6681,-115.295834350586,32.4291676839193,weighted_sample
6682,-111.004167683919,32.4291676839193,weighted_sample
6683,-81.8791676839193,32.4291676839193,ameriflux
6684,-110.729167683919,32.4208343505859,ameriflux
6685,-107.495834350586,32.4208343505859,weighted_sample
6686,-88.8875010172526,32.4125010172526,weighted_sample
6687,-83.745834350586,32.4041676839193,weighted_sample
6688,-102.570834350586,32.3958343505859,weighted_sample
6689,-101.129167683919,32.3958343505859,ameriflux
6690,-81.5958343505859,32.3958343505859,weighted_sample
6691,-81.2625010172526,32.3791676839193,weighted_sample
6692,-95.6041676839193,32.3625010172526,weighted_sample
6693,-93.3541676839193,32.3625010172526,weighted_sample
6694,-92.9458343505859,32.3625010172526,weighted_sample
6695,-90.3791676839193,32.3625010172526,weighted_sample
6696,-87.9708343505859,32.3541676839193,ameriflux
6697,-82.9791676839193,32.3541676839193,weighted_sample
6698,-109.704167683919,32.3375010172526,weighted_sample
6699,-106.070834350586,32.3375010172526,weighted_sample
6700,-94.4875010172526,32.3291676839193,weighted_sample
6701,-82.6208343505859,32.3125010172526,weighted_sample
6702,-90.3291676839193,32.2958343505859,ameriflux
6703,-83.7041676839193,32.2958343505859,weighted_sample
6704,-105.854167683919,32.2875010172526,weighted_sample
6705,-94.2458343505859,32.2875010172526,weighted_sample
6706,-93.9541676839193,32.2875010172526,ameriflux
6707,-107.037501017253,32.2791676839193,weighted_sample
6708,-88.9875010172526,32.2708343505859,weighted_sample
6709,-91.1208343505859,32.2625010172526,weighted_sample
6710,-83.1791676839193,32.2541676839193,weighted_sample
6711,-81.5208343505859,32.2541676839193,weighted_sample
6712,-84.5208343505859,32.2458343505859,weighted_sample
6713,-112.179167683919,32.2208343505859,weighted_sample
6714,-83.9625010172526,32.2208343505859,weighted_sample
6715,-82.2458343505859,32.2208343505859,weighted_sample
6716,-110.245834350586,32.2125010172526,weighted_sample
6717,-116.654167683919,32.2041676839193,weighted_sample
6718,-107.970834350586,32.2041676839193,weighted_sample
6719,-94.4041676839193,32.2041676839193,weighted_sample
6720,-87.8708343505859,32.2041676839193,weighted_sample
6721,-106.612501017253,32.1958343505859,ameriflux
6722,-89.295834350586,32.1958343505859,weighted_sample
6723,-112.195834350586,32.1875010172526,weighted_sample
6724,-108.912501017253,32.1875010172526,ameriflux
6725,-105.537501017253,32.1875010172526,weighted_sample
6726,-89.2541676839193,32.1875010172526,weighted_sample
6727,-116.520834350586,32.1791676839193,weighted_sample
6728,-109.679167683919,32.1708343505859,weighted_sample
6729,-81.6875010172526,32.1708343505859,weighted_sample
6730,-82.8958343505859,32.1541676839193,weighted_sample
6731,-89.820834350586,32.1458343505859,weighted_sample
6732,-96.8125010172526,32.1375010172526,weighted_sample
6733,-85.1875010172526,32.1375010172526,weighted_sample
6734,-94.1041676839193,32.1208343505859,weighted_sample
6735,-85.5041676839193,32.1208343505859,weighted_sample
6736,-94.5958343505859,32.1041676839193,weighted_sample
6737,-92.4708343505859,32.1041676839193,weighted_sample
6738,-106.120834350586,32.0958343505859,weighted_sample
6739,-83.1708343505859,32.0958343505859,weighted_sample
6740,-85.3541676839193,32.0875010172526,weighted_sample
6741,-82.1458343505859,32.0875010172526,weighted_sample
6742,-84.2625010172526,32.0791676839193,weighted_sample
6743,-116.620834350586,32.0708343505859,ameriflux
6744,-105.245834350586,32.0708343505859,weighted_sample
6745,-88.7375010172526,32.0708343505859,weighted_sample
6746,-82.8625010172526,32.0625010172526,weighted_sample
6747,-111.545834350586,32.0541676839193,weighted_sample
6748,-84.6458343505859,32.0541676839193,weighted_sample
6749,-106.595834350586,32.0458343505859,weighted_sample
6750,-98.370834350586,32.0458343505859,ameriflux
6751,-86.5375010172526,32.0375010172526,weighted_sample
6752,-116.604167683919,32.0291676839193,ameriflux
6753,-112.712501017253,32.0291676839193,weighted_sample
6754,-106.804167683919,32.0291676839193,ameriflux
6755,-116.062501017253,32.0208343505859,weighted_sample
6756,-89.3041676839193,32.0125010172526,weighted_sample
6757,-86.695834350586,32.0125010172526,weighted_sample
6758,-115.845834350586,31.9958343505859,weighted_sample
6759,-83.3041676839193,31.9958343505859,weighted_sample
6760,-95.3375010172526,31.9875010172526,weighted_sample
6761,-87.9541676839193,31.9791676839193,ameriflux
6762,-91.4458343505859,31.9625010172526,weighted_sample
6763,-85.2958343505859,31.9625010172526,weighted_sample
6764,-112.254167683919,31.9541676839193,weighted_sample
6765,-85.4541676839193,31.9541676839193,weighted_sample
6766,-85.1958343505859,31.9458343505859,weighted_sample
6767,-90.3958343505859,31.9375010172526,weighted_sample
6768,-112.720834350586,31.9291676839193,weighted_sample
6769,-94.5791676839193,31.9291676839193,weighted_sample
6770,-86.0375010172526,31.9291676839193,weighted_sample
6771,-110.837501017253,31.9125010172526,ameriflux
6772,-110.837501017253,31.9041676839193,ameriflux
6773,-87.2458343505859,31.9041676839193,weighted_sample
6774,-85.5625010172526,31.9041676839193,weighted_sample
6775,-94.4708343505859,31.8958343505859,weighted_sample
6776,-96.8958343505859,31.8875010172526,weighted_sample
6777,-94.0125010172526,31.8875010172526,weighted_sample
6778,-93.5125010172526,31.8875010172526,weighted_sample
6779,-89.0875010172526,31.8875010172526,weighted_sample
6780,-82.7458343505859,31.8875010172526,weighted_sample
6781,-82.1708343505859,31.8875010172526,weighted_sample
6782,-88.5375010172526,31.8791676839193,weighted_sample
6783,-85.3958343505859,31.8791676839193,weighted_sample
6784,-84.5791676839193,31.8791676839193,weighted_sample
6785,-95.2708343505859,31.8708343505859,weighted_sample
6786,-84.8875010172526,31.8708343505859,weighted_sample
6787,-106.387501017253,31.8625010172526,weighted_sample
6788,-95.5291676839193,31.8625010172526,weighted_sample
6789,-85.5125010172526,31.8625010172526,weighted_sample
6790,-88.1625010172526,31.8541676839193,ameriflux
6791,-88.045834350586,31.8541676839193,ameriflux
6792,-97.4375010172526,31.8375010172526,weighted_sample
6793,-88.8291676839193,31.8375010172526,ameriflux
6794,-86.2291676839193,31.8291676839193,weighted_sample
6795,-85.9625010172526,31.8291676839193,weighted_sample
6796,-84.0041676839193,31.8291676839193,weighted_sample
6797,-110.862501017253,31.8208343505859,ameriflux
6798,-110.854167683919,31.8208343505859,ameriflux
6799,-108.079167683919,31.8208343505859,weighted_sample
6800,-82.8708343505859,31.8208343505859,weighted_sample
6801,-107.354167683919,31.8125010172526,weighted_sample
6802,-87.5125010172526,31.8125010172526,ameriflux
6803,-94.8791676839193,31.8041676839193,weighted_sample
6804,-93.6958343505859,31.7958343505859,weighted_sample
6805,-110.829167683919,31.7875010172526,ameriflux
6806,-83.3625010172526,31.7875010172526,weighted_sample
6807,-103.254167683919,31.7791676839193,weighted_sample
6808,-83.0541676839193,31.7791676839193,weighted_sample
6809,-90.5541676839193,31.7625010172526,weighted_sample
6810,-83.9208343505859,31.7625010172526,weighted_sample
6811,-81.9875010172526,31.7625010172526,weighted_sample
6812,-115.762501017253,31.7541676839193,weighted_sample
6813,-110.054167683919,31.7458343505859,ameriflux
6814,-95.7458343505859,31.7458343505859,weighted_sample
6815,-109.945834350586,31.7375010172526,ameriflux
6816,-102.212501017253,31.7375010172526,weighted_sample
6817,-84.1708343505859,31.7375010172526,weighted_sample
6818,-89.6125010172526,31.7291676839193,ameriflux
6819,-92.3208343505859,31.7125010172526,weighted_sample
6820,-92.0708343505859,31.7125010172526,weighted_sample
6821,-83.7958343505859,31.7125010172526,weighted_sample
6822,-86.2291676839193,31.7041676839193,weighted_sample
6823,-103.520834350586,31.6958343505859,weighted_sample
6824,-85.8125010172526,31.6958343505859,weighted_sample
6825,-84.9291676839193,31.6958343505859,weighted_sample
6826,-111.354167683919,31.6875010172526,weighted_sample
6827,-109.404167683919,31.6875010172526,weighted_sample
6828,-88.1541676839193,31.6875010172526,weighted_sample
6829,-87.9041676839193,31.6875010172526,weighted_sample
6830,-94.2625010172526,31.6791676839193,weighted_sample
6831,-94.1625010172526,31.6708343505859,weighted_sample
6832,-110.179167683919,31.6625010172526,ameriflux
6833,-111.579167683919,31.6541676839193,weighted_sample
6834,-86.4708343505859,31.6541676839193,weighted_sample
6835,-105.295834350586,31.6458343505859,weighted_sample
6836,-81.4791676839193,31.6458343505859,weighted_sample
6837,-108.912501017253,31.6375010172526,weighted_sample
6838,-93.3541676839193,31.6375010172526,weighted_sample
6839,-82.7125010172526,31.6291676839193,ameriflux
6840,-93.9375010172526,31.6208343505859,weighted_sample
6841,-87.4458343505859,31.6208343505859,ameriflux
6842,-86.5208343505859,31.5958343505859,weighted_sample
6843,-110.512501017253,31.5875010172526,ameriflux
6844,-82.4875010172526,31.5875010172526,weighted_sample
6845,-89.0208343505859,31.5791676839193,weighted_sample
6846,-81.4958343505859,31.5791676839193,weighted_sample
6847,-110.254167683919,31.5708343505859,weighted_sample
6848,-110.137501017253,31.5625010172526,ameriflux
6849,-108.795834350586,31.5625010172526,weighted_sample
6850,-86.7708343505859,31.5541676839193,weighted_sample
6851,-84.2458343505859,31.5541676839193,weighted_sample
6852,-105.954167683919,31.5458343505859,weighted_sample
6853,-94.0291676839193,31.5458343505859,weighted_sample
6854,-93.9708343505859,31.5458343505859,weighted_sample
6855,-89.445834350586,31.5458343505859,weighted_sample
6856,-84.3791676839193,31.5375010172526,weighted_sample
6857,-82.5791676839193,31.5375010172526,weighted_sample
6858,-85.2458343505859,31.5291676839193,weighted_sample
6859,-108.687501017253,31.5208343505859,weighted_sample
6860,-86.6708343505859,31.5208343505859,weighted_sample
6861,-116.495834350586,31.5125010172526,weighted_sample
6862,-85.6625010172526,31.5125010172526,weighted_sample
6863,-85.4125010172526,31.5125010172526,weighted_sample
6864,-81.4125010172526,31.5041676839193,weighted_sample
6865,-109.345834350586,31.4958343505859,weighted_sample
6866,-93.3958343505859,31.4958343505859,weighted_sample
6867,-91.0125010172526,31.4791676839193,weighted_sample
6868,-95.3375010172526,31.4625010172526,ameriflux
6869,-86.9375010172526,31.4625010172526,weighted_sample
6870,-84.7041676839193,31.4625010172526,weighted_sample
6871,-82.5875010172526,31.4625010172526,weighted_sample
6872,-102.604167683919,31.4541676839193,ameriflux
6873,-82.7041676839193,31.4541676839193,weighted_sample
6874,-110.104167683919,31.4291676839193,weighted_sample
6875,-85.1041676839193,31.4291676839193,weighted_sample
6876,-84.1208343505859,31.4291676839193,weighted_sample
6877,-103.787501017253,31.4208343505859,weighted_sample
6878,-110.462501017253,31.4125010172526,weighted_sample
6879,-107.445834350586,31.4125010172526,weighted_sample
6880,-105.512501017253,31.4125010172526,weighted_sample
6881,-110.687501017253,31.4041676839193,weighted_sample
6882,-81.9875010172526,31.3958343505859,weighted_sample
6883,-86.5791676839193,31.3875010172526,weighted_sample
6884,-82.1791676839193,31.3875010172526,weighted_sample
6885,-100.662501017253,31.3791676839193,weighted_sample
6886,-90.9625010172526,31.3791676839193,weighted_sample
6887,-90.2541676839193,31.3791676839193,weighted_sample
6888,-86.2125010172526,31.3791676839193,weighted_sample
6889,-95.3041676839193,31.3708343505859,weighted_sample
6890,-94.0625010172526,31.3708343505859,weighted_sample
6891,-89.9125010172526,31.3708343505859,weighted_sample
6892,-88.4125010172526,31.3708343505859,weighted_sample
6893,-83.6375010172526,31.3708343505859,weighted_sample
6894,-93.0791676839193,31.3625010172526,weighted_sample
6895,-104.770834350586,31.3458343505859,ameriflux
6896,-88.045834350586,31.3375010172526,weighted_sample
6897,-87.5875010172526,31.3375010172526,weighted_sample
6898,-111.412501017253,31.3291676839193,weighted_sample
6899,-88.2041676839193,31.3291676839193,weighted_sample
6900,-82.2291676839193,31.3291676839193,weighted_sample
6901,-102.095834350586,31.3208343505859,weighted_sample
6902,-98.3125010172526,31.3208343505859,ameriflux
6903,-95.9208343505859,31.3125010172526,weighted_sample
6904,-84.3041676839193,31.3125010172526,weighted_sample
6905,-104.304167683919,31.3041676839193,weighted_sample
6906,-93.8125010172526,31.2958343505859,weighted_sample
6907,-94.5291676839193,31.2875010172526,weighted_sample
6908,-90.4125010172526,31.2875010172526,weighted_sample
6909,-88.1041676839193,31.2875010172526,weighted_sample
6910,-84.7041676839193,31.2875010172526,weighted_sample
6911,-96.570834350586,31.2791676839193,weighted_sample
6912,-84.5291676839193,31.2791676839193,ameriflux
6913,-85.7708343505859,31.2708343505859,weighted_sample
6914,-84.4791676839193,31.2708343505859,ameriflux
6915,-82.9375010172526,31.2541676839193,weighted_sample
6916,-90.7458343505859,31.2458343505859,weighted_sample
6917,-88.5375010172526,31.2458343505859,weighted_sample
6918,-103.729167683919,31.2291676839193,weighted_sample
6919,-96.1625010172526,31.2291676839193,weighted_sample
6920,-105.254167683919,31.2208343505859,ameriflux
6921,-93.0541676839193,31.2208343505859,weighted_sample
6922,-88.7875010172526,31.2208343505859,ameriflux
6923,-87.1958343505859,31.2208343505859,weighted_sample
6924,-95.3791676839193,31.2125010172526,weighted_sample
6925,-86.4458343505859,31.2125010172526,weighted_sample
6926,-94.5208343505859,31.2041676839193,weighted_sample
6927,-91.3375010172526,31.2041676839193,ameriflux
6928,-89.1375010172526,31.2041676839193,weighted_sample
6929,-84.445834350586,31.2041676839193,ameriflux
6930,-108.962501017253,31.1958343505859,weighted_sample
6931,-92.7791676839193,31.1958343505859,weighted_sample
6932,-84.4708343505859,31.1958343505859,ameriflux
6933,-116.145834350586,31.1875010172526,weighted_sample
6934,-91.3458343505859,31.1875010172526,weighted_sample
6935,-87.6041676839193,31.1875010172526,ameriflux
6936,-90.6625010172526,31.1791676839193,weighted_sample
6937,-82.8125010172526,31.1791676839193,weighted_sample
6938,-95.5541676839193,31.1625010172526,weighted_sample
6939,-94.7875010172526,31.1625010172526,weighted_sample
6940,-89.9041676839193,31.1625010172526,weighted_sample
6941,-88.6375010172526,31.1625010172526,weighted_sample
6942,-81.8125010172526,31.1625010172526,weighted_sample
6943,-97.9958343505859,31.1541676839193,weighted_sample
6944,-94.9708343505859,31.1541676839193,weighted_sample
6945,-81.795834350586,31.1541676839193,weighted_sample
6946,-82.320834350586,31.1208343505859,weighted_sample
6947,-99.9875010172526,31.1125010172526,ameriflux
6948,-98.3541676839193,31.1125010172526,weighted_sample
6949,-95.1291676839193,31.1125010172526,weighted_sample
6950,-92.8208343505859,31.1041676839193,weighted_sample
6951,-82.6958343505859,31.0875010172526,weighted_sample
6952,-108.070834350586,31.0791676839193,weighted_sample
6953,-100.370834350586,31.0791676839193,ameriflux
6954,-89.0791676839193,31.0791676839193,weighted_sample
6955,-86.1208343505859,31.0791676839193,weighted_sample
6956,-90.0041676839193,31.0708343505859,weighted_sample
6957,-87.1791676839193,31.0708343505859,weighted_sample
6958,-86.6291676839193,31.0708343505859,weighted_sample
6959,-86.3625010172526,31.0708343505859,ameriflux
6960,-82.3708343505859,31.0708343505859,weighted_sample
6961,-94.9958343505859,31.0625010172526,weighted_sample
6962,-88.9791676839193,31.0625010172526,weighted_sample
6963,-86.5291676839193,31.0625010172526,weighted_sample
6964,-98.7791676839193,31.0458343505859,ameriflux
6965,-90.9125010172526,31.0458343505859,weighted_sample
6966,-89.4041676839193,31.0375010172526,weighted_sample
6967,-89.195834350586,31.0375010172526,weighted_sample
6968,-88.9958343505859,31.0375010172526,weighted_sample
6969,-88.8958343505859,31.0375010172526,weighted_sample
6970,-89.8541676839193,31.0291676839193,weighted_sample
6971,-92.8708343505859,31.0208343505859,weighted_sample
6972,-91.2125010172526,31.0208343505859,weighted_sample
6973,-89.1625010172526,31.0208343505859,weighted_sample
6974,-89.2125010172526,31.0125010172526,ameriflux
6975,-88.5458343505859,31.0125010172526,weighted_sample
6976,-81.8958343505859,31.0125010172526,weighted_sample
6977,-88.8041676839193,30.9875010172526,weighted_sample
6978,-90.6208343505859,30.9791676839193,weighted_sample
6979,-86.5875010172526,30.9791676839193,weighted_sample
6980,-115.695834350586,30.9708343505859,weighted_sample
6981,-88.9125010172526,30.9708343505859,weighted_sample
6982,-85.3791676839193,30.9708343505859,ameriflux
6983,-82.5125010172526,30.9625010172526,weighted_sample
6984,-103.279167683919,30.9458343505859,weighted_sample
6985,-94.6458343505859,30.9458343505859,weighted_sample
6986,-91.2625010172526,30.9291676839193,weighted_sample
6987,-108.745834350586,30.9208343505859,weighted_sample
6988,-88.6208343505859,30.9208343505859,ameriflux
6989,-111.179167683919,30.9125010172526,weighted_sample
6990,-94.6375010172526,30.9041676839193,weighted_sample
6991,-101.287501017253,30.8875010172526,weighted_sample
6992,-84.0125010172526,30.8791676839193,weighted_sample
6993,-85.3125010172526,30.8708343505859,weighted_sample
6994,-83.4041676839193,30.8708343505859,weighted_sample
6995,-102.812501017253,30.8541676839193,weighted_sample
6996,-83.0875010172526,30.8541676839193,weighted_sample
6997,-82.8041676839193,30.8458343505859,weighted_sample
6998,-99.2291676839193,30.8375010172526,weighted_sample
6999,-83.4875010172526,30.8375010172526,weighted_sample
7000,-115.520834350586,30.8291676839193,weighted_sample
7001,-115.220834350586,30.8291676839193,weighted_sample
7002,-89.5875010172526,30.8208343505859,weighted_sample
7003,-86.7041676839193,30.8208343505859,weighted_sample
7004,-85.9791676839193,30.8208343505859,weighted_sample
7005,-105.970834350586,30.8125010172526,weighted_sample
7006,-82.8708343505859,30.8125010172526,weighted_sample
7007,-95.7708343505859,30.8041676839193,ameriflux
7008,-90.0958343505859,30.8041676839193,weighted_sample
7009,-106.404167683919,30.7958343505859,weighted_sample
7010,-90.8791676839193,30.7958343505859,ameriflux
7011,-90.7541676839193,30.7958343505859,weighted_sample
7012,-84.2791676839193,30.7958343505859,weighted_sample
7013,-98.1375010172526,30.7875010172526,weighted_sample
7014,-97.7875010172526,30.7875010172526,weighted_sample
7015,-94.8541676839193,30.7875010172526,weighted_sample
7016,-93.8958343505859,30.7875010172526,weighted_sample
7017,-88.3125010172526,30.7791676839193,ameriflux
7018,-112.495834350586,30.7541676839193,weighted_sample
7019,-93.4291676839193,30.7541676839193,weighted_sample
7020,-84.3041676839193,30.7541676839193,weighted_sample
7021,-115.554167683919,30.7375010172526,weighted_sample
7022,-107.645834350586,30.7291676839193,weighted_sample
7023,-100.287501017253,30.7291676839193,ameriflux
7024,-90.9875010172526,30.7291676839193,ameriflux
7025,-88.8291676839193,30.7291676839193,weighted_sample
7026,-87.5375010172526,30.7291676839193,weighted_sample
7027,-112.720834350586,30.7125010172526,weighted_sample
7028,-84.295834350586,30.7125010172526,weighted_sample
7029,-83.0708343505859,30.7125010172526,weighted_sample
7030,-82.1375010172526,30.7125010172526,weighted_sample
7031,-94.8208343505859,30.7041676839193,weighted_sample
7032,-87.4541676839193,30.7041676839193,weighted_sample
7033,-86.4791676839193,30.7041676839193,weighted_sample
7034,-100.270834350586,30.6875010172526,ameriflux
7035,-89.0958343505859,30.6875010172526,weighted_sample
7036,-87.8958343505859,30.6875010172526,weighted_sample
7037,-95.7625010172526,30.6791676839193,weighted_sample
7038,-94.0708343505859,30.6791676839193,weighted_sample
7039,-83.0708343505859,30.6791676839193,weighted_sample
7040,-97.1625010172526,30.6708343505859,weighted_sample
7041,-86.8208343505859,30.6708343505859,weighted_sample
7042,-93.2791676839193,30.6625010172526,weighted_sample
7043,-104.712501017253,30.6541676839193,weighted_sample
7044,-88.820834350586,30.6541676839193,weighted_sample
7045,-93.4125010172526,30.6458343505859,weighted_sample
7046,-94.7875010172526,30.6375010172526,weighted_sample
7047,-93.9791676839193,30.6375010172526,weighted_sample
7048,-98.8875010172526,30.6291676839193,weighted_sample
7049,-95.4875010172526,30.6291676839193,weighted_sample
7050,-94.5875010172526,30.6291676839193,weighted_sample
7051,-90.1041676839193,30.6291676839193,weighted_sample
7052,-82.9708343505859,30.6291676839193,weighted_sample
7053,-88.9541676839193,30.6208343505859,weighted_sample
7054,-88.8958343505859,30.6208343505859,weighted_sample
7055,-81.9791676839193,30.6125010172526,weighted_sample
7056,-96.9291676839193,30.6041676839193,ameriflux
7057,-90.4291676839193,30.6041676839193,weighted_sample
7058,-88.6875010172526,30.6041676839193,weighted_sample
7059,-89.4875010172526,30.5958343505859,weighted_sample
7060,-85.5625010172526,30.5958343505859,weighted_sample
7061,-82.9291676839193,30.5791676839193,weighted_sample
7062,-106.429167683919,30.5708343505859,weighted_sample
7063,-95.2041676839193,30.5708343505859,weighted_sample
7064,-89.2791676839193,30.5625010172526,weighted_sample
7065,-85.9625010172526,30.5625010172526,weighted_sample
7066,-83.2541676839193,30.5625010172526,weighted_sample
7067,-83.2541676839193,30.5458343505859,weighted_sample
7068,-107.195834350586,30.5375010172526,weighted_sample
7069,-89.0458343505859,30.5375010172526,weighted_sample
7070,-103.570834350586,30.5291676839193,weighted_sample
7071,-104.562501017253,30.5125010172526,weighted_sample
7072,-96.0958343505859,30.5125010172526,weighted_sample
7073,-85.4541676839193,30.5125010172526,weighted_sample
7074,-85.3125010172526,30.5041676839193,weighted_sample
7075,-85.2875010172526,30.5041676839193,weighted_sample
7076,-81.7291676839193,30.5041676839193,weighted_sample
7077,-94.2458343505859,30.4958343505859,weighted_sample
7078,-92.3208343505859,30.4958343505859,ameriflux
7079,-87.9041676839193,30.4958343505859,weighted_sample
7080,-86.7791676839193,30.4875010172526,weighted_sample
7081,-84.8708343505859,30.4875010172526,weighted_sample
7082,-115.170834350586,30.4791676839193,weighted_sample
7083,-95.2708343505859,30.4791676839193,weighted_sample
7084,-85.8458343505859,30.4791676839193,weighted_sample
7085,-88.6875010172526,30.4708343505859,weighted_sample
7086,-86.170834350586,30.4708343505859,weighted_sample
7087,-87.8375010172526,30.4625010172526,weighted_sample
7088,-82.7375010172526,30.4625010172526,weighted_sample
7089,-101.829167683919,30.4458343505859,weighted_sample
7090,-85.5625010172526,30.4458343505859,weighted_sample
7091,-84.7458343505859,30.4458343505859,weighted_sample
7092,-93.2875010172526,30.4375010172526,weighted_sample
7093,-82.0625010172526,30.4375010172526,weighted_sample
7094,-102.837501017253,30.4291676839193,weighted_sample
7095,-93.7625010172526,30.4208343505859,weighted_sample
7096,-85.3791676839193,30.4208343505859,weighted_sample
7097,-99.0791676839193,30.4125010172526,weighted_sample
7098,-95.2041676839193,30.4125010172526,weighted_sample
7099,-85.8708343505859,30.4125010172526,weighted_sample
7100,-86.9791676839193,30.4041676839193,weighted_sample
7101,-103.529167683919,30.3958343505859,ameriflux
7102,-95.0541676839193,30.3791676839193,weighted_sample
7103,-85.9125010172526,30.3791676839193,weighted_sample
7104,-115.145834350586,30.3625010172526,weighted_sample
7105,-104.837501017253,30.3625010172526,weighted_sample
7106,-96.7291676839193,30.3625010172526,weighted_sample
7107,-84.0708343505859,30.3625010172526,weighted_sample
7108,-83.6041676839193,30.3625010172526,weighted_sample
7109,-106.479167683919,30.3291676839193,weighted_sample
7110,-115.154167683919,30.3208343505859,weighted_sample
7111,-106.920834350586,30.3208343505859,weighted_sample
7112,-86.070834350586,30.3125010172526,weighted_sample
7113,-84.8625010172526,30.3041676839193,weighted_sample
7114,-94.8541676839193,30.2958343505859,weighted_sample
7115,-82.3708343505859,30.2958343505859,weighted_sample
7116,-95.9125010172526,30.2791676839193,weighted_sample
7117,-82.4375010172526,30.2791676839193,weighted_sample
7118,-85.9125010172526,30.2625010172526,weighted_sample
7119,-104.062501017253,30.2458343505859,weighted_sample
7120,-101.545834350586,30.2458343505859,weighted_sample
7121,-94.8958343505859,30.2458343505859,weighted_sample
7122,-85.1708343505859,30.2458343505859,weighted_sample
7123,-82.3541676839193,30.2458343505859,weighted_sample
7124,-85.3875010172526,30.2375010172526,weighted_sample
7125,-95.8625010172526,30.2291676839193,weighted_sample
7126,-95.7041676839193,30.2291676839193,weighted_sample
7127,-84.4541676839193,30.2291676839193,weighted_sample
7128,-83.4041676839193,30.2291676839193,weighted_sample
7129,-103.154167683919,30.2208343505859,weighted_sample
7130,-94.8541676839193,30.2041676839193,weighted_sample
7131,-97.8791676839193,30.1791676839193,ameriflux
7132,-84.6958343505859,30.1791676839193,weighted_sample
7133,-84.7375010172526,30.1541676839193,weighted_sample
7134,-82.4041676839193,30.1541676839193,weighted_sample
7135,-93.2625010172526,30.1458343505859,weighted_sample
7136,-101.095834350586,30.1291676839193,weighted_sample
7137,-110.895834350586,30.1125010172526,weighted_sample
7138,-82.5625010172526,30.1041676839193,weighted_sample
7139,-111.779167683919,30.0958343505859,weighted_sample
7140,-81.9708343505859,30.0958343505859,weighted_sample
7141,-100.662501017253,30.0791676839193,weighted_sample
7142,-106.454167683919,30.0541676839193,weighted_sample
7143,-83.7041676839193,30.0541676839193,weighted_sample
7144,-98.5291676839193,30.0458343505859,weighted_sample
7145,-115.204167683919,30.0291676839193,weighted_sample
7146,-98.7125010172526,30.0208343505859,weighted_sample
7147,-83.3041676839193,30.0125010172526,weighted_sample
7148,-82.2958343505859,30.0125010172526,weighted_sample
7149,-81.9708343505859,30.0041676839193,weighted_sample
7150,-97.2958343505859,29.9958343505859,weighted_sample
7151,-83.2958343505859,29.9958343505859,weighted_sample
7152,-96.9625010172526,29.9875010172526,weighted_sample
7153,-94.4958343505859,29.9791676839193,weighted_sample
7154,-115.020834350586,29.9708343505859,weighted_sample
7155,-84.6541676839193,29.9708343505859,weighted_sample
7156,-110.462501017253,29.9625010172526,ameriflux
7157,-97.9958343505859,29.9458343505859,ameriflux
7158,-96.7708343505859,29.9458343505859,weighted_sample
7159,-82.3375010172526,29.9458343505859,weighted_sample
7160,-97.9875010172526,29.9375010172526,ameriflux
7161,-98.0125010172526,29.9291676839193,ameriflux
7162,-111.995834350586,29.8875010172526,weighted_sample
7163,-82.0041676839193,29.8708343505859,ameriflux
7164,-101.529167683919,29.8625010172526,weighted_sample
7165,-90.2875010172526,29.8625010172526,ameriflux
7166,-91.7958343505859,29.8208343505859,weighted_sample
7167,-103.362501017253,29.8125010172526,weighted_sample
7168,-114.570834350586,29.8041676839193,weighted_sample
7169,-82.2041676839193,29.8041676839193,ameriflux
7170,-112.395834350586,29.7958343505859,weighted_sample
7171,-94.9208343505859,29.7708343505859,ameriflux
7172,-82.2041676839193,29.7708343505859,ameriflux
7173,-82.2458343505859,29.7625010172526,ameriflux
7174,-82.1625010172526,29.7541676839193,ameriflux
7175,-85.2958343505859,29.7458343505859,weighted_sample
7176,-110.529167683919,29.7375010172526,ameriflux
7177,-82.2208343505859,29.7375010172526,ameriflux
7178,-97.2958343505859,29.7041676839193,ameriflux
7179,-81.9958343505859,29.6875010172526,ameriflux
7180,-82.2375010172526,29.6791676839193,weighted_sample
7181,-103.770834350586,29.6708343505859,weighted_sample
7182,-103.270834350586,29.6625010172526,weighted_sample
7183,-98.3791676839193,29.6625010172526,ameriflux
7184,-81.9625010172526,29.6625010172526,weighted_sample
7185,-99.9625010172526,29.6541676839193,ameriflux
7186,-103.545834350586,29.6208343505859,weighted_sample
7187,-112.470834350586,29.6041676839193,weighted_sample
7188,-110.812501017253,29.6041676839193,weighted_sample
7189,-100.379167683919,29.5875010172526,weighted_sample
7190,-101.720834350586,29.5708343505859,weighted_sample
7191,-106.737501017253,29.5625010172526,weighted_sample
7192,-81.2875010172526,29.5541676839193,weighted_sample
7193,-110.587501017253,29.5458343505859,weighted_sample
7194,-90.4458343505859,29.5041676839193,ameriflux
7195,-81.4125010172526,29.5041676839193,weighted_sample
7196,-89.9125010172526,29.4958343505859,ameriflux
7197,-102.487501017253,29.4791676839193,weighted_sample
7198,-102.279167683919,29.4791676839193,weighted_sample
7199,-102.437501017253,29.4458343505859,weighted_sample
7200,-102.120834350586,29.4291676839193,weighted_sample
7201,-106.287501017253,29.4125010172526,weighted_sample
7202,-114.437501017253,29.3958343505859,weighted_sample
7203,-97.6458343505859,29.3958343505859,ameriflux
7204,-82.8125010172526,29.3875010172526,weighted_sample
7205,-99.9541676839193,29.3625010172526,ameriflux
7206,-81.9375010172526,29.3541676839193,weighted_sample
7207,-111.270834350586,29.3458343505859,weighted_sample
7208,-82.945834350586,29.3458343505859,weighted_sample
7209,-102.487501017253,29.3208343505859,weighted_sample
7210,-101.504167683919,29.3208343505859,weighted_sample
7211,-81.5041676839193,29.3125010172526,weighted_sample
7212,-99.0208343505859,29.3041676839193,weighted_sample
7213,-82.2791676839193,29.3041676839193,weighted_sample
7214,-81.7458343505859,29.2541676839193,weighted_sample
7215,-103.312501017253,29.2458343505859,weighted_sample
7216,-95.2708343505859,29.2458343505859,weighted_sample
7217,-103.145834350586,29.2291676839193,weighted_sample
7218,-100.570834350586,29.2291676839193,ameriflux
7219,-111.545834350586,29.2125010172526,weighted_sample
7220,-81.3875010172526,29.2041676839193,weighted_sample
7221,-81.3625010172526,29.1708343505859,weighted_sample
7222,-82.5125010172526,29.1541676839193,weighted_sample
7223,-107.462501017253,29.1375010172526,weighted_sample
7224,-81.9375010172526,29.1375010172526,weighted_sample
7225,-81.5291676839193,29.1291676839193,weighted_sample
7226,-109.570834350586,29.1208343505859,weighted_sample
7227,-108.679167683919,29.1208343505859,weighted_sample
7228,-105.737501017253,29.1125010172526,weighted_sample
7229,-103.929167683919,29.1041676839193,weighted_sample
7230,-95.3875010172526,29.0875010172526,weighted_sample
7231,-81.7291676839193,29.0875010172526,weighted_sample
7232,-81.2125010172526,29.0791676839193,weighted_sample
7233,-81.4208343505859,29.0708343505859,weighted_sample
7234,-108.970834350586,29.0625010172526,weighted_sample
7235,-98.2958343505859,29.0541676839193,weighted_sample
7236,-109.404167683919,29.0458343505859,weighted_sample
7237,-103.312501017253,29.0458343505859,weighted_sample
7238,-105.054167683919,29.0291676839193,weighted_sample
7239,-102.004167683919,29.0291676839193,weighted_sample
7240,-81.5458343505859,29.0291676839193,weighted_sample
7241,-113.820834350586,28.9875010172526,weighted_sample
7242,-105.612501017253,28.9791676839193,weighted_sample
7243,-104.954167683919,28.9791676839193,weighted_sample
7244,-82.6541676839193,28.9791676839193,weighted_sample
7245,-82.4541676839193,28.9375010172526,weighted_sample
7246,-102.304167683919,28.9291676839193,weighted_sample
7247,-81.6541676839193,28.9125010172526,weighted_sample
7248,-111.720834350586,28.9041676839193,weighted_sample
7249,-109.729167683919,28.8958343505859,weighted_sample
7250,-100.937501017253,28.8625010172526,weighted_sample
7251,-97.0625010172526,28.8458343505859,weighted_sample
7252,-101.129167683919,28.8125010172526,weighted_sample
7253,-107.220834350586,28.7875010172526,weighted_sample
7254,-105.045834350586,28.7875010172526,weighted_sample
7255,-80.9958343505859,28.7875010172526,weighted_sample
7256,-82.4875010172526,28.7791676839193,ameriflux
7257,-81.4125010172526,28.7791676839193,weighted_sample
7258,-113.595834350586,28.7541676839193,weighted_sample
7259,-99.7291676839193,28.7541676839193,weighted_sample
7260,-81.9208343505859,28.7541676839193,weighted_sample
7261,-81.6625010172526,28.7541676839193,weighted_sample
7262,-105.245834350586,28.7458343505859,weighted_sample
7263,-111.545834350586,28.7208343505859,weighted_sample
7264,-82.4375010172526,28.7125010172526,weighted_sample
7265,-110.537501017253,28.6958343505859,ameriflux
7266,-107.037501017253,28.6708343505859,weighted_sample
7267,-82.3791676839193,28.6541676839193,weighted_sample
7268,-107.020834350586,28.6375010172526,weighted_sample
7269,-106.637501017253,28.6291676839193,weighted_sample
7270,-97.745834350586,28.6208343505859,weighted_sample
7271,-105.462501017253,28.6125010172526,weighted_sample
7272,-80.6708343505859,28.6125010172526,ameriflux
7273,-82.0958343505859,28.5791676839193,weighted_sample
7274,-82.2458343505859,28.5708343505859,weighted_sample
7275,-81.245834350586,28.4958343505859,weighted_sample
7276,-82.0708343505859,28.4791676839193,weighted_sample
7277,-104.195834350586,28.4708343505859,weighted_sample
7278,-81.9625010172526,28.4708343505859,weighted_sample
7279,-103.387501017253,28.4541676839193,weighted_sample
7280,-80.6708343505859,28.4541676839193,ameriflux
7281,-113.162501017253,28.4458343505859,weighted_sample
7282,-111.287501017253,28.4458343505859,weighted_sample
7283,-103.079167683919,28.4375010172526,weighted_sample
7284,-98.9791676839193,28.4291676839193,weighted_sample
7285,-106.245834350586,28.4208343505859,weighted_sample
7286,-102.870834350586,28.4125010172526,weighted_sample
7287,-99.6375010172526,28.4041676839193,weighted_sample
7288,-109.212501017253,28.3958343505859,weighted_sample
7289,-102.854167683919,28.3291676839193,weighted_sample
7290,-104.487501017253,28.3041676839193,weighted_sample
7291,-81.7208343505859,28.2791676839193,ameriflux
7292,-99.1708343505859,28.2708343505859,ameriflux
7293,-97.3875010172526,28.2625010172526,weighted_sample
7294,-82.5875010172526,28.2541676839193,weighted_sample
7295,-81.9791676839193,28.2291676839193,ameriflux
7296,-98.3458343505859,28.2125010172526,weighted_sample
7297,-98.2041676839193,28.1791676839193,weighted_sample
7298,-107.870834350586,28.1625010172526,weighted_sample
7299,-97.2291676839193,28.1291676839193,weighted_sample
7300,-81.4375010172526,28.1291676839193,ameriflux
7301,-103.420834350586,28.0708343505859,weighted_sample
7302,-104.112501017253,28.0625010172526,weighted_sample
7303,-81.4375010172526,28.0541676839193,ameriflux
7304,-81.2125010172526,28.0541676839193,weighted_sample
7305,-110.237501017253,28.0458343505859,weighted_sample
7306,-80.8875010172526,28.0208343505859,weighted_sample
7307,-104.020834350586,28.0125010172526,weighted_sample
7308,-81.6375010172526,28.0125010172526,weighted_sample
7309,-99.9375010172526,28.0041676839193,weighted_sample
7310,-110.604167683919,27.9875010172526,weighted_sample
7311,-103.895834350586,27.9625010172526,weighted_sample
7312,-113.795834350586,27.9541676839193,weighted_sample
7313,-81.9125010172526,27.9208343505859,weighted_sample
7314,-104.029167683919,27.8958343505859,weighted_sample
7315,-103.670834350586,27.8958343505859,weighted_sample
7316,-81.8041676839193,27.8791676839193,weighted_sample
7317,-80.8708343505859,27.8791676839193,weighted_sample
7318,-80.6125010172526,27.8458343505859,weighted_sample
7319,-80.5958343505859,27.8458343505859,weighted_sample
7320,-109.295834350586,27.8375010172526,ameriflux
7321,-82.1958343505859,27.8208343505859,weighted_sample
7322,-82.0541676839193,27.8125010172526,weighted_sample
7323,-106.537501017253,27.7958343505859,weighted_sample
7324,-80.545834350586,27.7708343505859,weighted_sample
7325,-98.4708343505859,27.7541676839193,weighted_sample
7326,-81.3708343505859,27.7375010172526,weighted_sample
7327,-81.2875010172526,27.7375010172526,weighted_sample
7328,-82.3125010172526,27.6375010172526,weighted_sample
7329,-101.295834350586,27.6125010172526,weighted_sample
7330,-114.537501017253,27.5625010172526,weighted_sample
7331,-98.3041676839193,27.5291676839193,weighted_sample
7332,-109.529167683919,27.5208343505859,weighted_sample
7333,-82.1125010172526,27.5208343505859,weighted_sample
7334,-103.954167683919,27.5125010172526,weighted_sample
7335,-104.187501017253,27.4958343505859,weighted_sample
7336,-114.429167683919,27.4458343505859,weighted_sample
7337,-103.820834350586,27.4375010172526,weighted_sample
7338,-81.9541676839193,27.3958343505859,ameriflux
7339,-81.9541676839193,27.3875010172526,ameriflux
7340,-105.912501017253,27.3625010172526,weighted_sample
7341,-113.404167683919,27.3375010172526,weighted_sample
7342,-112.254167683919,27.3208343505859,weighted_sample
7343,-108.579167683919,27.3208343505859,weighted_sample
7344,-103.287501017253,27.2958343505859,weighted_sample
7345,-97.9791676839193,27.2708343505859,ameriflux
7346,-108.854167683919,27.2291676839193,weighted_sample
7347,-80.5708343505859,27.2291676839193,weighted_sample
7348,-109.820834350586,27.2208343505859,weighted_sample
7349,-97.7291676839193,27.1875010172526,ameriflux
7350,-110.020834350586,27.1625010172526,weighted_sample
7351,-82.1541676839193,27.1375010172526,weighted_sample
7352,-98.7541676839193,27.1291676839193,weighted_sample
7353,-82.2625010172526,27.1041676839193,weighted_sample
7354,-109.612501017253,27.0958343505859,weighted_sample
7355,-103.029167683919,27.0791676839193,weighted_sample
7356,-108.495834350586,27.0708343505859,weighted_sample
7357,-102.437501017253,26.9708343505859,weighted_sample
7358,-104.162501017253,26.9625010172526,weighted_sample
7359,-101.195834350586,26.9541676839193,weighted_sample
7360,-109.629167683919,26.9375010172526,weighted_sample
7361,-80.2791676839193,26.9291676839193,weighted_sample
7362,-81.7041676839193,26.8791676839193,weighted_sample
7363,-104.962501017253,26.8208343505859,weighted_sample
7364,-103.862501017253,26.8208343505859,weighted_sample
7365,-101.045834350586,26.8041676839193,weighted_sample
7366,-97.6041676839193,26.7958343505859,weighted_sample
7367,-100.462501017253,26.7708343505859,weighted_sample
7368,-102.054167683919,26.7375010172526,weighted_sample
7369,-99.8875010172526,26.7375010172526,weighted_sample
7370,-97.6041676839193,26.7291676839193,weighted_sample
7371,-81.1791676839193,26.7041676839193,weighted_sample
7372,-81.1625010172526,26.6541676839193,weighted_sample
7373,-98.195834350586,26.5875010172526,weighted_sample
7374,-81.4958343505859,26.5708343505859,weighted_sample
7375,-102.695834350586,26.5291676839193,weighted_sample
7376,-80.1958343505859,26.4875010172526,weighted_sample
7377,-99.2791676839193,26.4708343505859,weighted_sample
7378,-103.737501017253,26.4458343505859,weighted_sample
7379,-103.387501017253,26.4125010172526,weighted_sample
7380,-97.6041676839193,26.3791676839193,weighted_sample
7381,-100.462501017253,26.3541676839193,weighted_sample
7382,-81.3791676839193,26.3541676839193,weighted_sample
7383,-105.745834350586,26.3375010172526,weighted_sample
7384,-101.362501017253,26.3375010172526,weighted_sample
7385,-104.237501017253,26.3041676839193,weighted_sample
7386,-101.504167683919,26.2875010172526,weighted_sample
7387,-103.112501017253,26.2291676839193,weighted_sample
7388,-99.6458343505859,26.1875010172526,weighted_sample
7389,-104.737501017253,26.1458343505859,weighted_sample
7390,-98.8875010172526,26.1208343505859,weighted_sample
7391,-97.6958343505859,26.1208343505859,weighted_sample
7392,-100.879167683919,26.1125010172526,weighted_sample
7393,-99.3708343505859,26.0958343505859,weighted_sample
7394,-81.6708343505859,26.0875010172526,weighted_sample
7395,-101.479167683919,26.0625010172526,weighted_sample
7396,-81.7041676839193,26.0458343505859,weighted_sample
7397,-108.445834350586,25.9875010172526,weighted_sample
7398,-99.8375010172526,25.9875010172526,weighted_sample
7399,-103.920834350586,25.9458343505859,weighted_sample
7400,-97.9041676839193,25.9458343505859,weighted_sample
7401,-80.9208343505859,25.9375010172526,weighted_sample
7402,-99.7125010172526,25.8625010172526,weighted_sample
7403,-108.779167683919,25.7708343505859,weighted_sample
7404,-101.370834350586,25.7541676839193,weighted_sample
7405,-80.9541676839193,25.7541676839193,ameriflux
7406,-103.045834350586,25.7291676839193,weighted_sample
7407,-81.1291676839193,25.5791676839193,ameriflux
7408,-107.979167683919,25.5541676839193,weighted_sample
7409,-80.7791676839193,25.5541676839193,ameriflux
7410,-80.8458343505859,25.4708343505859,ameriflux
7411,-108.145834350586,25.4541676839193,weighted_sample
7412,-101.070834350586,25.4458343505859,ameriflux
7413,-80.5958343505859,25.4375010172526,ameriflux
7414,-108.204167683919,25.4125010172526,weighted_sample
7415,-102.287501017253,25.4041676839193,weighted_sample
7416,-102.354167683919,25.3958343505859,weighted_sample
7417,-81.0791676839193,25.3625010172526,ameriflux
7418,-80.3791676839193,25.3541676839193,ameriflux
7419,-101.854167683919,25.3458343505859,weighted_sample
7420,-111.695834350586,25.2041676839193,weighted_sample
7421,-101.779167683919,25.2041676839193,weighted_sample
7422,-111.979167683919,25.1958343505859,weighted_sample
7423,-102.470834350586,25.1625010172526,weighted_sample
7424,-101.645834350586,25.1541676839193,weighted_sample
7425,-99.4958343505859,25.0958343505859,ameriflux
7426,-102.029167683919,25.0791676839193,weighted_sample
7427,-106.204167683919,24.9958343505859,weighted_sample
7428,-98.6708343505859,24.9708343505859,weighted_sample
7429,-106.362501017253,24.9625010172526,weighted_sample
7430,-103.904167683919,24.8875010172526,weighted_sample
7431,-99.7958343505859,24.8708343505859,weighted_sample
7432,-111.812501017253,24.8458343505859,weighted_sample
7433,-103.220834350586,24.8291676839193,weighted_sample
7434,-78.0541676839193,24.7958343505859,weighted_sample
7435,-111.370834350586,24.7708343505859,weighted_sample
7436,-76.2041676839193,24.6791676839193,weighted_sample
7437,-98.6625010172526,24.5541676839193,weighted_sample
7438,-103.545834350586,24.5375010172526,weighted_sample
7439,-99.9375010172526,24.5291676839193,weighted_sample
7440,-110.945834350586,24.5125010172526,weighted_sample
7441,-107.162501017253,24.4958343505859,weighted_sample
7442,-100.995834350586,24.4791676839193,weighted_sample
7443,-99.7958343505859,24.4625010172526,weighted_sample
7444,-101.345834350586,24.4208343505859,weighted_sample
7445,-100.562501017253,24.3875010172526,weighted_sample
7446,-107.187501017253,24.3708343505859,weighted_sample
7447,-101.537501017253,24.3208343505859,weighted_sample
7448,-101.137501017253,24.3125010172526,weighted_sample
7449,-110.795834350586,24.2958343505859,weighted_sample
7450,-107.345834350586,24.2791676839193,weighted_sample
7451,-101.137501017253,24.2541676839193,weighted_sample
7452,-106.687501017253,24.1458343505859,weighted_sample
7453,-103.454167683919,24.1375010172526,weighted_sample
7454,-110.437501017253,24.1291676839193,ameriflux
7455,-102.820834350586,24.1291676839193,weighted_sample
7456,-107.054167683919,24.0458343505859,weighted_sample
7457,-102.462501017253,24.0458343505859,weighted_sample
7458,-101.612501017253,23.9791676839193,weighted_sample
7459,-100.287501017253,23.9708343505859,weighted_sample
7460,-103.762501017253,23.9541676839193,weighted_sample
7461,-103.145834350586,23.7708343505859,weighted_sample
7462,-106.779167683919,23.7291676839193,weighted_sample
7463,-100.262501017253,23.6375010172526,weighted_sample
7464,-104.937501017253,23.5375010172526,weighted_sample
7465,-106.654167683919,23.5291676839193,weighted_sample
7466,-106.295834350586,23.3375010172526,weighted_sample
7467,-100.779167683919,23.3291676839193,weighted_sample
7468,-97.8458343505859,23.2458343505859,weighted_sample
7469,-101.304167683919,23.2291676839193,weighted_sample
7470,-106.304167683919,23.2125010172526,weighted_sample
7471,-106.212501017253,23.1708343505859,weighted_sample
7472,-106.195834350586,23.1291676839193,weighted_sample
7473,-82.2541676839193,23.1208343505859,weighted_sample
7474,-105.945834350586,22.9708343505859,weighted_sample
7475,-81.695834350586,22.9125010172526,weighted_sample
7476,-81.3875010172526,22.8875010172526,weighted_sample
7477,-81.3625010172526,22.8375010172526,weighted_sample
7478,-99.9875010172526,22.7875010172526,weighted_sample
7479,-80.9125010172526,22.7791676839193,weighted_sample
7480,-82.3125010172526,22.7625010172526,weighted_sample
7481,-80.3375010172526,22.7041676839193,weighted_sample
7482,-98.8625010172526,22.6625010172526,weighted_sample
7483,-80.620834350586,22.6291676839193,weighted_sample
7484,-101.629167683919,22.5791676839193,ameriflux
7485,-105.720834350586,22.5625010172526,weighted_sample
7486,-100.320834350586,22.5625010172526,weighted_sample
7487,-102.054167683919,22.5458343505859,weighted_sample
7488,-80.2291676839193,22.5458343505859,weighted_sample
7489,-99.3125010172526,22.5208343505859,weighted_sample
7490,-83.1458343505859,22.4458343505859,weighted_sample
7491,-104.487501017253,22.4208343505859,weighted_sample
7492,-98.2791676839193,22.4208343505859,weighted_sample
7493,-83.1625010172526,22.4208343505859,weighted_sample
7494,-80.7958343505859,22.4208343505859,weighted_sample
7495,-81.0125010172526,22.4125010172526,weighted_sample
7496,-100.404167683919,22.3958343505859,weighted_sample
7497,-105.479167683919,22.3708343505859,weighted_sample
7498,-79.0958343505859,22.3375010172526,weighted_sample
7499,-105.504167683919,22.3291676839193,weighted_sample
7500,-79.3458343505859,22.3208343505859,weighted_sample
7501,-80.6291676839193,22.3125010172526,weighted_sample
7502,-102.245834350586,22.3041676839193,weighted_sample
7503,-74.1625010172526,22.2708343505859,weighted_sample
7504,-103.812501017253,22.2625010172526,weighted_sample
7505,-105.087501017253,22.2541676839193,weighted_sample
7506,-99.0875010172526,22.1958343505859,weighted_sample
7507,-98.4541676839193,22.1958343505859,weighted_sample
7508,-99.5958343505859,22.1375010172526,weighted_sample
7509,-99.6875010172526,22.0625010172526,weighted_sample
7510,-159.487501017253,22.0458343505859,ameriflux
7511,-105.395834350586,22.0041676839193,weighted_sample
7512,-98.4625010172526,21.9625010172526,weighted_sample
7513,-105.387501017253,21.8791676839193,weighted_sample
7514,-79.695834350586,21.8791676839193,weighted_sample
7515,-99.1791676839193,21.8208343505859,weighted_sample
7516,-98.1708343505859,21.8041676839193,weighted_sample
7517,-101.612501017253,21.7958343505859,ameriflux
7518,-99.2875010172526,21.7208343505859,weighted_sample
7519,-98.2208343505859,21.7041676839193,weighted_sample
7520,-77.3625010172526,21.5291676839193,weighted_sample
7521,-101.695834350586,21.4958343505859,ameriflux
7522,-98.5791676839193,21.4791676839193,weighted_sample
7523,-100.245834350586,21.4708343505859,weighted_sample
7524,-82.9291676839193,21.4625010172526,weighted_sample
7525,-103.404167683919,21.3791676839193,weighted_sample
7526,-104.779167683919,21.3291676839193,weighted_sample
7527,-103.662501017253,21.2875010172526,weighted_sample
7528,-102.679167683919,21.1125010172526,weighted_sample
7529,-97.8708343505859,21.1125010172526,weighted_sample
7530,-102.395834350586,21.1041676839193,weighted_sample
7531,-76.3458343505859,21.1041676839193,weighted_sample
7532,-89.3958343505859,21.0958343505859,ameriflux
7533,-76.4291676839193,21.0958343505859,weighted_sample
7534,-103.187501017253,21.0875010172526,weighted_sample
7535,-102.937501017253,21.0708343505859,weighted_sample
7536,-89.995834350586,21.0458343505859,ameriflux
7537,-76.1458343505859,21.0375010172526,weighted_sample
7538,-76.3375010172526,21.0291676839193,weighted_sample
7539,-100.612501017253,20.9791676839193,weighted_sample
7540,-101.595834350586,20.9541676839193,weighted_sample
7541,-76.4791676839193,20.9458343505859,weighted_sample
7542,-103.829167683919,20.8958343505859,ameriflux
7543,-77.4375010172526,20.8875010172526,weighted_sample
7544,-101.687501017253,20.8541676839193,weighted_sample
7545,-156.487501017253,20.8208343505859,ameriflux
7546,-156.454167683919,20.8208343505859,ameriflux
7547,-98.2291676839193,20.8125010172526,weighted_sample
7548,-156.404167683919,20.7875010172526,ameriflux
7549,-89.6791676839193,20.7875010172526,weighted_sample
7550,-77.4291676839193,20.7791676839193,weighted_sample
7551,-102.979167683919,20.7708343505859,weighted_sample
7552,-77.2291676839193,20.7458343505859,weighted_sample
7553,-76.1625010172526,20.7375010172526,weighted_sample
7554,-102.054167683919,20.7041676839193,weighted_sample
7555,-76.0958343505859,20.6708343505859,weighted_sample
7556,-101.512501017253,20.6541676839193,weighted_sample
7557,-98.4291676839193,20.6208343505859,weighted_sample
7558,-98.5958343505859,20.6125010172526,ameriflux
7559,-89.7791676839193,20.5875010172526,weighted_sample
7560,-101.604167683919,20.5375010172526,weighted_sample
7561,-99.1625010172526,20.5291676839193,weighted_sample
7562,-76.5541676839193,20.4958343505859,weighted_sample
7563,-87.6791676839193,20.4291676839193,weighted_sample
7564,-75.3625010172526,20.4208343505859,weighted_sample
7565,-101.179167683919,20.4041676839193,weighted_sample
7566,-90.0958343505859,20.3625010172526,weighted_sample
7567,-102.029167683919,20.3291676839193,weighted_sample
7568,-97.7958343505859,20.2875010172526,weighted_sample
7569,-104.920834350586,20.2791676839193,weighted_sample
7570,-74.4708343505859,20.2708343505859,weighted_sample
7571,-87.7958343505859,20.2541676839193,weighted_sample
7572,-97.0958343505859,20.2458343505859,weighted_sample
7573,-99.9125010172526,20.2375010172526,weighted_sample
7574,-100.479167683919,20.2125010172526,weighted_sample
7575,-100.954167683919,20.2041676839193,weighted_sample
7576,-102.662501017253,20.1958343505859,weighted_sample
7577,-98.2458343505859,20.1875010172526,weighted_sample
7578,-87.6625010172526,20.1708343505859,weighted_sample
7579,-104.887501017253,20.1625010172526,weighted_sample
7580,-102.462501017253,20.1041676839193,weighted_sample
7581,-89.5625010172526,20.0958343505859,ameriflux
7582,-102.104167683919,20.0708343505859,weighted_sample
7583,-99.620834350586,20.0625010172526,weighted_sample
7584,-74.5708343505859,20.0625010172526,weighted_sample
7585,-100.895834350586,20.0541676839193,weighted_sample
7586,-72.7375010172526,20.0541676839193,weighted_sample
7587,-89.7041676839193,20.0125010172526,weighted_sample
7588,-76.4958343505859,20.0041676839193,weighted_sample
7589,-98.4958343505859,19.9958343505859,ameriflux
7590,-100.412501017253,19.9708343505859,weighted_sample
7591,-155.687501017253,19.9291676839193,ameriflux
7592,-155.287501017253,19.9291676839193,ameriflux
7593,-99.1708343505859,19.9291676839193,weighted_sample
7594,-101.154167683919,19.8208343505859,weighted_sample
7595,-98.995834350586,19.7958343505859,ameriflux
7596,-90.1041676839193,19.7875010172526,weighted_sample
7597,-155.729167683919,19.7708343505859,ameriflux
7598,-87.7125010172526,19.7625010172526,weighted_sample
7599,-72.9875010172526,19.7625010172526,weighted_sample
7600,-72.9541676839193,19.7541676839193,weighted_sample
7601,-155.995834350586,19.7375010172526,ameriflux
7602,-97.4625010172526,19.7375010172526,weighted_sample
7603,-72.7791676839193,19.7375010172526,weighted_sample
7604,-89.9708343505859,19.7208343505859,weighted_sample
7605,-104.945834350586,19.6958343505859,weighted_sample
7606,-101.945834350586,19.5958343505859,weighted_sample
7607,-98.5958343505859,19.5958343505859,ameriflux
7608,-96.3875010172526,19.5958343505859,ameriflux
7609,-104.104167683919,19.5875010172526,weighted_sample
7610,-96.8458343505859,19.5875010172526,weighted_sample
7611,-87.9958343505859,19.5875010172526,weighted_sample
7612,-155.320834350586,19.5541676839193,ameriflux
7613,-90.0041676839193,19.5291676839193,weighted_sample
7614,-105.037501017253,19.5125010172526,ameriflux
7615,-105.045834350586,19.4958343505859,ameriflux
7616,-98.8458343505859,19.4958343505859,ameriflux
7617,-98.7958343505859,19.4958343505859,ameriflux
7618,-98.0375010172526,19.3958343505859,weighted_sample
7619,-90.6125010172526,19.3875010172526,weighted_sample
7620,-103.420834350586,19.2958343505859,ameriflux
7621,-97.2791676839193,19.2958343505859,weighted_sample
7622,-70.6041676839193,19.2875010172526,weighted_sample
7623,-88.2375010172526,19.2791676839193,weighted_sample
7624,-72.5291676839193,19.2708343505859,weighted_sample
7625,-69.4625010172526,19.2541676839193,weighted_sample
7626,-101.054167683919,19.2375010172526,weighted_sample
7627,-87.8708343505859,19.2208343505859,weighted_sample
7628,-72.4458343505859,19.2208343505859,weighted_sample
7629,-87.5541676839193,19.1791676839193,weighted_sample
7630,-98.0541676839193,19.1291676839193,weighted_sample
7631,-72.3625010172526,19.1041676839193,weighted_sample
7632,-90.4541676839193,19.0875010172526,weighted_sample
7633,-96.2458343505859,19.0458343505859,weighted_sample
7634,-89.3375010172526,19.0041676839193,weighted_sample
7635,-96.6208343505859,18.9458343505859,weighted_sample
7636,-101.487501017253,18.9375010172526,weighted_sample
7637,-95.9791676839193,18.9041676839193,weighted_sample
7638,-71.0958343505859,18.8958343505859,weighted_sample
7639,-72.6208343505859,18.8875010172526,weighted_sample
7640,-97.4375010172526,18.8708343505859,weighted_sample
7641,-101.762501017253,18.8458343505859,weighted_sample
7642,-98.7458343505859,18.8208343505859,weighted_sample
7643,-89.2541676839193,18.8125010172526,weighted_sample
7644,-101.845834350586,18.8041676839193,weighted_sample
7645,-89.7458343505859,18.7958343505859,weighted_sample
7646,-98.8791676839193,18.7791676839193,weighted_sample
7647,-71.570834350586,18.7791676839193,weighted_sample
7648,-102.212501017253,18.7625010172526,weighted_sample
7649,-103.312501017253,18.7041676839193,weighted_sample
7650,-69.1208343505859,18.7041676839193,weighted_sample
7651,-72.1541676839193,18.6958343505859,weighted_sample
7652,-70.945834350586,18.6958343505859,weighted_sample
7653,-100.312501017253,18.6791676839193,weighted_sample
7654,-71.3541676839193,18.6791676839193,weighted_sample
7655,-96.945834350586,18.5958343505859,weighted_sample
7656,-97.9125010172526,18.5875010172526,weighted_sample
7657,-95.070834350586,18.5875010172526,ameriflux
7658,-101.204167683919,18.5625010172526,weighted_sample
7659,-98.4958343505859,18.5375010172526,weighted_sample
7660,-88.5875010172526,18.5375010172526,weighted_sample
7661,-98.9041676839193,18.5291676839193,weighted_sample
7662,-68.5625010172526,18.5041676839193,weighted_sample
7663,-101.070834350586,18.4958343505859,weighted_sample
7664,-92.2041676839193,18.4875010172526,weighted_sample
7665,-100.645834350586,18.4791676839193,weighted_sample
7666,-88.8708343505859,18.4708343505859,weighted_sample
7667,-77.9875010172526,18.4458343505859,weighted_sample
7668,-96.4791676839193,18.4208343505859,weighted_sample
7669,-101.004167683919,18.4041676839193,weighted_sample
7670,-68.6625010172526,18.3875010172526,weighted_sample
7671,-76.9125010172526,18.3625010172526,weighted_sample
7672,-95.7625010172526,18.3375010172526,weighted_sample
7673,-91.7708343505859,18.3208343505859,weighted_sample
7674,-65.8291676839193,18.3208343505859,ameriflux
7675,-65.7375010172526,18.3125010172526,ameriflux
7676,-65.7958343505859,18.2958343505859,ameriflux
7677,-77.2208343505859,18.2791676839193,weighted_sample
7678,-102.787501017253,18.2458343505859,weighted_sample
7679,-89.3458343505859,18.2458343505859,weighted_sample
7680,-96.6875010172526,18.2375010172526,weighted_sample
7681,-102.670834350586,18.2291676839193,weighted_sample
7682,-66.6458343505859,18.2291676839193,weighted_sample
7683,-71.1708343505859,18.2041676839193,weighted_sample
7684,-76.5125010172526,18.1541676839193,weighted_sample
7685,-95.4208343505859,18.1458343505859,weighted_sample
7686,-102.720834350586,18.1125010172526,weighted_sample
7687,-93.4875010172526,18.0875010172526,weighted_sample
7688,-67.0791676839193,18.0208343505859,ameriflux
7689,-93.6708343505859,18.0125010172526,weighted_sample
7690,-77.0125010172526,18.0041676839193,weighted_sample
7691,-96.6458343505859,17.9791676839193,weighted_sample
7692,-66.8708343505859,17.9708343505859,ameriflux
7693,-96.3625010172526,17.8458343505859,weighted_sample
7694,-88.7958343505859,17.8291676839193,weighted_sample
7695,-89.1125010172526,17.7875010172526,weighted_sample
7696,-101.387501017253,17.7708343505859,weighted_sample
7697,-89.3875010172526,17.7625010172526,weighted_sample
7698,-100.912501017253,17.7458343505859,weighted_sample
7699,-91.8541676839193,17.7041676839193,weighted_sample
7700,-95.7458343505859,17.6791676839193,weighted_sample
7701,-88.7708343505859,17.6708343505859,weighted_sample
7702,-94.8041676839193,17.6458343505859,weighted_sample
7703,-99.9375010172526,17.5958343505859,weighted_sample
7704,-98.6125010172526,17.5458343505859,weighted_sample
7705,-94.1625010172526,17.5291676839193,weighted_sample
7706,-88.4125010172526,17.4791676839193,weighted_sample
7707,-90.1208343505859,17.4458343505859,weighted_sample
7708,-93.2541676839193,17.3875010172526,weighted_sample
7709,-92.6541676839193,17.3375010172526,weighted_sample
7710,-100.345834350586,17.3125010172526,weighted_sample
7711,-91.4958343505859,17.3125010172526,weighted_sample
7712,-100.629167683919,17.2458343505859,weighted_sample
7713,-100.437501017253,17.1958343505859,weighted_sample
7714,-95.2458343505859,17.0791676839193,weighted_sample
7715,-100.204167683919,17.0708343505859,weighted_sample
7716,-91.3458343505859,17.0458343505859,weighted_sample
7717,-95.7625010172526,17.0041676839193,weighted_sample
7718,-96.1041676839193,16.9208343505859,weighted_sample
7719,-90.8791676839193,16.9208343505859,weighted_sample
7720,-98.9458343505859,16.8958343505859,weighted_sample
7721,-93.8458343505859,16.8958343505859,weighted_sample
7722,-95.3458343505859,16.8541676839193,weighted_sample
7723,-94.9125010172526,16.8375010172526,weighted_sample
7724,-98.9125010172526,16.8291676839193,weighted_sample
7725,-90.6541676839193,16.8208343505859,weighted_sample
7726,-96.1291676839193,16.8125010172526,weighted_sample
7727,-96.3708343505859,16.7625010172526,weighted_sample
7728,-91.5625010172526,16.7458343505859,weighted_sample
7729,-97.7125010172526,16.7208343505859,weighted_sample
7730,-88.820834350586,16.6958343505859,weighted_sample
7731,-96.3625010172526,16.6375010172526,weighted_sample
7732,-92.9208343505859,16.5708343505859,weighted_sample
7733,-89.0458343505859,16.5708343505859,weighted_sample
7734,-94.6041676839193,16.5541676839193,weighted_sample
7735,-95.6291676839193,16.4625010172526,weighted_sample
7736,-89.5208343505859,16.2875010172526,weighted_sample
7737,-94.4708343505859,16.2791676839193,weighted_sample
7738,-93.7125010172526,16.2625010172526,weighted_sample
7739,-95.1291676839193,16.2458343505859,weighted_sample
7740,-97.3375010172526,16.2375010172526,weighted_sample
7741,-93.9375010172526,16.2208343505859,weighted_sample
7742,-93.8291676839193,16.1458343505859,weighted_sample
7743,-92.3791676839193,15.7875010172526,weighted_sample
7744,-92.4375010172526,15.6875010172526,weighted_sample
7745,-92.6541676839193,15.6625010172526,weighted_sample
7746,-93.1375010172526,15.4708343505859,weighted_sample
7747,-92.7625010172526,15.4458343505859,weighted_sample
7748,-87.8958343505859,15.3708343505859,weighted_sample
7749,-92.5958343505859,15.2708343505859,weighted_sample
7750,-89.1625010172526,15.2208343505859,weighted_sample
7751,-92.5958343505859,15.1375010172526,weighted_sample
7752,-92.5208343505859,15.1375010172526,weighted_sample
7753,-88.2458343505859,15.1041676839193,weighted_sample
7754,-92.2125010172526,15.0791676839193,weighted_sample
7755,-86.5041676839193,15.0791676839193,weighted_sample
7756,-92.5291676839193,14.9041676839193,weighted_sample
7757,-91.6458343505859,14.8958343505859,weighted_sample
7758,-92.4625010172526,14.8708343505859,weighted_sample
7759,-92.1791676839193,14.8708343505859,weighted_sample
7760,-90.6291676839193,14.8041676839193,weighted_sample
7761,-91.7875010172526,14.7958343505859,weighted_sample
7762,-90.4375010172526,14.7375010172526,weighted_sample
7763,-92.2625010172526,14.6875010172526,weighted_sample
7764,-88.9375010172526,14.6625010172526,weighted_sample
7765,-91.7291676839193,14.6291676839193,weighted_sample
7766,-86.8541676839193,14.3875010172526,weighted_sample
7767,-90.4791676839193,14.3541676839193,weighted_sample
7768,-91.5375010172526,14.1708343505859,weighted_sample
7769,-87.6791676839193,13.9625010172526,weighted_sample
7770,-87.2791676839193,13.9375010172526,weighted_sample
7771,-90.8125010172526,13.9291676839193,weighted_sample
7772,-83.7541676839193,13.7375010172526,weighted_sample
7773,-87.5791676839193,13.7041676839193,weighted_sample
7774,-88.5208343505859,13.6375010172526,weighted_sample
7775,-89.2791676839193,13.5458343505859,weighted_sample
7776,-86.3125010172526,13.5458343505859,weighted_sample
7777,-85.5875010172526,13.4875010172526,weighted_sample
7778,-87.6291676839193,13.4791676839193,weighted_sample
7779,-87.9875010172526,13.4625010172526,weighted_sample
7780,-87.4541676839193,13.4375010172526,weighted_sample
7781,-88.5291676839193,13.4041676839193,weighted_sample
7782,-88.5208343505859,13.2958343505859,weighted_sample
7783,-87.1958343505859,13.2458343505859,weighted_sample
7784,-87.1958343505859,13.1875010172526,weighted_sample
7785,-87.3291676839193,13.1625010172526,weighted_sample
7786,-87.1958343505859,13.1541676839193,weighted_sample
7787,-87.320834350586,13.1458343505859,weighted_sample
7788,-87.4625010172526,12.9208343505859,weighted_sample
7789,-86.4208343505859,12.8375010172526,weighted_sample
7790,-83.9791676839193,12.6541676839193,weighted_sample
7791,-85.7875010172526,12.5125010172526,weighted_sample
7792,-84.6541676839193,12.4958343505859,weighted_sample
7793,-83.7875010172526,12.4458343505859,weighted_sample
7794,-72.0291676839193,12.2291676839193,weighted_sample
7795,-84.6291676839193,12.0625010172526,weighted_sample
7796,-68.7458343505859,12.0458343505859,weighted_sample
7797,-85.1708343505859,11.9625010172526,weighted_sample
7798,-71.8708343505859,11.8875010172526,weighted_sample
7799,-72.0291676839193,11.6041676839193,weighted_sample
7800,-72.5291676839193,11.3375010172526,weighted_sample
7801,-68.5375010172526,11.1958343505859,weighted_sample
7802,-71.7625010172526,11.0708343505859,weighted_sample
7803,-85.4958343505859,11.0208343505859,ameriflux
7804,-68.8958343505859,11.0208343505859,weighted_sample
7805,-84.6375010172526,10.9291676839193,weighted_sample
7806,-72.0958343505859,10.9208343505859,weighted_sample
7807,-68.2458343505859,10.8958343505859,weighted_sample
7808,-68.4541676839193,10.8625010172526,weighted_sample
7809,-73.2458343505859,10.8375010172526,weighted_sample
7810,-85.6125010172526,10.8125010172526,ameriflux
7811,-70.8541676839193,10.8041676839193,weighted_sample
7812,-70.2125010172526,10.7375010172526,weighted_sample
7813,-85.5958343505859,10.7208343505859,ameriflux
7814,-84.1875010172526,10.7208343505859,weighted_sample
7815,-73.9708343505859,10.7041676839193,weighted_sample
7816,-84.1125010172526,10.6958343505859,ameriflux
7817,-71.3041676839193,10.6541676839193,weighted_sample
7818,-74.0791676839193,10.6458343505859,weighted_sample
7819,-71.1541676839193,10.6291676839193,weighted_sample
7820,-75.1708343505859,10.4791676839193,weighted_sample
7821,-85.1291676839193,10.4541676839193,ameriflux
7822,-66.2125010172526,10.4291676839193,weighted_sample
7823,-84.0208343505859,10.4208343505859,ameriflux
7824,-73.3958343505859,10.4208343505859,weighted_sample
7825,-66.2541676839193,10.4125010172526,weighted_sample
7826,-85.3375010172526,10.3875010172526,ameriflux
7827,-67.7125010172526,10.3875010172526,weighted_sample
7828,-84.6208343505859,10.3791676839193,ameriflux
7829,-84.7958343505859,10.3208343505859,ameriflux
7830,-67.4041676839193,10.2708343505859,weighted_sample
7831,-62.7958343505859,10.2541676839193,weighted_sample
7832,-66.3708343505859,10.2458343505859,weighted_sample
7833,-68.8125010172526,10.2125010172526,weighted_sample
7834,-70.7791676839193,10.2041676839193,weighted_sample
7835,-68.8541676839193,10.1708343505859,weighted_sample
7836,-70.1291676839193,10.1375010172526,weighted_sample
7837,-68.9958343505859,10.1375010172526,weighted_sample
7838,-73.0375010172526,10.0458343505859,weighted_sample
7839,-72.6041676839193,10.0041676839193,weighted_sample
7840,-83.4375010172526,9.97083435058593,weighted_sample
7841,-66.0291676839193,9.91250101725259,weighted_sample
7842,-68.2125010172526,9.87083435058594,weighted_sample
7843,-68.8541676839193,9.83750101725261,weighted_sample
7844,-75.5208343505859,9.82916768391927,weighted_sample
7845,-72.6958343505859,9.82083435058594,weighted_sample
7846,-68.8708343505859,9.82083435058594,weighted_sample
7847,-65.6625010172526,9.77916768391927,weighted_sample
7848,-69.1708343505859,9.77083435058593,weighted_sample
7849,-69.8041676839193,9.7625010172526,weighted_sample
7850,-72.9125010172526,9.69583435058594,weighted_sample
7851,-83.7291676839193,9.6875010172526,weighted_sample
7852,-68.8541676839193,9.60416768391927,weighted_sample
7853,-64.1875010172526,9.59583435058593,weighted_sample
7854,-84.4875010172526,9.58750101725261,weighted_sample
7855,-73.5541676839193,9.57083435058594,weighted_sample
7856,-66.8125010172526,9.54583435058593,weighted_sample
7857,-68.4291676839193,9.53750101725259,weighted_sample
7858,-72.7375010172526,9.52916768391927,weighted_sample
7859,-69.3041676839193,9.49583435058594,weighted_sample
7860,-66.6458343505859,9.49583435058594,weighted_sample
7861,-73.9208343505859,9.44583435058594,weighted_sample
7862,-68.9791676839193,9.40416768391927,weighted_sample
7863,-70.8291676839193,9.3875010172526,weighted_sample
7864,-69.0458343505859,9.3875010172526,weighted_sample
7865,-69.2375010172526,9.37916768391926,weighted_sample
7866,-69.070834350586,9.37916768391926,weighted_sample
7867,-82.2541676839193,9.35416768391927,ameriflux
7868,-82.1625010172526,9.34583435058593,weighted_sample
7869,-67.5708343505859,9.34583435058593,weighted_sample
7870,-69.0125010172526,9.32916768391927,weighted_sample
7871,-79.6375010172526,9.32083435058594,ameriflux
7872,-69.3208343505859,9.32083435058594,weighted_sample
7873,-79.6291676839193,9.3125010172526,ameriflux
7874,-68.7291676839193,9.29583435058593,weighted_sample
7875,-79.9791676839193,9.27916768391927,ameriflux
7876,-65.7208343505859,9.27916768391927,weighted_sample
7877,-74.6708343505859,9.2625010172526,weighted_sample
7878,-69.2625010172526,9.2625010172526,weighted_sample
7879,-65.7291676839193,9.2625010172526,weighted_sample
7880,-62.0625010172526,9.24583435058594,weighted_sample
7881,-65.6958343505859,9.2375010172526,weighted_sample
7882,-72.6708343505859,9.22916768391927,weighted_sample
7883,-79.7291676839193,9.21250101725261,ameriflux
7884,-65.0208343505859,9.20416768391927,weighted_sample
7885,-69.3791676839193,9.19583435058594,weighted_sample
7886,-69.1541676839193,9.17916768391927,weighted_sample
7887,-65.7458343505859,9.17916768391927,weighted_sample
7888,-67.1625010172526,9.17083435058593,weighted_sample
7889,-65.7208343505859,9.17083435058593,weighted_sample
7890,-60.7791676839193,9.17083435058593,weighted_sample
7891,-65.7041676839193,9.15416768391927,weighted_sample
7892,-61.5041676839193,9.14583435058593,weighted_sample
7893,-69.1541676839193,9.1375010172526,weighted_sample
7894,-79.7041676839193,9.12083435058594,ameriflux
7895,-69.2375010172526,9.12083435058594,weighted_sample
7896,-65.7291676839193,9.1125010172526,weighted_sample
7897,-65.7625010172526,9.10416768391927,weighted_sample
7898,-65.8208343505859,9.07083435058594,weighted_sample
7899,-69.0625010172526,9.0625010172526,weighted_sample
7900,-68.9958343505859,9.0625010172526,weighted_sample
7901,-69.2791676839193,9.05416768391927,weighted_sample
7902,-68.7625010172526,9.05416768391927,weighted_sample
7903,-79.6125010172526,8.9875010172526,ameriflux
7904,-68.9458343505859,8.9875010172526,weighted_sample
7905,-82.9125010172526,8.97083435058593,weighted_sample
7906,-68.8125010172526,8.95416768391927,weighted_sample
7907,-72.9041676839193,8.92916768391928,weighted_sample
7908,-66.4708343505859,8.92916768391928,weighted_sample
7909,-72.1541676839193,8.92083435058594,weighted_sample
7910,-66.4541676839193,8.89583435058593,weighted_sample
7911,-71.1875010172526,8.8875010172526,weighted_sample
7912,-70.5125010172526,8.82083435058594,weighted_sample
7913,-82.9625010172526,8.7875010172526,ameriflux
7914,-67.5375010172526,8.7375010172526,weighted_sample
7915,-67.5791676839193,8.72916768391927,weighted_sample
7916,-61.4208343505859,8.6875010172526,weighted_sample
7917,-80.9791676839193,8.62916768391926,weighted_sample
7918,-68.4875010172526,8.6125010172526,weighted_sample
7919,-75.7375010172526,8.59583435058593,weighted_sample
7920,-70.4291676839193,8.59583435058593,weighted_sample
7921,-78.1708343505859,8.58750101725261,weighted_sample
7922,-71.7958343505859,8.58750101725261,weighted_sample
7923,-60.1208343505859,8.54583435058594,weighted_sample
7924,-71.2958343505859,8.45416768391927,weighted_sample
7925,-82.1458343505859,8.44583435058594,ameriflux
7926,-71.5291676839193,8.4375010172526,weighted_sample
7927,-60.0625010172526,8.42083435058594,weighted_sample
7928,-82.1791676839193,8.39583435058593,weighted_sample
7929,-74.3708343505859,8.3875010172526,weighted_sample
7930,-69.9125010172526,8.37083435058594,weighted_sample
7931,-63.1958343505859,8.33750101725261,weighted_sample
7932,-69.1541676839193,8.32083435058594,weighted_sample
7933,-68.4875010172526,8.30416768391928,weighted_sample
7934,-77.5208343505859,8.29583435058594,weighted_sample
7935,-78.2458343505859,8.25416768391926,weighted_sample
7936,-64.0125010172526,8.25416768391926,weighted_sample
7937,-72.9375010172526,8.2375010172526,weighted_sample
7938,-60.7208343505859,8.20416768391927,weighted_sample
7939,-81.9375010172526,8.19583435058594,weighted_sample
7940,-60.5791676839193,8.17916768391928,weighted_sample
7941,-68.3875010172526,8.1625010172526,weighted_sample
7942,-59.7125010172526,8.12083435058594,weighted_sample
7943,-70.2208343505859,8.10416768391927,weighted_sample
7944,-61.1125010172526,8.09583435058593,weighted_sample
7945,-68.3708343505859,8.08750101725261,weighted_sample
7946,-74.2791676839193,8.05416768391928,weighted_sample
7947,-72.4791676839193,8.05416768391928,weighted_sample
7948,-63.0708343505859,8.02916768391927,weighted_sample
7949,-62.2375010172526,8.02916768391927,weighted_sample
7950,-72.3291676839193,8.02083435058593,weighted_sample
7951,-75.1791676839193,8.0125010172526,weighted_sample
7952,-70.7208343505859,7.9875010172526,weighted_sample
7953,-75.6458343505859,7.96250101725261,weighted_sample
7954,-68.0791676839193,7.92083435058594,weighted_sample
7955,-59.5458343505859,7.89583435058593,weighted_sample
7956,-66.1208343505859,7.85416768391927,weighted_sample
7957,-59.1125010172526,7.82916768391927,weighted_sample
7958,-73.5791676839193,7.79583435058594,weighted_sample
7959,-74.9708343505859,7.75416768391926,weighted_sample
7960,-60.7291676839193,7.74583435058594,weighted_sample
7961,-59.7958343505859,7.69583435058594,weighted_sample
7962,-60.0125010172526,7.67083435058594,weighted_sample
7963,-70.8958343505859,7.62916768391926,weighted_sample
7964,-61.1125010172526,7.62083435058594,weighted_sample
7965,-77.1125010172526,7.6125010172526,weighted_sample
7966,-70.8625010172526,7.57916768391927,weighted_sample
7967,-58.8125010172526,7.5625010172526,weighted_sample
7968,-70.4708343505859,7.54583435058594,weighted_sample
7969,-80.9375010172526,7.52916768391927,weighted_sample
7970,-80.3875010172526,7.5125010172526,weighted_sample
7971,-64.8041676839193,7.50416768391926,weighted_sample
7972,-70.7708343505859,7.4875010172526,weighted_sample
7973,-72.1541676839193,7.44583435058594,weighted_sample
7974,-61.3208343505859,7.4125010172526,weighted_sample
7975,-74.5458343505859,7.33750101725261,weighted_sample
7976,-70.8875010172526,7.32083435058594,weighted_sample
7977,-59.3208343505859,7.32083435058594,weighted_sample
7978,-70.7958343505859,7.30416768391928,weighted_sample
7979,-77.2541676839193,7.2875010172526,weighted_sample
7980,-64.3541676839193,7.25416768391926,weighted_sample
7981,-69.5625010172526,7.24583435058594,weighted_sample
7982,-65.3541676839193,7.22083435058593,weighted_sample
7983,-63.4125010172526,7.22083435058593,weighted_sample
7984,-69.9625010172526,7.21250101725261,weighted_sample
7985,-71.2125010172526,7.20416768391927,weighted_sample
7986,-59.7958343505859,7.17916768391928,weighted_sample
7987,-59.1125010172526,7.17916768391928,weighted_sample
7988,-73.6291676839193,7.1625010172526,weighted_sample
7989,-64.070834350586,7.15416768391927,weighted_sample
7990,-68.2291676839193,7.12083435058594,weighted_sample
7991,-76.8791676839193,7.09583435058593,weighted_sample
7992,-59.0541676839193,7.09583435058593,weighted_sample
7993,-73.0041676839193,7.07916768391927,weighted_sample
7994,-59.5125010172526,7.07083435058594,weighted_sample
7995,-69.8125010172526,7.0625010172526,weighted_sample
7996,-63.7625010172526,7.0375010172526,weighted_sample
7997,-60.9291676839193,7.0375010172526,weighted_sample
7998,-60.8875010172526,7.02916768391927,weighted_sample
7999,-61.8625010172526,7.02083435058593,weighted_sample
8000,-71.4208343505859,7.0125010172526,weighted_sample
